timestep,id,x,y
1,1,44,44
1,2,44,45
1,3,44,46
1,4,44,47
1,5,44,48
1,6,44,49
1,7,44,50
1,8,44,51
1,9,44,52
1,10,44,53
1,11,44,54
1,12,44,55
1,13,44,56
1,14,44,57
1,15,45,44
1,16,45,45
1,17,45,46
1,18,45,47
1,19,45,48
1,20,45,49
1,21,45,50
1,22,45,51
1,23,45,52
1,24,45,53
1,25,45,54
1,26,45,55
1,27,45,56
1,28,45,57
1,29,46,44
1,30,46,45
1,31,46,46
1,32,46,47
1,33,46,48
1,34,46,49
1,35,46,50
1,36,46,51
1,37,46,52
1,38,46,53
1,39,46,54
1,40,46,55
1,41,46,56
1,42,46,57
1,43,47,44
1,44,47,45
1,45,47,46
1,46,47,47
1,47,47,48
1,48,47,49
1,49,47,50
1,50,47,51
1,51,47,52
1,52,47,53
1,53,47,54
1,54,47,55
1,55,47,56
1,56,47,57
1,57,48,44
1,58,48,45
1,59,48,46
1,60,48,47
1,61,48,48
1,62,48,49
1,63,48,50
1,64,48,51
1,65,48,52
1,66,48,53
1,67,48,54
1,68,48,55
1,69,48,56
1,70,48,57
1,71,49,44
1,72,49,45
1,73,49,46
1,74,49,47
1,75,49,48
1,76,49,49
1,77,49,50
1,78,49,51
1,79,49,52
1,80,49,53
1,81,49,54
1,82,49,55
1,83,49,56
1,84,49,57
1,85,50,44
1,86,50,45
1,87,50,46
1,88,50,47
1,89,50,48
1,90,50,49
1,91,50,50
1,92,50,51
1,93,50,52
1,94,50,53
1,95,50,54
1,96,50,55
1,97,50,56
1,98,50,57
1,99,51,44
1,100,51,45
1,101,51,46
1,102,51,47
1,103,51,48
1,104,51,49
1,105,51,50
1,106,51,51
1,107,51,52
1,108,51,53
1,109,51,54
1,110,51,55
1,111,51,56
1,112,51,57
1,113,52,44
1,114,52,45
1,115,52,46
1,116,52,47
1,117,52,48
1,118,52,49
1,119,52,50
1,120,52,51
1,121,52,52
1,122,52,53
1,123,52,54
1,124,52,55
1,125,52,56
1,126,52,57
1,127,53,44
1,128,53,45
1,129,53,46
1,130,53,47
1,131,53,48
1,132,53,49
1,133,53,50
1,134,53,51
1,135,53,52
1,136,53,53
1,137,53,54
1,138,53,55
1,139,53,56
1,140,53,57
1,141,54,44
1,142,54,45
1,143,54,46
1,144,54,47
1,145,54,48
1,146,54,49
1,147,54,50
1,148,54,51
1,149,54,52
1,150,54,53
1,151,54,54
1,152,54,55
1,153,54,56
1,154,54,57
1,155,55,44
1,156,55,45
1,157,55,46
1,158,55,47
1,159,55,48
1,160,55,49
1,161,55,50
1,162,55,51
1,163,55,52
1,164,55,53
1,165,55,54
1,166,55,55
1,167,55,56
1,168,55,57
1,169,56,44
1,170,56,45
1,171,56,46
1,172,56,47
1,173,56,48
1,174,56,49
1,175,56,50
1,176,56,51
1,177,56,52
1,178,56,53
1,179,56,54
1,180,56,55
1,181,56,56
1,182,56,57
1,183,57,44
1,184,57,45
1,185,57,46
1,186,57,47
1,187,57,48
1,188,57,49
1,189,57,50
1,190,57,51
1,191,57,52
1,192,57,53
1,193,57,54
1,194,57,55
1,195,57,56
1,196,57,57
2,1,43,43
2,2,43,46
2,3,44,45
2,4,44,46
2,5,44,47
2,6,43,48
2,7,44,49
2,8,43,51
2,9,43,53
2,10,43,52
2,11,43,54
2,12,43,56
2,13,43,55
2,14,43,58
2,15,46,43
2,16,45,44
2,17,45,45
2,18,44,48
2,19,45,47
2,20,45,48
2,21,45,49
2,22,44,52
2,23,44,51
2,24,44,54
2,25,45,53
2,26,44,55
2,27,44,57
2,28,44,58
2,29,47,43
2,30,45,46
2,31,46,45
2,32,46,46
2,33,46,47
2,34,45,50
2,35,45,51
2,36,46,50
2,37,45,52
2,38,45,54
2,39,46,53
2,40,45,56
2,41,46,55
2,42,46,58
2,43,48,43
2,44,47,44
2,45,47,45
2,46,46,48
2,47,47,47
2,48,46,49
2,49,46,51
2,50,46,52
2,51,47,51
2,52,46,54
2,53,47,53
2,54,47,54
2,55,46,56
2,56,48,58
2,57,49,43
2,58,48,44
2,59,48,45
2,60,47,48
2,61,47,49
2,62,48,48
2,63,48,49
2,64,47,52
2,65,48,51
2,66,48,52
2,67,47,55
2,68,48,54
2,69,47,56
2,70,47,58
2,71,50,43
2,72,49,44
2,73,48,46
2,74,48,47
2,75,49,47
2,76,49,48
2,77,49,49
2,78,49,50
2,79,49,51
2,80,48,53
2,81,48,55
2,82,49,54
2,83,48,56
2,84,50,58
2,85,49,45
2,86,50,44
2,87,49,46
2,88,50,46
2,89,50,47
2,90,50,48
2,91,50,49
2,92,49,52
2,93,50,51
2,94,50,52
2,95,49,53
2,96,49,56
2,97,50,55
2,98,51,58
2,99,52,43
2,100,50,45
2,101,51,45
2,102,51,46
2,103,51,47
2,104,51,48
2,105,50,50
2,106,51,50
2,107,50,53
2,108,50,54
2,109,51,53
2,110,51,54
2,111,50,57
2,112,52,58
2,113,51,43
2,114,52,44
2,115,52,45
2,116,52,46
2,117,52,47
2,118,51,49
2,119,52,49
2,120,52,50
2,121,52,51
2,122,52,52
2,123,51,55
2,124,52,54
2,125,51,56
2,126,52,56
2,127,53,43
2,128,53,44
2,129,53,45
2,130,53,46
2,131,52,48
2,132,53,48
2,133,53,49
2,134,53,50
2,135,52,53
2,136,53,52
2,137,52,55
2,138,53,54
2,139,53,55
2,140,53,56
2,141,55,43
2,142,54,44
2,143,53,47
2,144,54,46
2,145,54,47
2,146,54,48
2,147,53,51
2,148,54,50
2,149,53,53
2,150,54,52
2,151,54,53
2,152,54,54
2,153,54,55
2,154,54,58
2,155,54,43
2,156,55,44
2,157,55,45
2,158,55,46
2,159,55,47
2,160,55,48
2,161,54,51
2,162,55,50
2,163,55,51
2,164,55,52
2,165,55,53
2,166,55,54
2,167,54,57
2,168,55,58
2,169,56,43
2,170,56,44
2,171,56,45
2,172,56,46
2,173,55,49
2,174,56,48
2,175,56,49
2,176,56,50
2,177,56,51
2,178,56,52
2,179,55,55
2,180,56,54
2,181,55,57
2,182,56,56
2,183,58,43
2,184,58,45
2,185,58,47
2,186,58,46
2,187,58,49
2,188,58,50
2,189,58,51
2,190,57,50
2,191,57,51
2,192,56,53
2,193,57,53
2,194,58,54
2,195,58,56
2,196,56,57
3,1,44,42
3,2,42,47
3,3,44,44
3,4,43,46
3,5,43,47
3,6,44,47
3,7,43,49
3,8,42,51
3,9,42,52
3,10,43,53
3,11,44,53
3,12,42,57
3,13,42,55
3,14,43,59
3,15,45,43
3,16,46,44
3,17,44,46
3,18,43,48
3,19,44,48
3,20,45,47
3,21,44,50
3,22,43,52
3,23,44,52
3,24,43,54
3,25,44,54
3,26,43,55
3,27,43,58
3,28,45,57
3,29,46,42
3,30,45,45
3,31,45,46
3,32,46,45
3,33,47,46
3,34,45,49
3,35,44,51
3,36,45,50
3,37,45,51
3,38,45,53
3,39,45,52
3,40,44,56
3,41,45,54
3,42,46,59
3,43,47,43
3,44,46,43
3,45,46,46
3,46,46,47
3,47,46,48
3,48,45,48
3,49,46,50
3,50,46,51
3,51,48,50
3,52,45,55
3,53,46,53
3,54,47,53
3,55,47,57
3,56,47,59
3,57,48,42
3,58,49,43
3,59,48,44
3,60,46,49
3,61,47,50
3,62,47,48
3,63,48,48
3,64,46,52
3,65,47,52
3,66,47,51
3,67,46,54
3,68,47,55
3,69,46,57
3,70,46,58
3,71,49,42
3,72,48,45
3,73,47,45
3,74,48,46
3,75,48,47
3,76,49,47
3,77,48,49
3,78,48,51
3,79,48,52
3,80,47,54
3,81,49,55
3,82,48,54
3,83,49,57
3,84,51,59
3,85,49,44
3,86,50,43
3,87,49,45
3,88,49,46
3,89,49,48
3,90,50,47
3,91,50,48
3,92,48,53
3,93,51,51
3,94,50,51
3,95,49,52
3,96,48,57
3,97,49,56
3,98,51,57
3,99,51,42
3,100,50,44
3,101,50,45
3,102,51,45
3,103,51,46
3,104,50,49
3,105,49,50
3,106,50,50
3,107,51,52
3,108,49,54
3,109,50,52
3,110,50,54
3,111,50,56
3,112,53,58
3,113,52,43
3,114,51,43
3,115,51,44
3,116,51,47
3,117,52,46
3,118,51,50
3,119,51,48
3,120,51,49
3,121,52,50
3,122,52,51
3,123,50,55
3,124,51,53
3,125,51,55
3,126,53,57
3,127,52,44
3,128,53,43
3,129,54,45
3,130,53,45
3,131,52,47
3,132,52,49
3,133,54,49
3,134,53,49
3,135,52,52
3,136,52,53
3,137,52,54
3,138,52,55
3,139,53,54
3,140,53,55
3,141,55,42
3,142,53,44
3,143,53,48
3,144,53,46
3,145,54,46
3,146,54,47
3,147,53,50
3,148,53,51
3,149,53,52
3,150,53,53
3,151,54,52
3,152,54,53
3,153,55,56
3,154,54,59
3,155,53,42
3,156,54,43
3,157,54,44
3,158,55,45
3,159,55,46
3,160,56,47
3,161,54,50
3,162,54,51
3,163,55,50
3,164,55,51
3,165,54,54
3,166,56,55
3,167,53,56
3,168,54,57
3,169,55,44
3,170,56,43
3,171,57,46
3,172,57,45
3,173,55,48
3,174,57,49
3,175,57,48
3,176,55,49
3,177,57,52
3,178,56,51
3,179,54,56
3,180,57,55
3,181,54,58
3,182,55,57
3,183,57,43
3,184,59,45
3,185,59,46
3,186,59,47
3,187,59,49
3,188,59,50
3,189,59,52
3,190,58,51
3,191,56,50
3,192,55,52
3,193,57,54
3,194,58,53
3,195,59,55
3,196,57,56
4,1,45,41
4,2,42,48
4,3,44,45
4,4,43,45
4,5,43,46
4,6,43,47
4,7,43,50
4,8,41,52
4,9,41,53
4,10,42,52
4,11,43,53
4,12,43,57
4,13,41,55
4,14,42,59
4,15,45,44
4,16,47,44
4,17,44,47
4,18,44,49
4,19,43,48
4,20,44,46
4,21,43,51
4,22,42,51
4,23,43,52
4,24,44,53
4,25,44,55
4,26,43,54
4,27,44,57
4,28,46,56
4,29,46,41
4,30,44,44
4,31,45,47
4,32,45,45
4,33,46,45
4,34,44,48
4,35,44,50
4,36,44,51
4,37,45,50
4,38,44,52
4,39,45,53
4,40,45,57
4,41,46,55
4,42,45,59
4,43,46,42
4,44,45,43
4,45,47,47
4,46,45,46
4,47,45,49
4,48,46,47
4,49,47,49
4,50,46,50
4,51,49,51
4,52,44,54
4,53,45,52
4,54,46,53
4,55,48,56
4,56,48,60
4,57,47,43
4,58,48,42
4,59,49,43
4,60,45,48
4,61,46,49
4,62,46,48
4,63,49,49
4,64,45,51
4,65,46,51
4,66,46,52
4,67,47,53
4,68,46,54
4,69,47,57
4,70,47,58
4,71,49,41
4,72,48,44
4,73,46,44
4,74,48,45
4,75,47,46
4,76,48,46
4,77,47,48
4,78,47,50
4,79,48,51
4,80,47,55
4,81,48,55
4,82,49,55
4,83,49,58
4,84,51,58
4,85,48,43
4,86,50,42
4,87,49,44
4,88,50,46
4,89,48,48
4,90,49,48
4,91,50,47
4,92,47,52
4,93,51,51
4,94,50,51
4,95,48,53
4,96,49,57
4,97,50,57
4,98,52,56
4,99,51,41
4,100,50,43
4,101,50,44
4,102,50,45
4,103,52,45
4,104,50,48
4,105,50,49
4,106,49,50
4,107,50,53
4,108,49,53
4,109,49,52
4,110,49,54
4,111,51,56
4,112,53,59
4,113,51,42
4,114,52,42
4,115,52,43
4,116,51,46
4,117,53,47
4,118,50,50
4,119,51,47
4,120,51,48
4,121,51,50
4,122,52,50
4,123,49,56
4,124,50,54
4,125,50,55
4,126,52,58
4,127,51,43
4,128,52,44
4,129,54,45
4,130,52,46
4,131,52,48
4,132,51,49
4,133,54,48
4,134,52,49
4,135,51,52
4,136,51,54
4,137,52,53
4,138,51,55
4,139,52,54
4,140,52,55
4,141,54,41
4,142,53,45
4,143,53,49
4,144,52,47
4,145,53,46
4,146,53,48
4,147,54,49
4,148,52,51
4,149,52,52
4,150,53,54
4,151,53,51
4,152,53,52
4,153,55,55
4,154,53,60
4,155,52,41
4,156,53,44
4,157,53,43
4,158,56,44
4,159,54,46
4,160,56,46
4,161,53,50
4,162,54,52
4,163,54,50
4,164,56,52
4,165,53,55
4,166,55,56
4,167,52,57
4,168,53,57
4,169,54,44
4,170,55,43
4,171,57,47
4,172,58,44
4,173,56,47
4,174,58,48
4,175,58,47
4,176,55,48
4,177,57,51
4,178,55,51
4,179,54,55
4,180,56,55
4,181,54,57
4,182,54,56
4,183,57,44
4,184,58,46
4,185,60,46
4,186,60,47
4,187,60,50
4,188,58,49
4,189,60,51
4,190,59,51
4,191,57,50
4,192,54,51
4,193,58,54
4,194,57,54
4,195,58,56
4,196,58,57
5,1,44,41
5,2,43,49
5,3,43,44
5,4,42,46
5,5,42,47
5,6,43,46
5,7,42,49
5,8,42,53
5,9,40,52
5,10,41,53
5,11,42,52
5,12,44,56
5,13,40,56
5,14,43,60
5,15,44,43
5,16,46,43
5,17,43,47
5,18,43,50
5,19,44,49
5,20,44,45
5,21,42,50
5,22,41,52
5,23,43,53
5,24,45,54
5,25,43,56
5,26,42,55
5,27,45,58
5,28,45,55
5,29,45,42
5,30,43,45
5,31,44,46
5,32,46,46
5,33,47,44
5,34,43,48
5,35,43,51
5,36,43,52
5,37,44,51
5,38,44,53
5,39,44,52
5,40,46,58
5,41,46,56
5,42,44,59
5,43,47,41
5,44,45,44
5,45,48,47
5,46,45,47
5,47,45,50
5,48,45,46
5,49,48,50
5,50,47,51
5,51,50,52
5,52,43,55
5,53,45,53
5,54,45,52
5,55,48,57
5,56,47,59
5,57,46,42
5,58,47,43
5,59,48,42
5,60,44,47
5,61,47,49
5,62,46,49
5,63,48,49
5,64,44,50
5,65,46,50
5,66,45,51
5,67,46,52
5,68,46,55
5,69,48,58
5,70,48,59
5,71,50,41
5,72,47,45
5,73,45,43
5,74,48,44
5,75,47,47
5,76,47,46
5,77,46,47
5,78,46,51
5,79,48,52
5,80,48,54
5,81,47,56
5,82,48,55
5,83,50,58
5,84,51,57
5,85,47,42
5,86,49,43
5,87,48,45
5,88,49,46
5,89,49,49
5,90,49,47
5,91,49,48
5,92,48,51
5,93,51,51
5,94,49,51
5,95,47,53
5,96,49,58
5,97,51,58
5,98,53,56
5,99,52,40
5,100,49,42
5,101,51,45
5,102,49,44
5,103,51,44
5,104,50,47
5,105,50,48
5,106,50,51
5,107,51,53
5,108,48,53
5,109,49,53
5,110,50,53
5,111,50,56
5,112,52,60
5,113,51,41
5,114,51,42
5,115,52,42
5,116,50,45
5,117,54,47
5,118,50,49
5,119,51,46
5,120,51,47
5,121,50,50
5,122,51,50
5,123,50,57
5,124,49,55
5,125,49,54
5,126,53,59
5,127,52,43
5,128,52,45
5,129,55,45
5,130,53,47
5,131,51,48
5,132,52,48
5,133,55,49
5,134,51,49
5,135,51,52
5,136,50,55
5,137,53,53
5,138,50,54
5,139,51,54
5,140,52,54
5,141,55,41
5,142,52,44
5,143,52,50
5,144,52,46
5,145,54,45
5,146,54,48
5,147,55,50
5,148,52,51
5,149,52,53
5,150,54,53
5,151,52,52
5,152,53,51
5,153,56,54
5,154,54,59
5,155,53,40
5,156,53,45
5,157,54,42
5,158,57,45
5,159,55,46
5,160,55,47
5,161,52,49
5,162,55,52
5,163,53,49
5,164,57,52
5,165,52,55
5,166,55,55
5,167,52,58
5,168,52,56
5,169,55,44
5,170,54,44
5,171,56,48
5,172,57,43
5,173,57,47
5,174,59,48
5,175,57,46
5,176,54,49
5,177,56,51
5,178,56,50
5,179,53,54
5,180,55,54
5,181,55,58
5,182,55,56
5,183,56,45
5,184,59,47
5,185,61,45
5,186,59,46
5,187,59,49
5,188,58,50
5,189,59,50
5,190,60,52
5,191,58,49
5,192,54,52
5,193,59,55
5,194,56,55
5,195,59,56
5,196,57,56
6,1,44,40
6,2,44,48
6,3,42,43
6,4,42,45
6,5,41,47
6,6,42,46
6,7,41,48
6,8,43,54
6,9,40,53
6,10,42,54
6,11,42,53
6,12,44,57
6,13,41,55
6,14,43,59
6,15,43,43
6,16,46,44
6,17,42,47
6,18,43,49
6,19,45,49
6,20,43,46
6,21,41,50
6,22,42,52
6,23,44,54
6,24,46,54
6,25,44,56
6,26,42,56
6,27,46,59
6,28,45,56
6,29,44,41
6,30,42,44
6,31,43,47
6,32,45,45
6,33,46,45
6,34,42,49
6,35,42,50
6,36,43,51
6,37,43,52
6,38,45,54
6,39,44,53
6,40,47,58
6,41,47,57
6,42,43,60
6,43,46,41
6,44,44,43
6,45,48,48
6,46,45,48
6,47,44,49
6,48,46,46
6,49,47,50
6,50,47,52
6,51,49,52
6,52,44,55
6,53,44,52
6,54,46,53
6,55,49,57
6,56,48,60
6,57,45,41
6,58,46,43
6,59,48,41
6,60,45,46
6,61,46,48
6,62,45,50
6,63,49,50
6,64,43,50
6,65,47,49
6,66,46,50
6,67,45,51
6,68,47,54
6,69,49,59
6,70,47,60
6,71,50,42
6,72,48,46
6,73,44,44
6,74,47,44
6,75,48,47
6,76,47,47
6,77,47,46
6,78,47,51
6,79,48,52
6,80,47,55
6,81,48,57
6,82,49,56
6,83,50,59
6,84,51,56
6,85,48,43
6,86,50,44
6,87,48,44
6,88,48,45
6,89,48,49
6,90,49,46
6,91,49,49
6,92,48,50
6,93,50,52
6,94,48,51
6,95,46,52
6,96,48,58
6,97,52,59
6,98,54,56
6,99,51,40
6,100,49,43
6,101,50,46
6,102,50,43
6,103,51,45
6,104,49,48
6,105,49,47
6,106,49,51
6,107,51,53
6,108,48,54
6,109,48,53
6,110,49,53
6,111,51,55
6,112,51,60
6,113,52,40
6,114,51,41
6,115,51,43
6,116,49,44
6,117,54,46
6,118,50,48
6,119,52,47
6,120,51,46
6,121,50,51
6,122,50,49
6,123,50,56
6,124,48,55
6,125,50,53
6,126,52,60
6,127,53,43
6,128,51,44
6,129,56,44
6,130,54,47
6,131,50,47
6,132,51,47
6,133,56,49
6,134,51,48
6,135,51,51
6,136,49,54
6,137,53,52
6,138,50,55
6,139,50,54
6,140,53,55
6,141,54,41
6,142,52,45
6,143,51,49
6,144,53,47
6,145,55,45
6,146,55,49
6,147,55,51
6,148,51,52
6,149,53,53
6,150,54,54
6,151,52,53
6,152,54,51
6,153,56,53
6,154,54,58
6,155,53,41
6,156,52,44
6,157,54,43
6,158,58,45
6,159,54,45
6,160,55,46
6,161,53,50
6,162,55,53
6,163,52,49
6,164,57,53
6,165,52,54
6,166,56,54
6,167,51,59
6,168,53,57
6,169,55,43
6,170,53,44
6,171,57,49
6,172,58,42
6,173,56,48
6,174,58,47
6,175,56,47
6,176,54,50
6,177,57,50
6,178,57,51
6,179,52,55
6,180,55,55
6,181,55,57
6,182,54,57
6,183,57,46
6,184,59,48
6,185,60,46
6,186,60,47
6,187,60,48
6,188,58,51
6,189,60,49
6,190,59,51
6,191,58,48
6,192,54,53
6,193,59,54
6,194,56,56
6,195,58,56
6,196,56,55
7,1,45,40
7,2,43,48
7,3,41,43
7,4,41,46
7,5,40,48
7,6,41,45
7,7,42,48
7,8,43,53
7,9,40,52
7,10,43,54
7,11,41,54
7,12,43,56
7,13,42,55
7,14,44,58
7,15,42,43
7,16,45,44
7,17,41,48
7,18,44,48
7,19,44,50
7,20,44,47
7,21,42,51
7,22,41,52
7,23,45,55
7,24,47,53
7,25,43,55
7,26,41,57
7,27,45,59
7,28,44,56
7,29,44,42
7,30,41,44
7,31,42,46
7,32,46,44
7,33,47,45
7,34,41,49
7,35,41,50
7,36,42,52
7,37,43,51
7,38,45,53
7,39,45,52
7,40,48,59
7,41,47,58
7,42,44,59
7,43,46,42
7,44,45,42
7,45,47,48
7,46,46,49
7,47,43,49
7,48,46,45
7,49,46,51
7,50,47,52
7,51,49,52
7,52,45,56
7,53,44,51
7,54,46,54
7,55,50,58
7,56,47,59
7,57,46,41
7,58,47,42
7,59,47,40
7,60,45,45
7,61,45,47
7,62,44,49
7,63,50,50
7,64,42,50
7,65,46,48
7,66,47,50
7,67,45,50
7,68,46,53
7,69,50,60
7,70,46,59
7,71,51,42
7,72,49,45
7,73,45,43
7,74,46,43
7,75,48,48
7,76,48,46
7,77,48,47
7,78,46,50
7,79,47,51
7,80,47,56
7,81,49,58
7,82,49,57
7,83,51,58
7,84,50,57
7,85,47,43
7,86,50,45
7,87,47,44
7,88,47,46
7,89,49,50
7,90,48,45
7,91,48,49
7,92,47,49
7,93,50,52
7,94,48,50
7,95,45,51
7,96,47,57
7,97,52,58
7,98,53,56
7,99,51,39
7,100,48,44
7,101,49,46
7,102,49,42
7,103,50,46
7,104,49,49
7,105,49,48
7,106,48,52
7,107,51,54
7,108,47,55
7,109,48,54
7,110,48,53
7,111,51,56
7,112,50,59
7,113,53,39
7,114,52,41
7,115,52,42
7,116,48,43
7,117,53,46
7,118,49,47
7,119,53,48
7,120,51,45
7,121,49,51
7,122,50,48
7,123,49,55
7,124,49,56
7,125,49,53
7,126,53,61
7,127,53,42
7,128,51,43
7,129,57,45
7,130,54,48
7,131,51,46
7,132,50,47
7,133,55,50
7,134,52,47
7,135,50,51
7,136,50,53
7,137,52,52
7,138,50,56
7,139,51,55
7,140,52,56
7,141,54,42
7,142,52,46
7,143,50,49
7,144,52,48
7,145,55,44
7,146,55,48
7,147,56,51
7,148,51,51
7,149,53,52
7,150,54,55
7,151,53,53
7,152,55,52
7,153,55,54
7,154,55,59
7,155,53,40
7,156,51,44
7,157,53,43
7,158,58,46
7,159,54,44
7,160,55,47
7,161,54,49
7,162,56,53
7,163,52,50
7,164,58,53
7,165,51,53
7,166,57,53
7,167,52,60
7,168,52,57
7,169,56,43
7,170,54,45
7,171,58,49
7,172,59,43
7,173,56,49
7,174,57,47
7,175,56,48
7,176,55,49
7,177,56,50
7,178,56,52
7,179,53,54
7,180,54,56
7,181,54,58
7,182,55,58
7,183,58,47
7,184,59,49
7,185,61,45
7,186,61,47
7,187,60,47
7,188,57,51
7,189,61,49
7,190,59,50
7,191,57,49
7,192,54,52
7,193,58,55
7,194,55,57
7,195,57,57
7,196,57,56
8,1,46,40
8,2,43,47
8,3,40,43
8,4,42,45
8,5,39,49
8,6,41,46
8,7,42,49
8,8,43,52
8,9,39,53
8,10,43,53
8,11,40,53
8,12,43,57
8,13,42,56
8,14,43,58
8,15,42,44
8,16,44,44
8,17,42,48
8,18,43,48
8,19,45,49
8,20,44,46
8,21,43,50
8,22,42,53
8,23,44,54
8,24,46,52
8,25,43,54
8,26,40,57
8,27,44,60
8,28,44,57
8,29,43,43
8,30,40,44
8,31,41,45
8,32,45,44
8,33,46,46
8,34,40,49
8,35,42,51
8,36,41,52
8,37,44,52
8,38,44,53
8,39,45,53
8,40,49,60
8,41,48,58
8,42,45,60
8,43,47,41
8,44,44,42
8,45,46,47
8,46,47,48
8,47,44,48
8,48,47,45
8,49,45,52
8,50,46,51
8,51,48,51
8,52,45,55
8,53,44,50
8,54,47,54
8,55,51,59
8,56,46,58
8,57,45,41
8,58,46,41
8,59,46,39
8,60,45,46
8,61,45,48
8,62,43,49
8,63,51,49
8,64,41,50
8,65,46,49
8,66,47,50
8,67,44,51
8,68,46,54
8,69,49,61
8,70,45,59
8,71,51,41
8,72,49,44
8,73,44,43
8,74,47,42
8,75,47,47
8,76,49,45
8,77,48,46
8,78,45,50
8,79,47,52
8,80,48,56
8,81,50,58
8,82,49,58
8,83,52,59
8,84,51,58
8,85,46,42
8,86,50,44
8,87,46,45
8,88,48,47
8,89,50,50
8,90,47,46
8,91,48,48
8,92,46,50
8,93,51,52
8,94,47,51
8,95,45,51
8,96,46,57
8,97,51,57
8,98,54,57
8,99,50,40
8,100,48,45
8,101,50,45
8,102,49,43
8,103,51,47
8,104,48,50
8,105,48,49
8,106,49,52
8,107,52,54
8,108,46,56
8,109,49,54
8,110,47,53
8,111,50,57
8,112,49,59
8,113,54,39
8,114,52,40
8,115,52,41
8,116,49,42
8,117,53,47
8,118,49,48
8,119,54,47
8,120,52,45
8,121,49,50
8,122,49,47
8,123,50,54
8,124,49,57
8,125,48,53
8,126,52,61
8,127,54,41
8,128,52,42
8,129,57,46
8,130,53,49
8,131,51,45
8,132,50,48
8,133,55,51
8,134,51,48
8,135,50,52
8,136,51,54
8,137,53,51
8,138,51,56
8,139,50,55
8,140,51,55
8,141,53,42
8,142,53,45
8,143,51,50
8,144,52,49
8,145,56,45
8,146,54,48
8,147,57,50
8,148,50,51
8,149,52,52
8,150,55,56
8,151,52,53
8,152,56,51
8,153,55,55
8,154,54,59
8,155,53,39
8,156,50,43
8,157,52,44
8,158,59,45
8,159,53,43
8,160,56,47
8,161,54,50
8,162,57,54
8,163,53,50
8,164,59,54
8,165,50,53
8,166,56,54
8,167,51,61
8,168,52,56
8,169,55,42
8,170,54,44
8,171,59,48
8,172,58,44
8,173,55,50
8,174,58,48
8,175,57,47
8,176,56,48
8,177,55,49
8,178,55,52
8,179,53,55
8,180,54,55
8,181,53,59
8,182,56,59
8,183,59,46
8,184,58,50
8,185,60,44
8,186,61,48
8,187,61,46
8,188,57,52
8,189,61,50
8,190,60,50
8,191,56,49
8,192,53,53
8,193,59,56
8,194,56,57
8,195,58,57
8,196,56,56
9,1,45,39
9,2,42,46
9,3,41,43
9,4,43,44
9,5,39,48
9,6,40,47
9,7,41,49
9,8,43,51
9,9,38,53
9,10,42,54
9,11,41,53
9,12,42,58
9,13,42,55
9,14,43,57
9,15,43,45
9,16,45,43
9,17,41,48
9,18,42,48
9,19,46,48
9,20,43,47
9,21,42,49
9,22,41,54
9,23,45,54
9,24,46,53
9,25,44,54
9,26,40,56
9,27,44,59
9,28,45,56
9,29,44,44
9,30,39,44
9,31,41,46
9,32,46,44
9,33,45,47
9,34,40,48
9,35,43,52
9,36,42,53
9,37,43,53
9,38,44,52
9,39,44,53
9,40,50,61
9,41,48,57
9,42,44,60
9,43,48,41
9,44,44,41
9,45,46,46
9,46,46,47
9,47,43,48
9,48,47,44
9,49,46,52
9,50,45,52
9,51,49,51
9,52,44,55
9,53,45,49
9,54,48,55
9,55,51,60
9,56,45,57
9,57,44,40
9,58,47,41
9,59,45,40
9,60,45,45
9,61,44,48
9,62,44,50
9,63,52,50
9,64,42,51
9,65,47,49
9,66,48,51
9,67,43,50
9,68,47,54
9,69,48,62
9,70,45,60
9,71,50,42
9,72,48,43
9,73,43,42
9,74,47,43
9,75,47,48
9,76,48,44
9,77,49,46
9,78,46,49
9,79,48,52
9,80,47,57
9,81,51,59
9,82,48,59
9,83,52,58
9,84,52,57
9,85,45,42
9,86,51,44
9,87,47,45
9,88,47,47
9,89,51,49
9,90,48,46
9,91,48,47
9,92,46,51
9,93,52,51
9,94,47,52
9,95,44,51
9,96,47,56
9,97,50,56
9,98,53,57
9,99,49,41
9,100,47,46
9,101,51,46
9,102,49,44
9,103,52,47
9,104,47,50
9,105,49,49
9,106,49,53
9,107,53,54
9,108,46,57
9,109,48,54
9,110,46,54
9,111,49,58
9,112,49,60
9,113,54,38
9,114,52,39
9,115,52,40
9,116,50,41
9,117,52,48
9,118,48,49
9,119,55,47
9,120,53,46
9,121,48,50
9,122,49,48
9,123,49,54
9,124,50,57
9,125,47,53
9,126,53,61
9,127,54,42
9,128,51,43
9,129,58,46
9,130,53,48
9,131,52,45
9,132,51,47
9,133,56,52
9,134,50,47
9,135,51,53
9,136,52,55
9,137,54,52
9,138,51,57
9,139,49,56
9,140,50,54
9,141,52,43
9,142,53,44
9,143,51,51
9,144,51,50
9,145,57,44
9,146,54,47
9,147,58,49
9,148,51,52
9,149,53,52
9,150,54,56
9,151,52,52
9,152,57,51
9,153,54,54
9,154,54,60
9,155,54,39
9,156,50,44
9,157,53,45
9,158,58,45
9,159,52,44
9,160,57,46
9,161,54,49
9,162,56,55
9,163,52,49
9,164,58,55
9,165,49,52
9,166,55,54
9,167,51,62
9,168,51,56
9,169,56,42
9,170,55,44
9,171,60,47
9,172,57,43
9,173,55,51
9,174,59,48
9,175,56,47
9,176,57,49
9,177,54,50
9,178,54,53
9,179,53,56
9,180,53,55
9,181,54,59
9,182,56,58
9,183,58,47
9,184,58,51
9,185,59,45
9,186,61,49
9,187,61,47
9,188,58,53
9,189,60,49
9,190,59,50
9,191,56,48
9,192,52,53
9,193,59,57
9,194,57,57
9,195,59,58
9,196,55,56
10,1,46,38
10,2,41,45
10,3,40,42
10,4,42,45
10,5,38,47
10,6,39,47
10,7,41,50
10,8,42,50
10,9,39,54
10,10,43,55
10,11,40,52
10,12,42,57
10,13,43,56
10,14,44,58
10,15,42,44
10,16,44,42
10,17,40,49
10,18,43,49
10,19,45,48
10,20,42,46
10,21,41,48
10,22,40,55
10,23,45,53
10,24,45,54
10,25,45,55
10,26,41,55
10,27,43,58
10,28,46,55
10,29,45,43
10,30,38,45
10,31,40,45
10,32,45,44
10,33,44,46
10,34,39,49
10,35,43,51
10,36,42,54
10,37,44,54
10,38,43,53
10,39,43,54
10,40,50,60
10,41,48,56
10,42,43,59
10,43,47,42
10,44,43,41
10,45,46,45
10,46,46,46
10,47,42,47
10,48,48,45
10,49,45,51
10,50,44,52
10,51,50,50
10,52,44,56
10,53,44,49
10,54,49,55
10,55,50,61
10,56,45,58
10,57,43,40
10,58,47,40
10,59,45,41
10,60,44,44
10,61,45,49
10,62,45,50
10,63,53,51
10,64,41,51
10,65,46,50
10,66,49,50
10,67,42,49
10,68,46,53
10,69,49,62
10,70,46,61
10,71,51,42
10,72,49,42
10,73,44,41
10,74,46,43
10,75,47,49
10,76,47,43
10,77,50,45
10,78,46,48
10,79,47,51
10,80,48,58
10,81,51,60
10,82,48,60
10,83,53,58
10,84,51,58
10,85,46,41
10,86,50,43
10,87,47,44
10,88,48,48
10,89,52,50
10,90,49,45
10,91,49,47
10,92,46,52
10,93,53,50
10,94,48,51
10,95,45,52
10,96,47,55
10,97,51,55
10,98,54,58
10,99,48,40
10,100,47,45
10,101,52,46
10,102,49,43
10,103,51,46
10,104,46,49
10,105,50,48
10,106,48,53
10,107,54,55
10,108,47,57
10,109,48,55
10,110,47,54
10,111,49,57
10,112,49,59
10,113,53,38
10,114,52,38
10,115,51,41
10,116,49,40
10,117,52,47
10,118,47,50
10,119,55,46
10,120,54,45
10,121,49,51
10,122,50,49
10,123,48,54
10,124,50,56
10,125,46,54
10,126,53,60
10,127,54,41
10,128,52,42
10,129,57,47
10,130,52,48
10,131,51,44
10,132,50,46
10,133,55,53
10,134,51,48
10,135,50,52
10,136,52,54
10,137,54,51
10,138,50,58
10,139,48,57
10,140,51,53
10,141,53,43
10,142,54,44
10,143,50,51
10,144,52,51
10,145,56,44
10,146,55,47
10,147,57,48
10,148,51,51
10,149,53,53
10,150,55,55
10,151,53,52
10,152,56,51
10,153,53,54
10,154,54,61
10,155,55,40
10,156,49,44
10,157,52,45
10,158,57,45
10,159,51,45
10,160,58,45
10,161,55,49
10,162,56,54
10,163,53,49
10,164,59,56
10,165,50,53
10,166,56,55
10,167,52,63
10,168,50,55
10,169,56,43
10,170,54,43
10,171,59,46
10,172,57,42
10,173,55,52
10,174,60,48
10,175,55,48
10,176,56,49
10,177,54,49
10,178,54,54
10,179,54,56
10,180,52,55
10,181,55,60
10,182,57,58
10,183,58,48
10,184,58,50
10,185,60,46
10,186,61,48
10,187,62,47
10,188,57,54
10,189,61,49
10,190,59,51
10,191,56,47
10,192,52,52
10,193,60,56
10,194,56,56
10,195,59,57
10,196,54,57
11,1,46,37
11,2,40,46
11,3,39,43
11,4,43,44
11,5,37,46
11,6,38,46
11,7,40,51
11,8,41,50
11,9,39,55
11,10,42,55
11,11,39,53
11,12,41,57
11,13,43,57
11,14,45,57
11,15,41,43
11,16,43,43
11,17,40,48
11,18,43,48
11,19,44,47
11,20,42,45
11,21,41,49
11,22,41,56
11,23,44,53
11,24,44,55
11,25,45,56
11,26,40,55
11,27,42,59
11,28,47,56
11,29,46,44
11,30,39,44
11,31,39,46
11,32,44,45
11,33,45,46
11,34,39,48
11,35,44,51
11,36,41,54
11,37,45,55
11,38,42,52
11,39,42,53
11,40,49,61
11,41,49,56
11,42,42,58
11,43,48,43
11,44,42,40
11,45,47,46
11,46,45,47
11,47,41,47
11,48,48,44
11,49,46,51
11,50,45,51
11,51,51,49
11,52,43,55
11,53,43,49
11,54,49,54
11,55,51,61
11,56,46,58
11,57,42,41
11,58,47,39
11,59,44,40
11,60,45,45
11,61,44,48
11,62,44,50
11,63,54,50
11,64,40,50
11,65,45,50
11,66,48,50
11,67,43,50
11,68,47,52
11,69,49,63
11,70,45,62
11,71,52,43
11,72,48,42
11,73,44,42
11,74,45,43
11,75,47,48
11,76,47,42
11,77,50,44
11,78,46,47
11,79,46,50
11,80,47,59
11,81,50,61
11,82,48,61
11,83,53,59
11,84,51,57
11,85,47,40
11,86,51,42
11,87,46,45
11,88,49,48
11,89,52,49
11,90,49,46
11,91,50,47
11,92,47,51
11,93,52,50
11,94,49,52
11,95,46,52
11,96,48,56
11,97,51,54
11,98,55,58
11,99,49,41
11,100,48,45
11,101,51,47
11,102,50,43
11,103,52,46
11,104,47,49
11,105,49,47
11,106,47,53
11,107,55,54
11,108,46,57
11,109,49,55
11,110,46,55
11,111,48,58
11,112,50,60
11,113,52,39
11,114,53,38
11,115,50,42
11,116,49,39
11,117,51,46
11,118,46,49
11,119,54,47
11,120,53,45
11,121,50,50
11,122,51,50
11,123,47,54
11,124,49,57
11,125,45,54
11,126,52,60
11,127,55,42
11,128,52,41
11,129,57,46
11,130,53,47
11,131,51,43
11,132,50,45
11,133,56,53
11,134,52,48
11,135,51,52
11,136,52,53
11,137,53,51
11,138,49,58
11,139,47,58
11,140,50,54
11,141,54,42
11,142,55,44
11,143,50,52
11,144,53,50
11,145,57,43
11,146,54,46
11,147,56,48
11,148,52,51
11,149,54,52
11,150,54,55
11,151,53,53
11,152,57,50
11,153,52,54
11,154,54,60
11,155,56,39
11,156,49,43
11,157,53,44
11,158,58,44
11,159,52,45
11,160,57,44
11,161,55,50
11,162,57,53
11,163,54,48
11,164,60,55
11,165,51,53
11,166,55,56
11,167,51,62
11,168,51,56
11,169,55,43
11,170,53,43
11,171,60,47
11,172,56,41
11,173,55,53
11,174,61,47
11,175,55,47
11,176,57,49
11,177,55,48
11,178,55,55
11,179,53,55
11,180,53,56
11,181,55,59
11,182,57,59
11,183,58,47
11,184,59,50
11,185,59,45
11,186,60,48
11,187,63,47
11,188,57,55
11,189,60,49
11,190,60,52
11,191,57,48
11,192,53,52
11,193,60,57
11,194,55,57
11,195,58,57
11,196,53,57
12,1,46,38
12,2,39,45
12,3,40,42
12,4,43,45
12,5,38,45
12,6,37,46
12,7,41,51
12,8,40,49
12,9,38,54
12,10,42,56
12,11,38,53
12,12,40,57
12,13,44,56
12,14,45,58
12,15,40,44
12,16,44,44
12,17,39,49
12,18,42,49
12,19,43,46
12,20,42,46
12,21,42,50
12,22,41,57
12,23,44,52
12,24,43,56
12,25,45,57
12,26,39,54
12,27,43,59
12,28,48,57
12,29,47,44
12,30,38,44
12,31,38,46
12,32,43,44
12,33,46,46
12,34,40,47
12,35,45,52
12,36,40,54
12,37,46,56
12,38,41,52
12,39,41,53
12,40,48,62
12,41,50,57
12,42,42,59
12,43,49,44
12,44,43,40
12,45,47,47
12,46,46,48
12,47,40,48
12,48,47,43
12,49,47,50
12,50,46,51
12,51,50,48
12,52,43,54
12,53,42,48
12,54,50,55
12,55,52,62
12,56,46,59
12,57,41,41
12,58,48,40
12,59,45,39
12,60,44,45
12,61,45,47
12,62,45,51
12,63,54,49
12,64,39,50
12,65,45,49
12,66,48,49
12,67,44,49
12,68,48,51
12,69,48,64
12,70,45,61
12,71,53,42
12,72,47,41
12,73,44,41
12,74,44,43
12,75,48,47
12,76,46,41
12,77,51,45
12,78,45,48
12,79,45,50
12,80,46,60
12,81,49,62
12,82,49,61
12,83,52,58
12,84,51,58
12,85,48,39
12,86,52,42
12,87,46,44
12,88,48,48
12,89,51,48
12,90,49,45
12,91,49,46
12,92,48,50
12,93,51,51
12,94,49,51
12,95,47,52
12,96,49,56
12,97,51,55
12,98,56,57
12,99,50,40
12,100,47,45
12,101,50,46
12,102,50,44
12,103,52,47
12,104,46,50
12,105,49,48
12,106,48,54
12,107,54,53
12,108,45,56
12,109,48,55
12,110,46,54
12,111,47,57
12,112,51,59
12,113,53,39
12,114,53,37
12,115,51,42
12,116,48,38
12,117,52,46
12,118,47,48
12,119,53,46
12,120,54,45
12,121,51,49
12,122,50,51
12,123,47,53
12,124,50,58
12,125,44,54
12,126,51,60
12,127,55,41
12,128,53,41
12,129,58,46
12,130,53,48
12,131,52,44
12,132,51,44
12,133,56,52
12,134,51,47
12,135,50,53
12,136,51,54
12,137,54,50
12,138,48,59
12,139,46,58
12,140,49,55
12,141,54,43
12,142,54,44
12,143,49,53
12,144,52,49
12,145,56,42
12,146,54,47
12,147,56,49
12,148,51,50
12,149,53,51
12,150,54,56
12,151,53,54
12,152,56,50
12,153,53,53
12,154,53,60
12,155,57,38
12,156,48,42
12,157,53,45
12,158,58,43
12,159,51,46
12,160,57,43
12,161,56,51
12,162,57,52
12,163,53,49
12,164,61,56
12,165,50,54
12,166,54,55
12,167,50,61
12,168,51,57
12,169,56,43
12,170,52,43
12,171,60,46
12,172,56,40
12,173,55,54
12,174,62,47
12,175,56,47
12,176,58,49
12,177,54,48
12,178,56,56
12,179,52,54
12,180,53,55
12,181,55,60
12,182,56,58
12,183,57,47
12,184,59,49
12,185,58,45
12,186,60,47
12,187,62,48
12,188,57,56
12,189,61,48
12,190,60,51
12,191,56,48
12,192,54,51
12,193,60,58
12,194,55,58
12,195,58,58
12,196,52,56
13,1,47,38
13,2,39,46
13,3,40,43
13,4,42,44
13,5,39,44
13,6,38,45
13,7,41,50
13,8,41,49
13,9,39,53
13,10,42,57
13,11,37,54
13,12,40,58
13,13,44,55
13,14,44,57
13,15,41,43
13,16,45,43
13,17,40,50
13,18,43,50
13,19,43,45
13,20,42,45
13,21,42,49
13,22,41,56
13,23,43,53
13,24,43,55
13,25,45,58
13,26,38,54
13,27,43,58
13,28,47,56
13,29,46,45
13,30,37,45
13,31,38,47
13,32,42,43
13,33,45,45
13,34,39,47
13,35,45,53
13,36,40,55
13,37,45,55
13,38,42,53
13,39,41,54
13,40,47,63
13,41,49,58
13,42,41,59
13,43,50,45
13,44,42,40
13,45,46,46
13,46,47,49
13,47,39,48
13,48,48,43
13,49,47,51
13,50,46,52
13,51,49,47
13,52,42,55
13,53,41,48
13,54,51,56
13,55,52,63
13,56,45,59
13,57,40,42
13,58,47,40
13,59,46,40
13,60,44,44
13,61,44,47
13,62,44,51
13,63,55,50
13,64,39,51
13,65,46,49
13,66,49,49
13,67,43,48
13,68,47,50
13,69,49,64
13,70,46,61
13,71,53,43
13,72,48,40
13,73,44,42
13,74,45,42
13,75,47,47
13,76,45,41
13,77,52,45
13,78,45,49
13,79,44,49
13,80,45,60
13,81,49,63
13,82,50,60
13,83,53,58
13,84,52,58
13,85,49,38
13,86,53,42
13,87,47,43
13,88,48,47
13,89,50,49
13,90,49,44
13,91,48,46
13,92,48,49
13,93,52,51
13,94,48,51
13,95,46,51
13,96,50,57
13,97,52,55
13,98,57,57
13,99,50,39
13,100,48,45
13,101,49,46
13,102,51,43
13,103,52,48
13,104,45,50
13,105,50,48
13,106,47,54
13,107,53,52
13,108,44,56
13,109,47,55
13,110,46,53
13,111,48,57
13,112,50,59
13,113,54,40
13,114,52,37
13,115,52,41
13,116,49,37
13,117,51,45
13,118,46,48
13,119,54,46
13,120,53,46
13,121,51,48
13,122,51,52
13,123,48,52
13,124,49,57
13,125,43,54
13,126,52,60
13,127,54,42
13,128,53,40
13,129,59,45
13,130,54,49
13,131,53,44
13,132,52,44
13,133,55,52
13,134,50,46
13,135,51,53
13,136,50,53
13,137,55,49
13,138,47,60
13,139,47,58
13,140,48,56
13,141,55,44
13,142,55,43
13,143,48,54
13,144,51,49
13,145,57,42
13,146,53,48
13,147,57,50
13,148,51,51
13,149,52,50
13,150,55,57
13,151,54,53
13,152,57,51
13,153,52,53
13,154,53,59
13,155,58,37
13,156,47,42
13,157,52,46
13,158,59,44
13,159,52,47
13,160,58,42
13,161,56,50
13,162,56,51
13,163,53,50
13,164,62,57
13,165,49,55
13,166,53,54
13,167,51,60
13,168,50,58
13,169,56,42
13,170,51,44
13,171,61,46
13,172,55,41
13,173,56,53
13,174,63,47
13,175,55,47
13,176,58,48
13,177,53,47
13,178,56,57
13,179,51,55
13,180,54,55
13,181,54,60
13,182,55,59
13,183,57,46
13,184,59,50
13,185,57,44
13,186,61,47
13,187,62,49
13,188,58,56
13,189,62,48
13,190,61,50
13,191,56,47
13,192,55,51
13,193,61,58
13,194,56,58
13,195,59,59
13,196,53,57
14,1,48,39
14,2,40,45
14,3,39,42
14,4,41,45
14,5,38,44
14,6,39,46
14,7,42,50
14,8,40,48
14,9,40,52
14,10,41,57
14,11,38,53
14,12,39,59
14,13,44,54
14,14,45,56
14,15,42,44
14,16,45,44
14,17,40,49
14,18,43,51
14,19,43,46
14,20,43,45
14,21,42,48
14,22,42,57
14,23,43,52
14,24,42,54
14,25,45,57
14,26,37,55
14,27,42,58
14,28,48,55
14,29,45,46
14,30,38,45
14,31,38,48
14,32,42,42
14,33,46,44
14,34,38,47
14,35,44,53
14,36,40,54
14,37,45,54
14,38,43,53
14,39,40,53
14,40,46,63
14,41,48,58
14,42,42,60
14,43,50,44
14,44,42,39
14,45,47,46
14,46,47,48
14,47,40,47
14,48,47,44
14,49,46,50
14,50,47,51
14,51,48,48
14,52,43,55
14,53,41,49
14,54,51,57
14,55,53,63
14,56,46,59
14,57,41,43
14,58,47,41
14,59,47,40
14,60,43,43
14,61,45,48
14,62,43,50
14,63,54,51
14,64,39,50
14,65,47,49
14,66,50,50
14,67,43,47
14,68,46,49
14,69,50,65
14,70,47,62
14,71,52,42
14,72,48,41
14,73,43,41
14,74,46,41
14,75,46,46
14,76,45,42
14,77,51,46
14,78,44,48
14,79,45,49
14,80,45,59
14,81,50,63
14,82,50,61
14,83,54,59
14,84,53,58
14,85,50,37
14,86,54,41
14,87,48,42
14,88,49,47
14,89,51,50
14,90,50,45
14,91,47,45
14,92,47,50
14,93,52,52
14,94,49,52
14,95,47,52
14,96,50,56
14,97,53,56
14,98,58,57
14,99,51,39
14,100,48,46
14,101,49,45
14,102,50,42
14,103,52,49
14,104,44,50
14,105,51,47
14,106,46,55
14,107,53,51
14,108,43,56
14,109,46,54
14,110,47,54
14,111,47,57
14,112,49,58
14,113,53,39
14,114,53,38
14,115,53,42
14,116,49,36
14,117,52,45
14,118,46,47
14,119,55,46
14,120,54,47
14,121,50,48
14,122,50,51
14,123,48,51
14,124,48,57
14,125,42,55
14,126,52,59
14,127,53,41
14,128,54,39
14,129,58,46
14,130,53,49
14,131,53,45
14,132,51,45
14,133,55,53
14,134,49,46
14,135,51,52
14,136,51,53
14,137,54,49
14,138,48,60
14,139,46,58
14,140,49,57
14,141,54,43
14,142,54,44
14,143,49,53
14,144,50,49
14,145,58,43
14,146,54,48
14,147,58,51
14,148,50,52
14,149,51,49
14,150,56,56
14,151,55,54
14,152,56,52
14,153,53,52
14,154,54,58
14,155,57,37
14,156,46,42
14,157,53,46
14,158,60,43
14,159,52,48
14,160,59,43
14,161,57,51
14,162,57,52
14,163,52,51
14,164,62,56
14,165,50,54
14,166,52,53
14,167,51,59
14,168,50,57
14,169,57,42
14,170,52,43
14,171,60,47
14,172,56,40
14,173,57,53
14,174,63,46
14,175,56,48
14,176,58,49
14,177,52,46
14,178,55,56
14,179,52,56
14,180,53,54
14,181,53,59
14,182,54,60
14,183,58,47
14,184,60,51
14,185,57,43
14,186,60,46
14,187,62,50
14,188,57,55
14,189,63,49
14,190,62,49
14,191,55,47
14,192,56,50
14,193,60,59
14,194,56,59
14,195,59,58
14,196,52,57
15,1,49,39
15,2,40,46
15,3,39,41
15,4,40,45
15,5,39,43
15,6,39,45
15,7,41,50
15,8,39,47
15,9,41,51
15,10,41,58
15,11,37,53
15,12,38,59
15,13,45,55
15,14,46,57
15,15,41,44
15,16,46,43
15,17,40,50
15,18,44,51
15,19,42,45
15,20,43,44
15,21,41,47
15,22,41,56
15,23,43,51
15,24,41,55
15,25,46,56
15,26,37,56
15,27,42,59
15,28,48,56
15,29,45,47
15,30,38,46
15,31,38,49
15,32,41,42
15,33,47,43
15,34,39,48
15,35,44,54
15,36,41,53
15,37,44,55
15,38,44,53
15,39,41,52
15,40,46,62
15,41,47,58
15,42,41,59
15,43,49,43
15,44,43,39
15,45,48,47
15,46,47,47
15,47,41,48
15,48,48,45
15,49,46,51
15,50,48,50
15,51,47,48
15,52,42,56
15,53,42,48
15,54,51,58
15,55,54,64
15,56,47,60
15,57,40,42
15,58,46,40
15,59,47,39
15,60,44,43
15,61,46,48
15,62,43,49
15,63,55,52
15,64,38,51
15,65,48,48
15,66,49,49
15,67,42,46
15,68,47,49
15,69,51,65
15,70,46,61
15,71,52,41
15,72,48,40
15,73,44,40
15,74,45,41
15,75,45,46
15,76,45,43
15,77,50,46
15,78,43,47
15,79,46,49
15,80,44,59
15,81,49,64
15,82,49,60
15,83,55,60
15,84,53,57
15,85,50,36
15,86,55,41
15,87,48,43
15,88,50,47
15,89,52,50
15,90,50,44
15,91,46,45
15,92,48,49
15,93,53,53
15,94,49,51
15,95,47,51
15,96,50,55
15,97,54,55
15,98,59,56
15,99,50,39
15,100,47,45
15,101,48,46
15,102,51,41
15,103,51,50
15,104,45,50
15,105,51,46
15,106,45,54
15,107,54,52
15,108,42,57
15,109,46,53
15,110,46,55
15,111,47,56
15,112,50,59
15,113,52,39
15,114,52,38
15,115,54,42
15,116,50,37
15,117,53,44
15,118,45,48
15,119,55,45
15,120,53,47
15,121,51,47
15,122,49,50
15,123,49,52
15,124,49,58
15,125,41,54
15,126,52,60
15,127,52,40
15,128,55,38
15,129,59,46
15,130,52,49
15,131,52,45
15,132,50,45
15,133,54,54
15,134,49,47
15,135,50,51
15,136,51,54
15,137,55,48
15,138,47,61
15,139,46,59
15,140,48,58
15,141,55,43
15,142,55,44
15,143,48,53
15,144,50,48
15,145,59,44
15,146,54,49
15,147,57,50
15,148,51,51
15,149,50,49
15,150,55,57
15,151,56,54
15,152,56,51
15,153,52,52
15,154,54,59
15,155,58,37
15,156,46,41
15,157,53,45
15,158,60,42
15,159,53,48
15,160,58,42
15,161,58,52
15,162,58,53
15,163,53,52
15,164,63,55
15,165,51,55
15,166,51,52
15,167,52,58
15,168,50,56
15,169,56,43
15,170,51,44
15,171,61,46
15,172,56,39
15,173,56,53
15,174,64,46
15,175,57,48
15,176,59,48
15,177,51,45
15,178,56,56
15,179,51,57
15,180,52,53
15,181,54,58
15,182,55,61
15,183,57,47
15,184,61,52
15,185,57,44
15,186,59,45
15,187,63,51
15,188,58,54
15,189,64,49
15,190,61,49
15,191,54,48
15,192,56,49
15,193,61,58
15,194,56,60
15,195,60,57
15,196,53,56
16,1,50,38
16,2,40,47
16,3,40,40
16,4,39,44
16,5,40,44
16,6,40,45
16,7,42,49
16,8,39,46
16,9,40,52
16,10,40,57
16,11,37,54
16,12,37,60
16,13,46,54
16,14,45,57
16,15,42,44
16,16,46,44
16,17,41,49
16,18,45,52
16,19,41,44
16,20,43,45
16,21,40,48
16,22,40,56
16,23,42,50
16,24,42,55
16,25,47,55
16,26,37,57
16,27,43,58
16,28,49,57
16,29,44,46
16,30,37,47
16,31,37,50
16,32,42,42
16,33,47,44
16,34,38,48
16,35,43,53
16,36,42,53
16,37,45,55
16,38,44,54
16,39,42,51
16,40,47,62
16,41,46,57
16,42,41,58
16,43,48,44
16,44,42,40
16,45,49,46
16,46,47,46
16,47,41,47
16,48,49,44
16,49,47,50
16,50,48,51
16,51,46,47
16,52,43,57
16,53,42,47
16,54,50,57
16,55,53,64
16,56,48,61
16,57,40,43
16,58,47,40
16,59,46,40
16,60,43,42
16,61,45,47
16,62,44,50
16,63,55,51
16,64,38,50
16,65,48,47
16,66,50,50
16,67,43,46
16,68,48,50
16,69,50,65
16,70,45,60
16,71,52,42
16,72,47,39
16,73,44,41
16,74,46,42
16,75,45,45
16,76,46,43
16,77,49,45
16,78,42,46
16,79,46,48
16,80,45,58
16,81,48,63
16,82,48,60
16,83,54,61
16,84,52,57
16,85,51,36
16,86,54,40
16,87,47,43
16,88,51,48
16,89,53,51
16,90,50,43
16,91,45,46
16,92,47,48
16,93,52,54
16,94,50,52
16,95,46,51
16,96,49,56
16,97,53,55
16,98,60,56
16,99,51,38
16,100,46,46
16,101,48,45
16,102,51,42
16,103,51,49
16,104,46,49
16,105,50,47
16,106,45,53
16,107,54,53
16,108,41,56
16,109,45,54
16,110,47,54
16,111,48,55
16,112,50,60
16,113,53,38
16,114,53,37
16,115,53,43
16,116,49,37
16,117,54,44
16,118,44,49
16,119,54,45
16,120,52,48
16,121,51,46
16,122,49,49
16,123,49,53
16,124,49,59
16,125,40,54
16,126,51,60
16,127,53,41
16,128,56,37
16,129,60,46
16,130,51,50
16,131,53,44
16,132,50,44
16,133,55,53
16,134,49,48
16,135,49,52
16,136,50,55
16,137,55,47
16,138,46,62
16,139,45,59
16,140,47,59
16,141,54,42
16,142,56,44
16,143,47,53
16,144,51,47
16,145,60,43
16,146,54,50
16,147,58,51
16,148,52,51
16,149,50,48
16,150,55,58
16,151,56,55
16,152,57,52
16,153,51,53
16,154,54,60
16,155,58,36
16,156,47,42
16,157,52,45
16,158,59,41
16,159,54,47
16,160,57,41
16,161,59,52
16,162,57,54
16,163,53,53
16,164,63,54
16,165,51,54
16,166,51,51
16,167,53,57
16,168,49,55
16,169,56,42
16,170,52,44
16,171,60,47
16,172,55,39
16,173,55,52
16,174,64,47
16,175,58,49
16,176,60,48
16,177,50,45
16,178,56,57
16,179,50,56
16,180,53,52
16,181,54,59
16,182,55,60
16,183,57,46
16,184,62,53
16,185,56,45
16,186,58,46
16,187,63,50
16,188,58,55
16,189,63,48
16,190,62,49
16,191,53,48
16,192,55,49
16,193,62,57
16,194,56,59
16,195,60,58
16,196,54,55
17,1,50,37
17,2,40,46
17,3,40,41
17,4,39,45
17,5,39,43
17,6,41,45
17,7,43,49
17,8,38,46
17,9,41,53
17,10,39,58
17,11,37,53
17,12,38,59
17,13,46,53
17,14,44,58
17,15,42,43
17,16,45,44
17,17,40,49
17,18,45,51
17,19,41,43
17,20,43,44
17,21,39,49
17,22,40,55
17,23,42,49
17,24,42,54
17,25,46,55
17,26,38,56
17,27,42,58
17,28,49,58
17,29,44,45
17,30,36,46
17,31,36,50
17,32,43,43
17,33,46,44
17,34,39,48
17,35,44,52
17,36,43,52
17,37,44,56
17,38,43,55
17,39,41,52
17,40,47,61
17,41,45,57
17,42,42,59
17,43,47,44
17,44,41,40
17,45,48,46
17,46,47,45
17,47,40,48
17,48,49,43
17,49,46,50
17,50,47,50
17,51,47,47
17,52,43,56
17,53,43,48
17,54,50,58
17,55,52,63
17,56,49,62
17,57,39,42
17,58,48,39
17,59,46,39
17,60,42,42
17,61,45,48
17,62,45,50
17,63,56,50
17,64,38,51
17,65,49,46
17,66,50,51
17,67,44,47
17,68,48,51
17,69,51,64
17,70,44,61
17,71,51,41
17,72,48,40
17,73,43,41
17,74,45,42
17,75,44,46
17,76,46,42
17,77,50,46
17,78,41,47
17,79,45,47
17,80,46,58
17,81,47,64
17,82,48,59
17,83,53,60
17,84,52,56
17,85,51,35
17,86,53,40
17,87,48,44
17,88,50,49
17,89,53,50
17,90,50,42
17,91,46,47
17,92,48,47
17,93,53,54
17,94,49,51
17,95,47,51
17,96,50,57
17,97,52,55
17,98,61,57
17,99,50,38
17,100,45,45
17,101,47,46
17,102,50,41
17,103,52,49
17,104,47,48
17,105,51,48
17,106,44,53
17,107,55,54
17,108,42,56
17,109,45,55
17,110,48,54
17,111,47,54
17,112,49,61
17,113,52,38
17,114,54,37
17,115,52,42
17,116,49,38
17,117,55,45
17,118,45,49
17,119,54,44
17,120,53,49
17,121,52,47
17,122,49,50
17,123,50,54
17,124,50,59
17,125,41,54
17,126,50,61
17,127,54,40
17,128,57,37
17,129,61,47
17,130,51,49
17,131,54,45
17,132,49,44
17,133,54,53
17,134,49,47
17,135,50,52
17,136,49,54
17,137,56,48
17,138,47,62
17,139,44,60
17,140,47,58
17,141,53,41
17,142,57,43
17,143,48,53
17,144,51,46
17,145,60,44
17,146,55,51
17,147,59,51
17,148,52,52
17,149,49,48
17,150,55,57
17,151,56,56
17,152,57,53
17,153,51,52
17,154,53,59
17,155,58,37
17,156,48,41
17,157,51,44
17,158,58,42
17,159,54,46
17,160,58,41
17,161,58,52
17,162,58,53
17,163,52,54
17,164,62,55
17,165,51,55
17,166,52,51
17,167,53,56
17,168,48,56
17,169,55,43
17,170,51,45
17,171,60,46
17,172,55,38
17,173,56,52
17,174,64,48
17,175,59,50
17,176,59,49
17,177,50,44
17,178,55,58
17,179,50,55
17,180,52,53
17,181,54,58
17,182,55,61
17,183,56,47
17,184,61,54
17,185,56,44
17,186,59,47
17,187,63,49
17,188,58,56
17,189,64,49
17,190,63,48
17,191,53,47
17,192,54,48
17,193,63,56
17,194,55,60
17,195,61,59
17,196,53,55
18,1,49,36
18,2,40,45
18,3,39,40
18,4,40,46
18,5,40,42
18,6,42,45
18,7,44,49
18,8,38,45
18,9,40,53
18,10,38,58
18,11,37,54
18,12,38,60
18,13,45,52
18,14,43,59
18,15,41,42
18,16,45,43
18,17,41,50
18,18,46,52
18,19,41,44
18,20,42,43
18,21,40,49
18,22,41,55
18,23,42,50
18,24,42,53
18,25,45,54
18,26,37,57
18,27,43,57
18,28,48,57
18,29,45,44
18,30,35,47
18,31,35,50
18,32,44,43
18,33,46,45
18,34,38,49
18,35,43,51
18,36,44,51
18,37,44,55
18,38,43,54
18,39,41,53
18,40,46,62
18,41,44,56
18,42,43,60
18,43,46,43
18,44,42,41
18,45,49,45
18,46,47,44
18,47,40,47
18,48,48,42
18,49,45,51
18,50,47,49
18,51,46,48
18,52,43,55
18,53,43,49
18,54,49,59
18,55,51,62
18,56,48,63
18,57,38,43
18,58,49,40
18,59,45,40
18,60,41,43
18,61,46,49
18,62,46,50
18,63,55,50
18,64,37,51
18,65,48,45
18,66,49,52
18,67,43,48
18,68,48,52
18,69,51,63
18,70,43,62
18,71,52,40
18,72,47,41
18,73,44,42
18,74,46,41
18,75,43,45
18,76,45,41
18,77,51,47
18,78,42,47
18,79,44,46
18,80,46,59
18,81,46,65
18,82,48,60
18,83,52,60
18,84,51,56
18,85,50,35
18,86,52,41
18,87,48,43
18,88,49,49
18,89,54,50
18,90,49,41
18,91,45,46
18,92,48,46
18,93,54,55
18,94,48,51
18,95,47,50
18,96,51,58
18,97,53,54
18,98,60,58
18,99,51,39
18,100,46,46
18,101,47,45
18,102,51,40
18,103,51,50
18,104,47,47
18,105,50,48
18,106,43,53
18,107,56,55
18,108,41,56
18,109,44,54
18,110,47,53
18,111,47,55
18,112,48,61
18,113,53,38
18,114,54,38
18,115,51,42
18,116,48,37
18,117,55,44
18,118,44,48
18,119,53,43
18,120,54,49
18,121,51,48
18,122,50,49
18,123,49,53
18,124,49,60
18,125,42,55
18,126,51,61
18,127,55,40
18,128,58,36
18,129,62,47
18,130,52,48
18,131,53,45
18,132,49,43
18,133,55,53
18,134,48,47
18,135,50,53
18,136,50,54
18,137,57,49
18,138,47,61
18,139,45,59
18,140,48,59
18,141,54,41
18,142,57,44
18,143,49,54
18,144,50,47
18,145,59,43
18,146,54,52
18,147,60,50
18,148,53,52
18,149,48,49
18,150,54,57
18,151,55,56
18,152,57,54
18,153,51,51
18,154,54,59
18,155,59,38
18,156,48,40
18,157,50,45
18,158,57,42
18,159,53,46
18,160,59,40
18,161,59,51
18,162,59,52
18,163,51,53
18,164,63,54
18,165,52,54
18,166,53,50
18,167,54,56
18,168,49,57
18,169,56,43
18,170,51,46
18,171,60,45
18,172,56,39
18,173,57,51
18,174,65,48
18,175,60,49
18,176,59,48
18,177,51,43
18,178,56,57
18,179,51,55
18,180,51,52
18,181,53,59
18,182,54,60
18,183,57,46
18,184,60,54
18,185,55,45
18,186,58,48
18,187,62,49
18,188,59,56
18,189,63,49
18,190,62,48
18,191,53,48
18,192,55,48
18,193,64,57
18,194,56,60
18,195,60,60
18,196,52,56
19,1,49,37
19,2,41,45
19,3,40,41
19,4,39,46
19,5,39,42
19,6,43,46
19,7,45,49
19,8,38,46
19,9,41,54
19,10,39,59
19,11,36,54
19,12,37,61
19,13,44,53
19,14,42,59
19,15,40,43
19,16,45,42
19,17,41,51
19,18,45,52
19,19,42,44
19,20,43,43
19,21,41,49
19,22,40,54
19,23,42,49
19,24,42,54
19,25,46,55
19,26,38,56
19,27,44,58
19,28,48,56
19,29,45,45
19,30,34,46
19,31,34,50
19,32,45,43
19,33,47,46
19,34,37,48
19,35,42,51
19,36,44,52
19,37,45,55
19,38,44,55
19,39,41,52
19,40,47,62
19,41,44,57
19,42,44,59
19,43,47,42
19,44,42,42
19,45,50,46
19,46,46,43
19,47,39,48
19,48,49,42
19,49,46,52
19,50,48,48
19,51,46,47
19,52,44,56
19,53,44,50
19,54,50,58
19,55,52,63
19,56,47,63
19,57,38,44
19,58,50,39
19,59,46,39
19,60,42,43
19,61,47,48
19,62,46,51
19,63,56,49
19,64,37,50
19,65,49,45
19,66,48,53
19,67,44,49
19,68,49,52
19,69,51,62
19,70,44,61
19,71,53,40
19,72,46,42
19,73,43,42
19,74,47,41
19,75,42,45
19,76,44,42
19,77,52,46
19,78,42,46
19,79,44,47
19,80,47,58
19,81,47,65
19,82,49,59
19,83,51,59
19,84,51,57
19,85,51,35
19,86,53,41
19,87,49,44
19,88,50,50
19,89,55,49
19,90,48,42
19,91,46,45
19,92,48,45
19,93,54,54
19,94,48,52
19,95,48,50
19,96,50,57
19,97,53,55
19,98,60,57
19,99,50,40
19,100,45,46
19,101,46,46
19,102,51,39
19,103,52,51
19,104,46,48
19,105,49,47
19,106,42,53
19,107,56,54
19,108,42,56
19,109,45,54
19,110,47,54
19,111,48,54
19,112,48,62
19,113,52,38
19,114,53,39
19,115,52,43
19,116,47,38
19,117,54,43
19,118,45,47
19,119,53,44
19,120,53,49
19,121,51,47
19,122,51,50
19,123,50,52
19,124,50,61
19,125,43,56
19,126,52,60
19,127,54,39
19,128,58,37
19,129,62,46
19,130,51,48
19,131,54,44
19,132,48,44
19,133,56,52
19,134,49,48
19,135,49,53
19,136,50,53
19,137,58,50
19,138,46,61
19,139,45,58
19,140,47,60
19,141,54,42
19,142,56,45
19,143,50,54
19,144,49,46
19,145,60,44
19,146,54,53
19,147,61,50
19,148,53,51
19,149,49,49
19,150,55,58
19,151,55,57
19,152,57,53
19,153,52,52
19,154,55,59
19,155,58,38
19,156,47,40
19,157,51,45
19,158,56,41
19,159,54,47
19,160,58,40
19,161,58,51
19,162,60,51
19,163,51,54
19,164,64,53
19,165,53,53
19,166,52,49
19,167,54,55
19,168,49,58
19,169,56,44
19,170,52,45
19,171,61,45
19,172,55,39
19,173,58,52
19,174,64,48
19,175,59,50
19,176,58,47
19,177,51,42
19,178,57,56
19,179,50,56
19,180,51,53
19,181,54,58
19,182,53,61
19,183,56,47
19,184,59,54
19,185,55,44
19,186,58,49
19,187,61,48
19,188,59,57
19,189,62,50
19,190,63,48
19,191,52,47
19,192,54,48
19,193,64,58
19,194,55,60
19,195,60,59
19,196,51,56
20,1,49,38
20,2,41,44
20,3,40,42
20,4,38,47
20,5,39,43
20,6,43,45
20,7,44,48
20,8,37,45
20,9,41,55
20,10,39,58
20,11,35,55
20,12,36,62
20,13,45,53
20,14,43,59
20,15,41,43
20,16,45,41
20,17,41,50
20,18,46,53
20,19,41,45
20,20,42,44
20,21,41,48
20,22,39,53
20,23,41,49
20,24,43,55
20,25,47,55
20,26,39,56
20,27,45,57
20,28,49,55
20,29,44,44
20,30,35,47
20,31,33,50
20,32,44,43
20,33,48,46
20,34,36,49
20,35,41,51
20,36,43,52
20,37,46,55
20,38,43,54
20,39,40,52
20,40,47,61
20,41,43,57
20,42,43,58
20,43,47,43
20,44,43,43
20,45,50,47
20,46,45,42
20,47,39,49
20,48,48,41
20,49,47,53
20,50,48,49
20,51,45,48
20,52,44,55
20,53,43,50
20,54,50,59
20,55,53,63
20,56,47,62
20,57,39,45
20,58,50,38
20,59,45,39
20,60,41,42
20,61,47,49
20,62,45,50
20,63,57,50
20,64,36,51
20,65,50,44
20,66,47,52
20,67,44,50
20,68,50,51
20,69,52,63
20,70,45,61
20,71,52,39
20,72,47,42
20,73,42,42
20,74,46,40
20,75,43,44
20,76,44,41
20,77,53,45
20,78,42,47
20,79,43,46
20,80,48,59
20,81,46,64
20,82,49,60
20,83,50,60
20,84,52,57
20,85,50,34
20,86,53,42
20,87,50,45
20,88,51,49
20,89,54,49
20,90,49,41
20,91,46,44
20,92,47,46
20,93,55,53
20,94,48,53
20,95,49,51
20,96,51,57
20,97,52,54
20,98,61,57
20,99,51,40
20,100,44,46
20,101,45,45
20,102,52,40
20,103,53,52
20,104,45,49
20,105,50,48
20,106,41,53
20,107,57,55
20,108,41,57
20,109,44,54
20,110,46,54
20,111,48,55
20,112,49,63
20,113,51,37
20,114,53,38
20,115,53,43
20,116,48,39
20,117,55,43
20,118,46,48
20,119,52,44
20,120,54,50
20,121,52,46
20,122,50,50
20,123,49,52
20,124,51,62
20,125,44,57
20,126,53,60
20,127,55,40
20,128,57,37
20,129,62,45
20,130,50,49
20,131,54,43
20,132,48,45
20,133,57,51
20,134,48,48
20,135,50,52
20,136,51,52
20,137,57,49
20,138,46,62
20,139,46,57
20,140,46,61
20,141,55,41
20,142,57,46
20,143,50,55
20,144,49,47
20,145,59,44
20,146,54,54
20,147,61,49
20,148,52,51
20,149,48,50
20,150,56,57
20,151,54,57
20,152,56,52
20,153,52,53
20,154,56,60
20,155,59,39
20,156,46,41
20,157,50,46
20,158,57,42
20,159,53,46
20,160,59,41
20,161,57,52
20,162,61,51
20,163,52,55
20,164,65,53
20,165,52,52
20,166,53,49
20,167,55,54
20,168,48,58
20,169,56,45
20,170,51,44
20,171,61,46
20,172,56,39
20,173,59,51
20,174,63,49
20,175,60,49
20,176,59,48
20,177,52,42
20,178,56,56
20,179,49,56
20,180,51,54
20,181,53,57
20,182,54,60
20,183,56,48
20,184,60,53
20,185,56,44
20,186,59,49
20,187,61,47
20,188,58,57
20,189,62,49
20,190,63,47
20,191,51,47
20,192,55,47
20,193,65,57
20,194,55,59
20,195,59,59
20,196,52,56
21,1,49,39
21,2,40,45
21,3,39,41
21,4,39,46
21,5,38,44
21,6,42,45
21,7,44,47
21,8,36,45
21,9,41,54
21,10,39,59
21,11,36,56
21,12,36,63
21,13,46,52
21,14,44,60
21,15,40,44
21,16,46,42
21,17,40,49
21,18,45,54
21,19,42,46
21,20,41,45
21,21,41,47
21,22,38,54
21,23,40,50
21,24,42,55
21,25,47,54
21,26,39,57
21,27,46,58
21,28,48,56
21,29,45,44
21,30,35,46
21,31,34,50
21,32,44,44
21,33,47,47
21,34,37,48
21,35,41,50
21,36,44,52
21,37,47,56
21,38,42,54
21,39,39,52
21,40,48,61
21,41,44,58
21,42,44,59
21,43,48,42
21,44,44,43
21,45,49,48
21,46,45,41
21,47,39,48
21,48,49,42
21,49,46,53
21,50,49,49
21,51,46,47
21,52,43,56
21,53,42,51
21,54,50,58
21,55,53,62
21,56,47,61
21,57,38,46
21,58,50,37
21,59,46,39
21,60,40,41
21,61,46,50
21,62,46,51
21,63,58,50
21,64,36,50
21,65,51,45
21,66,47,53
21,67,45,50
21,68,51,51
21,69,51,64
21,70,44,62
21,71,51,39
21,72,48,41
21,73,43,42
21,74,47,41
21,75,44,45
21,76,45,40
21,77,54,44
21,78,43,48
21,79,43,47
21,80,48,60
21,81,45,64
21,82,48,59
21,83,50,59
21,84,51,58
21,85,50,35
21,86,54,42
21,87,50,44
21,88,51,48
21,89,54,48
21,90,48,40
21,91,47,43
21,92,46,45
21,93,54,53
21,94,48,52
21,95,48,51
21,96,52,57
21,97,53,53
21,98,61,56
21,99,50,39
21,100,45,47
21,101,46,46
21,102,53,41
21,103,54,52
21,104,44,49
21,105,50,47
21,106,42,53
21,107,58,55
21,108,41,56
21,109,43,54
21,110,45,55
21,111,47,55
21,112,48,63
21,113,51,36
21,114,52,37
21,115,52,43
21,116,48,38
21,117,56,42
21,118,45,49
21,119,52,45
21,120,54,51
21,121,53,47
21,122,49,51
21,123,50,51
21,124,52,61
21,125,43,57
21,126,54,59
21,127,54,41
21,128,58,38
21,129,62,44
21,130,51,49
21,131,53,42
21,132,49,44
21,133,56,50
21,134,47,49
21,135,49,52
21,136,51,53
21,137,56,49
21,138,47,63
21,139,47,58
21,140,45,61
21,141,55,42
21,142,58,46
21,143,51,55
21,144,48,47
21,145,58,45
21,146,55,55
21,147,62,48
21,148,53,50
21,149,48,49
21,150,56,58
21,151,55,57
21,152,55,51
21,153,52,54
21,154,55,61
21,155,58,40
21,156,47,40
21,157,49,46
21,158,56,43
21,159,52,47
21,160,60,41
21,161,56,53
21,162,60,52
21,163,53,55
21,164,64,54
21,165,51,52
21,166,52,49
21,167,55,53
21,168,47,57
21,169,55,45
21,170,50,45
21,171,61,45
21,172,56,40
21,173,58,52
21,174,63,50
21,175,59,50
21,176,60,49
21,177,52,41
21,178,57,56
21,179,50,57
21,180,52,55
21,181,53,56
21,182,53,59
21,183,57,47
21,184,61,53
21,185,57,45
21,186,58,49
21,187,60,47
21,188,58,58
21,189,61,48
21,190,64,46
21,191,51,46
21,192,56,46
21,193,66,58
21,194,55,60
21,195,58,60
21,196,53,57
22,1,50,38
22,2,41,46
22,3,38,42
22,4,40,46
22,5,39,45
22,6,43,44
22,7,43,46
22,8,37,46
22,9,40,53
22,10,40,59
22,11,36,55
22,12,37,63
22,13,47,52
22,14,43,59
22,15,40,43
22,16,46,43
22,17,41,48
22,18,46,55
22,19,42,47
22,20,41,44
22,21,40,48
22,22,39,53
22,23,39,49
22,24,41,54
22,25,48,54
22,26,40,57
22,27,45,59
22,28,49,55
22,29,46,44
22,30,34,47
22,31,35,51
22,32,43,45
22,33,46,48
22,34,38,47
22,35,41,49
22,36,43,51
22,37,46,56
22,38,43,53
22,39,39,51
22,40,49,62
22,41,43,58
22,42,45,60
22,43,49,43
22,44,45,42
22,45,50,48
22,46,46,41
22,47,38,49
22,48,50,41
22,49,45,52
22,50,48,48
22,51,47,47
22,52,42,56
22,53,41,50
22,54,49,57
22,55,54,62
22,56,46,60
22,57,37,45
22,58,49,37
22,59,45,39
22,60,40,42
22,61,47,50
22,62,46,52
22,63,58,51
22,64,36,51
22,65,50,46
22,66,46,54
22,67,44,50
22,68,50,52
22,69,51,63
22,70,43,63
22,71,51,40
22,72,48,42
22,73,43,43
22,74,48,41
22,75,45,46
22,76,44,40
22,77,55,43
22,78,43,49
22,79,42,48
22,80,47,61
22,81,44,64
22,82,47,59
22,83,49,58
22,84,50,58
22,85,50,34
22,86,53,43
22,87,50,43
22,88,50,49
22,89,53,49
22,90,47,39
22,91,47,44
22,92,47,45
22,93,55,52
22,94,47,53
22,95,48,50
22,96,52,56
22,97,53,54
22,98,61,55
22,99,49,40
22,100,44,47
22,101,46,47
22,102,52,42
22,103,53,51
22,104,45,50
22,105,49,48
22,106,41,52
22,107,58,56
22,108,42,57
22,109,44,55
22,110,45,56
22,111,48,56
22,112,49,63
22,113,51,35
22,114,51,36
22,115,51,42
22,116,47,38
22,117,55,41
22,118,44,48
22,119,53,46
22,120,54,50
22,121,54,46
22,122,49,50
22,123,49,51
22,124,52,60
22,125,44,57
22,126,53,58
22,127,55,40
22,128,59,37
22,129,62,43
22,130,50,50
22,131,52,43
22,132,49,45
22,133,57,51
22,134,46,50
22,135,48,51
22,136,52,53
22,137,55,50
22,138,48,62
22,139,48,59
22,140,44,62
22,141,54,41
22,142,58,47
22,143,50,56
22,144,47,48
22,145,59,46
22,146,54,54
22,147,63,48
22,148,54,51
22,149,47,49
22,150,55,59
22,151,54,57
22,152,54,52
22,153,51,53
22,154,56,60
22,155,57,40
22,156,48,40
22,157,49,47
22,158,56,42
22,159,52,48
22,160,61,41
22,161,55,54
22,162,60,53
22,163,54,55
22,164,64,53
22,165,50,51
22,166,51,50
22,167,54,53
22,168,46,57
22,169,55,46
22,170,49,46
22,171,62,45
22,172,55,39
22,173,59,53
22,174,62,49
22,175,60,51
22,176,61,49
22,177,53,42
22,178,56,57
22,179,51,56
22,180,52,54
22,181,54,56
22,182,54,58
22,183,56,47
22,184,61,54
22,185,56,45
22,186,59,50
22,187,61,47
22,188,57,59
22,189,60,48
22,190,65,46
22,191,52,45
22,192,55,45
22,193,67,59
22,194,56,59
22,195,58,59
22,196,53,56
23,1,51,39
23,2,42,46
23,3,39,43
23,4,39,46
23,5,38,44
23,6,44,44
23,7,44,46
23,8,38,46
23,9,40,54
23,10,40,58
23,11,37,56
23,12,36,63
23,13,47,51
23,14,44,60
23,15,40,44
23,16,46,42
23,17,42,49
23,18,45,55
23,19,41,48
23,20,42,43
23,21,41,47
23,22,38,53
23,23,39,50
23,24,41,53
23,25,48,55
23,26,39,56
23,27,45,58
23,28,50,54
23,29,46,45
23,30,33,46
23,31,34,51
23,32,43,46
23,33,45,48
23,34,38,48
23,35,42,50
23,36,43,52
23,37,46,55
23,38,43,54
23,39,40,50
23,40,50,63
23,41,44,59
23,42,45,61
23,43,49,42
23,44,44,42
23,45,51,47
23,46,45,42
23,47,37,48
23,48,50,42
23,49,45,53
23,50,48,49
23,51,46,46
23,52,41,55
23,53,41,49
23,54,50,57
23,55,55,63
23,56,46,59
23,57,37,46
23,58,48,38
23,59,45,40
23,60,41,43
23,61,46,51
23,62,47,52
23,63,59,52
23,64,37,51
23,65,50,47
23,66,47,54
23,67,43,50
23,68,50,53
23,69,50,64
23,70,43,62
23,71,52,40
23,72,49,43
23,73,43,44
23,74,49,41
23,75,45,47
23,76,45,41
23,77,56,44
23,78,44,50
23,79,42,47
23,80,48,61
23,81,44,63
23,82,47,58
23,83,48,57
23,84,49,57
23,85,49,33
23,86,54,43
23,87,51,44
23,88,50,48
23,89,53,50
23,90,47,40
23,91,48,44
23,92,46,44
23,93,56,51
23,94,46,53
23,95,49,49
23,96,52,57
23,97,53,53
23,98,61,56
23,99,48,41
23,100,43,47
23,101,45,46
23,102,52,41
23,103,52,51
23,104,46,49
23,105,48,48
23,106,42,52
23,107,59,57
23,108,41,56
23,109,44,54
23,110,44,55
23,111,47,57
23,112,49,64
23,113,50,36
23,114,50,37
23,115,50,43
23,116,46,38
23,117,55,42
23,118,43,49
23,119,54,47
23,120,55,51
23,121,53,45
23,122,48,50
23,123,49,50
23,124,52,59
23,125,45,56
23,126,53,57
23,127,55,41
23,128,59,36
23,129,61,44
23,130,51,51
23,131,53,44
23,132,50,44
23,133,58,50
23,134,45,50
23,135,49,52
23,136,52,52
23,137,55,49
23,138,47,63
23,139,47,60
23,140,45,62
23,141,54,40
23,142,57,46
23,143,50,55
23,144,46,47
23,145,60,45
23,146,53,55
23,147,64,48
23,148,54,50
23,149,46,50
23,150,54,60
23,151,55,58
23,152,53,51
23,153,51,54
23,154,56,61
23,155,57,39
23,156,47,41
23,157,49,48
23,158,55,43
23,159,52,49
23,160,60,40
23,161,56,55
23,162,59,54
23,163,55,55
23,164,65,53
23,165,49,51
23,166,50,50
23,167,55,52
23,168,45,57
23,169,54,45
23,170,50,46
23,171,62,44
23,172,56,39
23,173,58,53
23,174,63,50
23,175,60,50
23,176,61,48
23,177,52,43
23,178,57,58
23,179,52,55
23,180,53,54
23,181,55,57
23,182,54,59
23,183,57,48
23,184,61,55
23,185,57,44
23,186,59,51
23,187,60,46
23,188,58,58
23,189,59,48
23,190,66,45
23,191,53,46
23,192,55,44
23,193,68,59
23,194,57,59
23,195,58,60
23,196,52,56
24,1,50,39
24,2,43,45
24,3,38,43
24,4,39,47
24,5,37,45
24,6,43,43
24,7,44,47
24,8,38,47
24,9,41,54
24,10,39,57
24,11,36,57
24,12,35,64
24,13,46,52
24,14,43,61
24,15,39,45
24,16,46,41
24,17,43,48
24,18,44,56
24,19,42,49
24,20,43,42
24,21,41,48
24,22,37,52
24,23,38,49
24,24,40,53
24,25,49,56
24,26,38,57
24,27,44,58
24,28,49,54
24,29,47,45
24,30,32,46
24,31,33,51
24,32,42,46
24,33,46,48
24,34,39,49
24,35,42,51
24,36,43,51
24,37,47,55
24,38,42,55
24,39,39,50
24,40,49,63
24,41,43,59
24,42,45,60
24,43,50,41
24,44,45,43
24,45,52,47
24,46,46,42
24,47,36,47
24,48,49,42
24,49,45,52
24,50,47,50
24,51,47,47
24,52,42,54
24,53,41,50
24,54,50,56
24,55,56,63
24,56,46,60
24,57,38,45
24,58,49,38
24,59,44,40
24,60,40,43
24,61,47,51
24,62,47,53
24,63,60,51
24,64,36,52
24,65,51,46
24,66,48,53
24,67,44,51
24,68,50,54
24,69,51,65
24,70,44,62
24,71,53,40
24,72,48,42
24,73,44,44
24,74,49,40
24,75,44,48
24,76,45,40
24,77,57,45
24,78,45,49
24,79,41,47
24,80,49,61
24,81,43,64
24,82,46,59
24,83,48,58
24,84,48,57
24,85,48,32
24,86,53,43
24,87,50,45
24,88,51,47
24,89,54,49
24,90,48,39
24,91,49,43
24,92,47,43
24,93,57,52
24,94,45,54
24,95,50,49
24,96,53,58
24,97,53,52
24,98,60,56
24,99,49,41
24,100,42,48
24,101,44,46
24,102,51,41
24,103,51,50
24,104,45,48
24,105,47,48
24,106,43,52
24,107,58,56
24,108,40,55
24,109,43,54
24,110,43,55
24,111,47,56
24,112,50,63
24,113,50,35
24,114,51,37
24,115,50,42
24,116,45,38
24,117,54,43
24,118,42,50
24,119,55,47
24,120,55,50
24,121,54,44
24,122,48,49
24,123,50,51
24,124,51,59
24,125,46,57
24,126,52,58
24,127,56,41
24,128,60,36
24,129,60,43
24,130,52,50
24,131,53,45
24,132,50,43
24,133,58,49
24,134,46,51
24,135,48,51
24,136,51,53
24,137,56,50
24,138,46,62
24,139,48,61
24,140,44,61
24,141,53,41
24,142,58,47
24,143,51,56
24,144,47,46
24,145,61,45
24,146,52,54
24,147,63,48
24,148,53,50
24,149,45,50
24,150,54,61
24,151,55,59
24,152,54,51
24,153,50,53
24,154,57,61
24,155,57,40
24,156,48,40
24,157,48,47
24,158,56,44
24,159,52,48
24,160,59,41
24,161,56,54
24,162,59,55
24,163,56,55
24,164,64,53
24,165,49,50
24,166,51,51
24,167,56,52
24,168,46,56
24,169,55,45
24,170,50,47
24,171,61,44
24,172,55,38
24,173,57,54
24,174,63,51
24,175,59,50
24,176,61,47
24,177,51,43
24,178,57,57
24,179,51,54
24,180,52,55
24,181,55,58
24,182,53,60
24,183,56,47
24,184,60,55
24,185,58,43
24,186,59,52
24,187,59,47
24,188,59,59
24,189,58,48
24,190,67,45
24,191,53,47
24,192,56,45
24,193,68,60
24,194,57,58
24,195,58,61
24,196,53,57
25,1,51,39
25,2,44,45
25,3,38,44
25,4,40,48
25,5,36,44
25,6,42,44
25,7,43,47
25,8,38,46
25,9,40,54
25,10,39,56
25,11,37,57
25,12,36,63
25,13,47,52
25,14,44,60
25,15,40,46
25,16,45,41
25,17,44,47
25,18,45,56
25,19,41,49
25,20,42,42
25,21,40,47
25,22,36,51
25,23,37,48
25,24,39,52
25,25,48,55
25,26,37,56
25,27,43,58
25,28,49,53
25,29,46,46
25,30,31,46
25,31,34,51
25,32,43,46
25,33,46,49
25,34,39,48
25,35,41,52
25,36,44,52
25,37,48,56
25,38,41,54
25,39,39,51
25,40,48,63
25,41,44,58
25,42,44,59
25,43,51,40
25,44,45,44
25,45,53,46
25,46,47,42
25,47,35,46
25,48,50,41
25,49,46,53
25,50,47,49
25,51,46,47
25,52,42,55
25,53,40,51
25,54,51,57
25,55,55,64
25,56,47,59
25,57,37,44
25,58,50,39
25,59,43,41
25,60,41,43
25,61,46,52
25,62,48,52
25,63,60,52
25,64,35,53
25,65,51,45
25,66,47,53
25,67,43,51
25,68,50,55
25,69,52,66
25,70,43,63
25,71,54,41
25,72,47,41
25,73,43,45
25,74,48,41
25,75,45,47
25,76,46,40
25,77,58,46
25,78,44,49
25,79,42,47
25,80,49,62
25,81,42,64
25,82,47,60
25,83,47,58
25,84,49,57
25,85,49,32
25,86,53,44
25,87,50,46
25,88,52,46
25,89,55,49
25,90,48,38
25,91,48,42
25,92,46,44
25,93,56,53
25,94,44,53
25,95,49,49
25,96,54,58
25,97,52,53
25,98,60,57
25,99,50,40
25,100,43,48
25,101,45,46
25,102,52,42
25,103,51,49
25,104,44,48
25,105,48,48
25,106,42,51
25,107,58,57
25,108,40,56
25,109,44,55
25,110,42,54
25,111,46,55
25,112,49,63
25,113,51,35
25,114,52,38
25,115,49,43
25,116,46,39
25,117,55,43
25,118,41,51
25,119,56,48
25,120,54,50
25,121,53,43
25,122,49,48
25,123,49,52
25,124,52,60
25,125,46,58
25,126,53,58
25,127,55,40
25,128,61,36
25,129,61,43
25,130,53,49
25,131,52,44
25,132,49,44
25,133,59,48
25,134,47,50
25,135,47,51
25,136,50,52
25,137,56,51
25,138,47,62
25,139,47,61
25,140,43,62
25,141,52,40
25,142,59,46
25,143,52,57
25,144,47,47
25,145,60,45
25,146,51,53
25,147,64,48
25,148,52,51
25,149,44,51
25,150,54,60
25,151,55,60
25,152,53,50
25,153,49,54
25,154,58,60
25,155,57,41
25,156,47,40
25,157,48,46
25,158,56,43
25,159,51,48
25,160,60,42
25,161,55,54
25,162,58,55
25,163,57,56
25,164,65,53
25,165,50,50
25,166,50,51
25,167,57,53
25,168,47,56
25,169,56,44
25,170,49,46
25,171,62,44
25,172,54,38
25,173,58,54
25,174,64,51
25,175,60,50
25,176,61,46
25,177,50,43
25,178,58,56
25,179,50,53
25,180,53,54
25,181,54,57
25,182,52,59
25,183,57,46
25,184,59,56
25,185,59,43
25,186,59,53
25,187,58,47
25,188,59,60
25,189,57,48
25,190,68,44
25,191,52,48
25,192,55,46
25,193,68,61
25,194,57,59
25,195,58,62
25,196,52,58
26,1,50,38
26,2,45,45
26,3,37,43
26,4,39,47
26,5,35,43
26,6,43,43
26,7,44,46
26,8,38,47
26,9,39,53
26,10,38,55
26,11,37,58
26,12,37,64
26,13,48,51
26,14,43,59
26,15,41,45
26,16,45,40
26,17,45,48
26,18,44,56
26,19,42,48
26,20,42,41
26,21,40,48
26,22,37,51
26,23,38,48
26,24,38,53
26,25,47,54
26,26,38,57
26,27,42,59
26,28,48,54
26,29,47,45
26,30,32,47
26,31,35,52
26,32,43,47
26,33,46,50
26,34,40,49
26,35,40,53
26,36,45,52
26,37,47,55
26,38,41,55
26,39,39,52
26,40,47,63
26,41,43,57
26,42,45,58
26,43,52,39
26,44,46,45
26,45,52,45
26,46,46,42
26,47,35,47
26,48,51,41
26,49,47,52
26,50,48,50
26,51,47,46
26,52,43,55
26,53,39,50
26,54,51,56
26,55,56,65
26,56,46,60
26,57,36,44
26,58,49,40
26,59,44,41
26,60,41,42
26,61,45,53
26,62,49,51
26,63,60,53
26,64,36,52
26,65,50,44
26,66,48,52
26,67,43,52
26,68,50,56
26,69,51,66
26,70,44,64
26,71,55,42
26,72,46,41
26,73,44,45
26,74,49,41
26,75,46,48
26,76,45,39
26,77,59,45
26,78,45,50
26,79,41,48
26,80,50,62
26,81,42,65
26,82,48,60
26,83,47,59
26,84,49,56
26,85,50,32
26,86,52,43
26,87,51,46
26,88,53,47
26,89,54,48
26,90,47,37
26,91,49,42
26,92,47,44
26,93,57,54
26,94,44,54
26,95,50,49
26,96,55,59
26,97,53,52
26,98,61,57
26,99,49,39
26,100,44,47
26,101,46,46
26,102,51,43
26,103,51,50
26,104,43,48
26,105,48,49
26,106,43,51
26,107,57,58
26,108,41,57
26,109,45,54
26,110,41,53
26,111,45,55
26,112,48,62
26,113,50,34
26,114,53,37
26,115,48,43
26,116,46,38
26,117,54,43
26,118,41,52
26,119,57,47
26,120,55,51
26,121,53,42
26,122,48,47
26,123,48,53
26,124,53,60
26,125,45,57
26,126,53,57
26,127,56,41
26,128,62,35
26,129,61,44
26,130,52,50
26,131,51,44
26,132,50,45
26,133,58,48
26,134,46,51
26,135,47,50
26,136,49,52
26,137,57,52
26,138,46,61
26,139,46,62
26,140,42,63
26,141,53,41
26,142,58,46
26,143,52,56
26,144,47,48
26,145,60,46
26,146,52,54
26,147,64,49
26,148,51,51
26,149,45,51
26,150,53,61
26,151,54,61
26,152,54,49
26,153,50,54
26,154,59,59
26,155,57,42
26,156,48,41
26,157,48,45
26,158,57,43
26,159,51,47
26,160,61,43
26,161,55,53
26,162,57,55
26,163,56,55
26,164,64,52
26,165,49,50
26,166,50,52
26,167,58,52
26,168,48,56
26,169,57,45
26,170,48,46
26,171,62,43
26,172,55,37
26,173,58,55
26,174,63,52
26,175,59,49
26,176,61,47
26,177,51,42
26,178,59,55
26,179,49,53
26,180,53,55
26,181,53,58
26,182,51,60
26,183,58,45
26,184,60,56
26,185,59,44
26,186,60,52
26,187,59,48
26,188,58,60
26,189,58,47
26,190,67,43
26,191,53,48
26,192,54,45
26,193,67,62
26,194,56,59
26,195,59,63
26,196,53,59
27,1,50,37
27,2,45,44
27,3,38,44
27,4,39,48
27,5,36,43
27,6,44,42
27,7,43,46
27,8,37,48
27,9,40,52
27,10,39,55
27,11,36,57
27,12,38,63
27,13,47,51
27,14,44,60
27,15,40,46
27,16,45,41
27,17,44,48
27,18,45,56
27,19,41,47
27,20,43,40
27,21,40,47
27,22,38,52
27,23,39,47
27,24,37,52
27,25,47,53
27,26,39,56
27,27,43,58
27,28,49,55
27,29,46,44
27,30,33,46
27,31,36,53
27,32,42,48
27,33,46,49
27,34,39,49
27,35,39,53
27,36,46,52
27,37,46,54
27,38,42,56
27,39,40,53
27,40,46,64
27,41,42,58
27,42,45,59
27,43,52,38
27,44,45,45
27,45,53,46
27,46,47,43
27,47,34,46
27,48,50,42
27,49,48,51
27,50,49,49
27,51,46,45
27,52,42,55
27,53,40,51
27,54,52,55
27,55,56,66
27,56,45,60
27,57,37,45
27,58,50,41
27,59,45,42
27,60,42,43
27,61,44,53
27,62,50,50
27,63,59,53
27,64,37,51
27,65,49,43
27,66,47,52
27,67,42,51
27,68,51,55
27,69,51,67
27,70,43,64
27,71,55,41
27,72,46,42
27,73,43,44
27,74,49,40
27,75,45,47
27,76,46,39
27,77,60,45
27,78,44,50
27,79,40,49
27,80,50,63
27,81,41,65
27,82,47,60
27,83,48,60
27,84,50,56
27,85,51,33
27,86,52,42
27,87,50,46
27,88,54,46
27,89,54,47
27,90,46,36
27,91,48,42
27,92,48,44
27,93,57,53
27,94,44,55
27,95,49,48
27,96,56,58
27,97,52,51
27,98,61,56
27,99,48,39
27,100,45,48
27,101,47,46
27,102,50,44
27,103,50,49
27,104,43,49
27,105,48,48
27,106,44,51
27,107,57,57
27,108,41,56
27,109,44,54
27,110,40,54
27,111,44,56
27,112,48,63
27,113,51,35
27,114,54,37
27,115,49,44
27,116,45,39
27,117,55,44
27,118,42,52
27,119,56,48
27,120,56,51
27,121,54,42
27,122,49,47
27,123,48,54
27,124,52,60
27,125,44,57
27,126,52,57
27,127,55,42
27,128,61,36
27,129,60,43
27,130,52,49
27,131,52,43
27,132,51,44
27,133,58,49
27,134,45,50
27,135,46,51
27,136,48,53
27,137,58,53
27,138,45,62
27,139,47,62
27,140,41,63
27,141,52,40
27,142,59,45
27,143,51,57
27,144,47,47
27,145,61,46
27,146,52,53
27,147,64,50
27,148,51,52
27,149,46,50
27,150,53,62
27,151,53,60
27,152,53,49
27,153,51,54
27,154,59,58
27,155,58,42
27,156,48,40
27,157,49,45
27,158,56,42
27,159,51,46
27,160,61,44
27,161,55,54
27,162,58,54
27,163,57,56
27,164,65,51
27,165,49,51
27,166,51,53
27,167,57,51
27,168,48,57
27,169,56,44
27,170,47,45
27,171,63,43
27,172,56,37
27,173,58,56
27,174,63,53
27,175,58,48
27,176,60,48
27,177,50,43
27,178,58,55
27,179,50,54
27,180,52,54
27,181,54,59
27,182,52,59
27,183,59,46
27,184,59,55
27,185,59,43
27,186,59,52
27,187,59,47
27,188,57,61
27,189,59,48
27,190,68,44
27,191,52,47
27,192,54,44
27,193,66,62
27,194,57,59
27,195,58,63
27,196,54,60
28,1,51,38
28,2,46,43
28,3,39,45
28,4,38,47
28,5,35,43
28,6,44,41
28,7,43,45
28,8,36,48
28,9,39,51
28,10,39,54
28,11,35,56
28,12,38,62
28,13,48,52
28,14,43,61
28,15,40,45
28,16,45,40
28,17,44,49
28,18,46,57
28,19,41,48
28,20,42,41
28,21,40,46
28,22,38,51
28,23,38,46
28,24,36,51
28,25,46,53
28,26,39,55
28,27,42,57
28,28,49,54
28,29,45,44
28,30,32,45
28,31,35,54
28,32,43,47
28,33,47,48
28,34,38,50
28,35,40,52
28,36,45,51
28,37,47,54
28,38,43,57
28,39,41,54
28,40,47,63
28,41,41,58
28,42,44,58
28,43,53,37
28,44,46,44
28,45,54,45
28,46,48,43
28,47,35,45
28,48,51,41
28,49,47,50
28,50,49,50
28,51,46,46
28,52,43,56
28,53,40,50
28,54,53,56
28,55,57,66
28,56,46,61
28,57,36,44
28,58,50,40
28,59,45,43
28,60,43,42
28,61,45,54
28,62,51,51
28,63,58,52
28,64,36,50
28,65,50,42
28,66,48,51
28,67,43,51
28,68,52,56
28,69,52,68
28,70,42,63
28,71,54,41
28,72,47,41
28,73,42,45
28,74,49,41
28,75,44,46
28,76,47,38
28,77,60,44
28,78,43,50
28,79,39,49
28,80,49,62
28,81,42,64
28,82,47,59
28,83,48,61
28,84,50,55
28,85,52,32
28,86,53,41
28,87,50,45
28,88,55,47
28,89,55,48
28,90,45,37
28,91,47,43
28,92,49,43
28,93,57,52
28,94,43,55
28,95,50,48
28,96,56,59
28,97,52,52
28,98,62,57
28,99,49,39
28,100,45,49
28,101,46,45
28,102,51,45
28,103,49,49
28,104,42,49
28,105,47,49
28,106,44,52
28,107,56,57
28,108,40,56
28,109,44,53
28,110,40,55
28,111,45,56
28,112,49,64
28,113,52,36
28,114,54,36
28,115,48,45
28,116,46,39
28,117,56,45
28,118,41,51
28,119,57,47
28,120,56,50
28,121,55,43
28,122,48,47
28,123,49,53
28,124,51,60
28,125,45,58
28,126,53,58
28,127,54,43
28,128,60,36
28,129,59,44
28,130,51,49
28,131,51,43
28,132,50,44
28,133,59,50
28,134,46,49
28,135,45,50
28,136,47,52
28,137,59,54
28,138,45,63
28,139,48,63
28,140,41,62
28,141,51,39
28,142,60,45
28,143,50,58
28,144,48,46
28,145,62,45
28,146,53,52
28,147,65,49
28,148,50,51
28,149,46,51
28,150,53,63
28,151,54,61
28,152,54,50
28,153,51,55
28,154,60,57
28,155,59,41
28,156,49,40
28,157,49,46
28,158,55,42
28,159,50,46
28,160,61,45
28,161,56,53
28,162,57,54
28,163,57,57
28,164,66,51
28,165,48,50
28,166,50,53
28,167,58,50
28,168,48,58
28,169,55,45
28,170,48,44
28,171,62,43
28,172,55,37
28,173,59,56
28,174,63,54
28,175,58,49
28,176,59,49
28,177,49,42
28,178,57,56
28,179,51,54
28,180,52,55
28,181,55,59
28,182,53,59
28,183,60,46
28,184,60,56
28,185,58,43
28,186,60,52
28,187,58,48
28,188,58,61
28,189,60,47
28,190,69,45
28,191,53,47
28,192,53,44
28,193,65,63
28,194,56,60
28,195,57,63
28,196,53,60
29,1,52,38
29,2,46,42
29,3,38,45
29,4,37,47
29,5,35,44
29,6,45,42
29,7,44,44
29,8,36,49
29,9,39,50
29,10,38,54
29,11,34,56
29,12,37,63
29,13,47,51
29,14,43,62
29,15,39,44
29,16,46,41
29,17,44,48
29,18,46,56
29,19,42,48
29,20,43,41
29,21,39,47
29,22,37,52
29,23,38,47
29,24,36,52
29,25,46,54
29,26,38,55
29,27,42,58
29,28,48,54
29,29,44,45
29,30,33,46
29,31,34,54
29,32,44,47
29,33,46,47
29,34,39,51
29,35,41,52
29,36,45,52
29,37,48,53
29,38,43,58
29,39,41,55
29,40,47,62
29,41,42,57
29,42,43,57
29,43,54,37
29,44,45,45
29,45,55,44
29,46,48,42
29,47,36,46
29,48,50,41
29,49,46,50
29,50,50,50
29,51,45,47
29,52,42,55
29,53,40,51
29,54,53,57
29,55,58,67
29,56,45,60
29,57,37,44
29,58,50,39
29,59,44,43
29,60,44,42
29,61,44,55
29,62,52,50
29,63,57,53
29,64,35,49
29,65,50,43
29,66,49,51
29,67,42,51
29,68,51,56
29,69,53,69
29,70,43,63
29,71,55,40
29,72,48,41
29,73,41,44
29,74,50,40
29,75,45,46
29,76,48,39
29,77,60,43
29,78,43,51
29,79,38,48
29,80,50,63
29,81,41,65
29,82,46,59
29,83,47,61
29,84,49,54
29,85,53,32
29,86,53,40
29,87,49,45
29,88,55,46
29,89,55,47
29,90,44,37
29,91,47,42
29,92,48,43
29,93,56,51
29,94,43,54
29,95,50,47
29,96,56,58
29,97,51,52
29,98,62,56
29,99,49,38
29,100,44,49
29,101,45,44
29,102,50,45
29,103,49,48
29,104,43,49
29,105,47,50
29,106,45,51
29,107,57,58
29,108,40,57
29,109,44,52
29,110,39,54
29,111,46,55
29,112,48,64
29,113,53,36
29,114,53,35
29,115,47,45
29,116,47,40
29,117,56,46
29,118,41,50
29,119,56,48
29,120,55,50
29,121,56,44
29,122,47,47
29,123,50,54
29,124,50,61
29,125,44,57
29,126,54,58
29,127,55,43
29,128,61,36
29,129,59,43
29,130,51,50
29,131,51,42
29,132,51,44
29,133,58,51
29,134,45,48
29,135,44,50
29,136,47,53
29,137,59,53
29,138,44,64
29,139,48,62
29,140,40,63
29,141,52,39
29,142,59,44
29,143,49,59
29,144,47,46
29,145,61,46
29,146,53,51
29,147,64,50
29,148,50,52
29,149,47,52
29,150,53,62
29,151,53,61
29,152,54,51
29,153,52,54
29,154,61,57
29,155,59,40
29,156,49,41
29,157,48,46
29,158,56,43
29,159,51,45
29,160,62,46
29,161,55,53
29,162,58,54
29,163,56,57
29,164,67,50
29,165,49,49
29,166,49,53
29,167,57,49
29,168,47,57
29,169,54,44
29,170,47,43
29,171,61,42
29,172,56,37
29,173,59,57
29,174,64,53
29,175,59,48
29,176,58,50
29,177,49,43
29,178,58,57
29,179,50,55
29,180,53,54
29,181,56,59
29,182,53,58
29,183,59,47
29,184,59,55
29,185,57,44
29,186,61,51
29,187,58,47
29,188,59,61
29,189,59,46
29,190,70,45
29,191,54,47
29,192,53,45
29,193,64,63
29,194,57,60
29,195,56,63
29,196,54,61
30,1,51,39
30,2,46,43
30,3,37,46
30,4,38,46
30,5,36,44
30,6,45,41
30,7,43,44
30,8,35,50
30,9,38,51
30,10,39,53
30,11,35,57
30,12,36,64
30,13,48,51
30,14,44,61
30,15,38,45
30,16,45,42
30,17,43,47
30,18,47,56
30,19,42,47
30,20,42,40
30,21,39,48
30,22,37,53
30,23,37,48
30,24,37,52
30,25,47,55
30,26,39,55
30,27,41,57
30,28,49,55
30,29,43,46
30,30,32,47
30,31,35,53
30,32,44,46
30,33,46,48
30,34,38,50
30,35,41,51
30,36,46,53
30,37,48,52
30,38,42,59
30,39,41,56
30,40,46,63
30,41,42,58
30,42,42,56
30,43,54,36
30,44,46,46
30,45,56,45
30,46,49,42
30,47,37,45
30,48,50,42
30,49,46,51
30,50,49,50
30,51,44,48
30,52,42,54
30,53,41,52
30,54,52,58
30,55,59,68
30,56,46,61
30,57,36,43
30,58,49,39
30,59,44,44
30,60,45,43
30,61,43,56
30,62,51,49
30,63,56,52
30,64,36,49
30,65,50,44
30,66,48,50
30,67,43,52
30,68,51,55
30,69,53,68
30,70,44,63
30,71,55,41
30,72,47,41
30,73,42,45
30,74,50,41
30,75,44,47
30,76,49,40
30,77,60,44
30,78,42,50
30,79,39,49
30,80,51,63
30,81,42,65
30,82,46,58
30,83,47,60
30,84,48,53
30,85,52,31
30,86,54,40
30,87,50,46
30,88,56,47
30,89,54,46
30,90,43,37
30,91,48,42
30,92,49,44
30,93,56,50
30,94,43,55
30,95,50,48
30,96,57,57
30,97,51,53
30,98,61,55
30,99,50,37
30,100,45,50
30,101,46,44
30,102,51,46
30,103,50,47
30,104,43,48
30,105,46,49
30,106,45,52
30,107,58,58
30,108,41,58
30,109,44,53
30,110,40,53
30,111,45,54
30,112,48,65
30,113,52,35
30,114,54,35
30,115,48,45
30,116,46,39
30,117,57,46
30,118,42,49
30,119,57,48
30,120,55,51
30,121,55,45
30,122,48,48
30,123,50,53
30,124,49,62
30,125,43,58
30,126,55,59
30,127,54,42
30,128,61,35
30,129,58,42
30,130,50,49
30,131,50,43
30,132,52,45
30,133,59,52
30,134,44,49
30,135,43,49
30,136,47,54
30,137,58,53
30,138,45,63
30,139,48,63
30,140,39,63
30,141,53,39
30,142,59,43
30,143,48,58
30,144,47,45
30,145,60,45
30,146,52,51
30,147,65,49
30,148,50,51
30,149,47,51
30,150,54,63
30,151,52,61
30,152,55,50
30,153,52,55
30,154,62,56
30,155,60,40
30,156,50,40
30,157,49,45
30,158,55,43
30,159,52,44
30,160,61,45
30,161,54,54
30,162,57,53
30,163,55,58
30,164,68,50
30,165,49,48
30,166,50,52
30,167,57,50
30,168,46,57
30,169,54,43
30,170,46,42
30,171,60,43
30,172,56,38
30,173,60,58
30,174,65,53
30,175,60,48
30,176,59,49
30,177,48,43
30,178,59,56
30,179,49,54
30,180,52,53
30,181,56,60
30,182,54,58
30,183,60,46
30,184,60,56
30,185,56,43
30,186,60,52
30,187,57,47
30,188,60,61
30,189,59,47
30,190,69,45
30,191,53,48
30,192,52,46
30,193,63,62
30,194,57,61
30,195,55,64
30,196,55,60
31,1,50,38
31,2,45,44
31,3,36,47
31,4,37,46
31,5,37,43
31,6,46,41
31,7,43,45
31,8,36,51
31,9,39,50
31,10,38,53
31,11,35,56
31,12,37,65
31,13,47,50
31,14,45,62
31,15,39,44
31,16,44,41
31,17,42,46
31,18,47,57
31,19,41,46
31,20,42,41
31,21,40,48
31,22,36,54
31,23,38,48
31,24,37,53
31,25,48,56
31,26,40,55
31,27,42,57
31,28,50,56
31,29,42,47
31,30,33,48
31,31,35,54
31,32,45,45
31,33,45,49
31,34,39,51
31,35,42,51
31,36,46,52
31,37,49,52
31,38,42,60
31,39,40,56
31,40,46,62
31,41,43,59
31,42,41,55
31,43,55,37
31,44,45,46
31,45,57,44
31,46,49,41
31,47,38,46
31,48,51,41
31,49,46,50
31,50,50,50
31,51,43,47
31,52,43,54
31,53,42,53
31,54,51,59
31,55,59,69
31,56,46,60
31,57,36,42
31,58,48,40
31,59,43,44
31,60,44,44
31,61,43,57
31,62,52,49
31,63,55,53
31,64,36,50
31,65,51,43
31,66,48,51
31,67,43,51
31,68,51,54
31,69,52,68
31,70,43,63
31,71,55,40
31,72,48,41
31,73,42,44
31,74,51,40
31,75,44,48
31,76,50,39
31,77,61,43
31,78,41,51
31,79,40,50
31,80,50,62
31,81,43,66
31,82,45,59
31,83,48,60
31,84,49,53
31,85,51,32
31,86,54,41
31,87,51,47
31,88,56,48
31,89,54,45
31,90,44,38
31,91,47,42
31,92,48,44
31,93,56,51
31,94,42,55
31,95,51,49
31,96,56,57
31,97,52,52
31,98,60,54
31,99,51,36
31,100,46,51
31,101,46,43
31,102,50,45
31,103,49,47
31,104,42,48
31,105,47,48
31,106,44,51
31,107,59,58
31,108,42,58
31,109,45,52
31,110,40,52
31,111,46,55
31,112,47,64
31,113,51,35
31,114,55,34
31,115,48,46
31,116,46,40
31,117,58,47
31,118,41,50
31,119,57,49
31,120,55,52
31,121,55,44
31,122,47,49
31,123,51,52
31,124,48,61
31,125,42,59
31,126,54,59
31,127,53,41
31,128,61,36
31,129,59,42
31,130,50,48
31,131,50,42
31,132,53,46
31,133,60,53
31,134,43,50
31,135,43,48
31,136,48,53
31,137,59,54
31,138,44,63
31,139,49,62
31,140,40,64
31,141,52,38
31,142,58,42
31,143,49,59
31,144,46,45
31,145,60,44
31,146,53,50
31,147,64,50
31,148,51,51
31,149,48,52
31,150,53,63
31,151,52,60
31,152,55,49
31,153,51,55
31,154,61,56
31,155,61,39
31,156,51,39
31,157,49,44
31,158,54,44
31,159,53,44
31,160,62,45
31,161,55,54
31,162,57,52
31,163,54,57
31,164,67,51
31,165,50,47
31,166,49,51
31,167,58,51
31,168,45,58
31,169,55,42
31,170,45,42
31,171,60,42
31,172,57,39
31,173,61,59
31,174,66,53
31,175,59,48
31,176,58,50
31,177,48,42
31,178,60,57
31,179,48,55
31,180,53,54
31,181,56,59
31,182,55,59
31,183,59,46
31,184,61,55
31,185,56,44
31,186,60,51
31,187,56,46
31,188,59,62
31,189,60,47
31,190,68,46
31,191,54,47
31,192,51,45
31,193,62,63
31,194,58,60
31,195,56,64
31,196,56,60
32,1,51,38
32,2,45,43
32,3,36,46
32,4,36,47
32,5,38,44
32,6,47,40
32,7,44,45
32,8,36,52
32,9,38,50
32,10,38,54
32,11,34,57
32,12,38,64
32,13,48,50
32,14,44,61
32,15,39,43
32,16,43,40
32,17,41,45
32,18,46,56
32,19,40,46
32,20,42,42
32,21,41,49
32,22,36,53
32,23,38,49
32,24,38,52
32,25,49,55
32,26,39,56
32,27,43,56
32,28,51,56
32,29,41,46
32,30,32,48
32,31,35,55
32,32,46,44
32,33,44,49
32,34,39,50
32,35,43,52
32,36,47,52
32,37,50,53
32,38,41,59
32,39,39,55
32,40,45,61
32,41,44,60
32,42,41,56
32,43,56,36
32,44,45,47
32,45,58,45
32,46,50,41
32,47,39,47
32,48,52,41
32,49,45,50
32,50,50,49
32,51,44,46
32,52,42,54
32,53,41,54
32,54,51,60
32,55,58,69
32,56,47,60
32,57,35,43
32,58,49,40
32,59,44,43
32,60,45,45
32,61,44,56
32,62,52,48
32,63,54,52
32,64,35,51
32,65,50,43
32,66,49,52
32,67,44,52
32,68,50,55
32,69,51,68
32,70,43,64
32,71,56,40
32,72,48,40
32,73,41,44
32,74,52,40
32,75,45,49
32,76,49,39
32,77,62,42
32,78,42,52
32,79,40,49
32,80,51,62
32,81,44,65
32,82,46,59
32,83,49,61
32,84,48,54
32,85,50,32
32,86,55,40
32,87,50,46
32,88,56,49
32,89,55,46
32,90,45,39
32,91,46,42
32,92,47,43
32,93,55,50
32,94,42,56
32,95,51,50
32,96,57,58
32,97,53,52
32,98,61,53
32,99,52,36
32,100,46,52
32,101,47,42
32,102,51,46
32,103,48,47
32,104,42,49
32,105,47,47
32,106,45,51
32,107,59,57
32,108,41,57
32,109,46,53
32,110,40,51
32,111,45,55
32,112,48,65
32,113,50,34
32,114,54,33
32,115,49,45
32,116,45,40
32,117,59,47
32,118,42,50
32,119,57,50
32,120,56,51
32,121,55,45
32,122,46,49
32,123,52,52
32,124,47,62
32,125,43,59
32,126,53,59
32,127,54,42
32,128,60,37
32,129,60,41
32,130,51,49
32,131,49,42
32,132,52,47
32,133,60,52
32,134,43,51
32,135,43,49
32,136,49,54
32,137,58,55
32,138,44,62
32,139,48,63
32,140,39,64
32,141,52,37
32,142,57,42
32,143,48,59
32,144,47,45
32,145,60,43
32,146,54,51
32,147,64,49
32,148,51,52
32,149,47,51
32,150,54,62
32,151,53,60
32,152,56,50
32,153,51,54
32,154,62,56
32,155,62,40
32,156,51,40
32,157,50,45
32,158,53,45
32,159,52,45
32,160,62,46
32,161,54,55
32,162,56,53
32,163,55,56
32,164,68,52
32,165,51,48
32,166,49,50
32,167,59,52
32,168,44,57
32,169,56,43
32,170,46,43
32,171,59,43
32,172,56,38
32,173,60,59
32,174,66,52
32,175,60,48
32,176,58,51
32,177,49,41
32,178,61,58
32,179,49,56
32,180,53,53
32,181,57,60
32,182,54,60
32,183,58,46
32,184,60,56
32,185,57,45
32,186,59,51
32,187,57,47
32,188,58,63
32,189,61,46
32,190,67,47
32,191,53,46
32,192,52,46
32,193,61,62
32,194,57,61
32,195,57,64
32,196,56,61
33,1,52,38
33,2,44,42
33,3,37,46
33,4,37,47
33,5,39,45
33,6,48,41
33,7,45,46
33,8,37,53
33,9,38,51
33,10,39,54
33,11,35,58
33,12,38,63
33,13,49,49
33,14,45,60
33,15,39,44
33,16,44,39
33,17,40,45
33,18,47,57
33,19,40,47
33,20,42,43
33,21,41,50
33,22,36,54
33,23,38,48
33,24,38,53
33,25,50,56
33,26,40,55
33,27,42,57
33,28,51,57
33,29,42,46
33,30,31,47
33,31,34,56
33,32,47,44
33,33,44,50
33,34,39,49
33,35,42,53
33,36,46,51
33,37,50,52
33,38,41,60
33,39,38,56
33,40,44,61
33,41,43,60
33,42,42,55
33,43,56,37
33,44,44,47
33,45,58,44
33,46,50,40
33,47,38,46
33,48,53,41
33,49,44,51
33,50,50,48
33,51,44,45
33,52,43,54
33,53,41,55
33,54,50,61
33,55,57,69
33,56,47,61
33,57,34,43
33,58,48,39
33,59,45,44
33,60,44,46
33,61,43,57
33,62,51,47
33,63,53,51
33,64,36,51
33,65,49,44
33,66,49,53
33,67,44,53
33,68,51,56
33,69,50,67
33,70,43,63
33,71,57,41
33,72,47,41
33,73,41,43
33,74,52,39
33,75,46,50
33,76,48,40
33,77,61,43
33,78,41,53
33,79,41,49
33,80,52,62
33,81,43,66
33,82,45,58
33,83,48,60
33,84,47,55
33,85,51,31
33,86,56,40
33,87,49,47
33,88,57,48
33,89,55,47
33,90,46,39
33,91,45,41
33,92,46,44
33,93,55,49
33,94,43,55
33,95,51,51
33,96,57,59
33,97,54,53
33,98,61,54
33,99,53,37
33,100,45,53
33,101,48,43
33,102,50,47
33,103,49,46
33,104,43,48
33,105,48,47
33,106,44,52
33,107,58,57
33,108,40,57
33,109,46,54
33,110,40,52
33,111,46,56
33,112,47,66
33,113,51,35
33,114,54,32
33,115,50,44
33,116,45,39
33,117,58,48
33,118,42,51
33,119,58,50
33,120,55,51
33,121,54,44
33,122,47,48
33,123,52,51
33,124,46,62
33,125,44,58
33,126,52,59
33,127,55,43
33,128,59,37
33,129,59,41
33,130,50,50
33,131,50,43
33,132,53,48
33,133,61,53
33,134,43,50
33,135,44,49
33,136,48,55
33,137,59,56
33,138,44,63
33,139,47,63
33,140,40,65
33,141,51,37
33,142,58,43
33,143,48,58
33,144,48,46
33,145,60,42
33,146,54,50
33,147,65,49
33,148,50,53
33,149,47,50
33,150,53,62
33,151,54,59
33,152,55,50
33,153,52,53
33,154,61,56
33,155,61,41
33,156,52,41
33,157,51,44
33,158,52,44
33,159,53,44
33,160,61,47
33,161,54,56
33,162,56,52
33,163,56,56
33,164,69,53
33,165,52,49
33,166,48,49
33,167,58,53
33,168,43,56
33,169,56,44
33,170,47,43
33,171,60,44
33,172,55,37
33,173,61,59
33,174,66,53
33,175,59,47
33,176,58,52
33,177,50,41
33,178,60,59
33,179,49,57
33,180,52,54
33,181,58,59
33,182,55,61
33,183,58,47
33,184,59,55
33,185,56,46
33,186,59,50
33,187,57,46
33,188,59,62
33,189,62,45
33,190,66,46
33,191,54,45
33,192,51,46
33,193,60,61
33,194,56,62
33,195,58,63
33,196,57,60
34,1,52,37
34,2,45,42
34,3,36,46
34,4,37,48
34,5,38,44
34,6,49,41
34,7,46,47
34,8,37,52
34,9,39,52
34,10,39,55
34,11,34,57
34,12,38,62
34,13,49,50
34,14,45,59
34,15,39,45
34,16,43,38
34,17,39,44
34,18,48,57
34,19,39,48
34,20,43,43
34,21,40,49
34,22,37,53
34,23,38,49
34,24,38,54
34,25,50,55
34,26,40,54
34,27,41,56
34,28,50,57
34,29,41,47
34,30,30,46
34,31,35,55
34,32,47,45
34,33,45,49
34,34,39,50
34,35,42,52
34,36,47,52
34,37,51,52
34,38,41,61
34,39,38,55
34,40,43,61
34,41,43,59
34,42,42,54
34,43,57,38
34,44,45,46
34,45,59,45
34,46,49,40
34,47,38,45
34,48,52,42
34,49,45,51
34,50,51,49
34,51,43,45
34,52,44,55
34,53,40,56
34,54,51,60
34,55,57,68
34,56,47,60
34,57,34,42
34,58,48,38
34,59,44,44
34,60,43,46
34,61,42,58
34,62,50,46
34,63,52,52
34,64,35,52
34,65,48,45
34,66,48,53
34,67,45,52
34,68,52,55
34,69,49,66
34,70,42,62
34,71,57,40
34,72,47,40
34,73,40,44
34,74,51,39
34,75,46,51
34,76,49,39
34,77,61,42
34,78,40,53
34,79,42,50
34,80,51,62
34,81,43,67
34,82,46,57
34,83,48,59
34,84,47,56
34,85,51,32
34,86,57,41
34,87,49,48
34,88,56,47
34,89,54,48
34,90,46,38
34,91,46,40
34,92,45,43
34,93,55,48
34,94,44,56
34,95,52,50
34,96,56,60
34,97,55,53
34,98,62,53
34,99,54,38
34,100,46,52
34,101,47,42
34,102,49,47
34,103,50,47
34,104,42,47
34,105,47,46
34,106,45,53
34,107,58,58
34,108,41,57
34,109,46,53
34,110,39,53
34,111,47,57
34,112,48,65
34,113,50,34
34,114,54,33
34,115,51,43
34,116,44,38
34,117,59,48
34,118,43,52
34,119,58,51
34,120,54,52
34,121,53,43
34,122,48,48
34,123,53,51
34,124,47,62
34,125,44,57
34,126,53,58
34,127,54,44
34,128,60,36
34,129,58,42
34,130,49,49
34,131,49,44
34,132,54,47
34,133,61,52
34,134,43,49
34,135,43,48
34,136,47,54
34,137,60,57
34,138,44,64
34,139,47,64
34,140,41,66
34,141,52,36
34,142,59,43
34,143,47,58
34,144,49,45
34,145,60,41
34,146,53,50
34,147,65,48
34,148,51,54
34,149,46,50
34,150,52,61
34,151,53,60
34,152,55,51
34,153,51,53
34,154,60,55
34,155,60,42
34,156,51,41
34,157,52,43
34,158,53,45
34,159,52,44
34,160,62,48
34,161,55,55
34,162,57,51
34,163,56,55
34,164,68,54
34,165,53,48
34,166,47,50
34,167,57,53
34,168,43,55
34,169,55,43
34,170,46,44
34,171,60,45
34,172,55,36
34,173,61,58
34,174,67,52
34,175,60,47
34,176,58,53
34,177,50,40
34,178,61,60
34,179,48,58
34,180,53,53
34,181,58,60
34,182,55,60
34,183,57,47
34,184,60,54
34,185,55,46
34,186,59,51
34,187,56,46
34,188,60,63
34,189,62,46
34,190,67,45
34,191,53,44
34,192,51,45
34,193,59,60
34,194,55,62
34,195,58,64
34,196,58,61
35,1,51,36
35,2,44,41
35,3,37,46
35,4,36,48
35,5,37,45
35,6,50,41
35,7,46,46
35,8,38,51
35,9,38,53
35,10,38,56
35,11,34,56
35,12,37,61
35,13,48,49
35,14,46,60
35,15,40,46
35,16,42,39
35,17,38,44
35,18,49,57
35,19,39,47
35,20,43,44
35,21,41,48
35,22,36,52
35,23,37,49
35,24,37,54
35,25,51,55
35,26,41,53
35,27,40,57
35,28,49,56
35,29,42,48
35,30,30,45
35,31,35,54
35,32,48,46
35,33,45,48
35,34,38,50
35,35,41,52
35,36,47,53
35,37,50,51
35,38,40,62
35,39,37,55
35,40,42,61
35,41,44,59
35,42,41,55
35,43,56,39
35,44,44,45
35,45,59,46
35,46,49,41
35,47,37,44
35,48,53,41
35,49,44,51
35,50,50,48
35,51,42,46
35,52,43,56
35,53,41,56
35,54,50,59
35,55,56,69
35,56,48,60
35,57,35,41
35,58,47,37
35,59,43,43
35,60,44,47
35,61,43,58
35,62,51,46
35,63,52,53
35,64,35,53
35,65,47,44
35,66,49,54
35,67,45,51
35,68,51,56
35,69,50,67
35,70,41,62
35,71,57,39
35,72,48,40
35,73,41,43
35,74,50,38
35,75,47,51
35,76,49,38
35,77,62,42
35,78,39,52
35,79,41,51
35,80,50,62
35,81,44,67
35,82,46,58
35,83,49,58
35,84,47,55
35,85,52,32
35,86,57,42
35,87,50,49
35,88,55,47
35,89,55,49
35,90,45,39
35,91,47,41
35,92,46,42
35,93,56,47
35,94,45,55
35,95,52,51
35,96,55,61
35,97,56,54
35,98,63,53
35,99,55,37
35,100,46,51
35,101,47,43
35,102,49,48
35,103,50,46
35,104,41,47
35,105,48,45
35,106,46,52
35,107,57,59
35,108,42,56
35,109,45,52
35,110,39,54
35,111,46,57
35,112,49,64
35,113,49,35
35,114,55,34
35,115,50,44
35,116,45,38
35,117,60,49
35,118,42,52
35,119,58,50
35,120,55,52
35,121,52,42
35,122,48,47
35,123,53,52
35,124,46,62
35,125,45,56
35,126,54,58
35,127,53,43
35,128,60,37
35,129,57,41
35,130,50,50
35,131,50,45
35,132,54,46
35,133,62,52
35,134,42,49
35,135,44,48
35,136,46,53
35,137,59,57
35,138,45,63
35,139,48,63
35,140,40,67
35,141,53,35
35,142,59,44
35,143,46,59
35,144,48,44
35,145,59,40
35,146,54,49
35,147,66,49
35,148,50,54
35,149,47,49
35,150,51,61
35,151,54,60
35,152,54,52
35,153,51,52
35,154,59,55
35,155,61,41
35,156,51,42
35,157,51,44
35,158,54,45
35,159,52,45
35,160,63,48
35,161,54,54
35,162,56,51
35,163,55,55
35,164,69,53
35,165,52,47
35,166,46,50
35,167,57,52
35,168,42,55
35,169,54,44
35,170,45,43
35,171,61,46
35,172,54,36
35,173,61,59
35,174,67,51
35,175,61,48
35,176,59,54
35,177,51,40
35,178,62,59
35,179,48,57
35,180,54,53
35,181,58,59
35,182,54,59
35,183,57,48
35,184,60,53
35,185,54,47
35,186,60,51
35,187,55,45
35,188,59,63
35,189,63,46
35,190,66,45
35,191,52,43
35,192,52,46
35,193,59,59
35,194,56,61
35,195,57,63
35,196,57,61
36,1,51,35
36,2,45,40
36,3,36,47
36,4,37,47
36,5,38,45
36,6,49,42
36,7,45,47
36,8,37,52
36,9,38,52
36,10,38,57
36,11,35,56
36,12,38,61
36,13,49,50
36,14,45,61
36,15,39,45
36,16,43,40
36,17,37,43
36,18,50,57
36,19,38,46
36,20,44,44
36,21,40,49
36,22,35,52
36,23,38,48
36,24,36,53
36,25,50,56
36,26,40,52
36,27,39,58
36,28,50,55
36,29,41,48
36,30,30,46
36,31,34,54
36,32,47,46
36,33,46,48
36,34,39,50
36,35,42,51
36,36,48,53
36,37,50,52
36,38,41,61
36,39,38,55
36,40,42,60
36,41,44,58
36,42,41,54
36,43,57,38
36,44,45,46
36,45,58,46
36,46,48,41
36,47,38,44
36,48,54,40
36,49,45,50
36,50,50,47
36,51,43,46
36,52,44,56
36,53,40,55
36,54,51,59
36,55,56,70
36,56,47,60
36,57,34,42
36,58,46,38
36,59,44,43
36,60,45,48
36,61,44,57
36,62,51,45
36,63,52,54
36,64,36,52
36,65,46,44
36,66,48,55
36,67,44,50
36,68,51,57
36,69,49,66
36,70,41,63
36,71,58,40
36,72,47,39
36,73,40,43
36,74,51,39
36,75,48,51
36,76,49,37
36,77,61,43
36,78,40,51
36,79,41,52
36,80,49,63
36,81,43,68
36,82,45,57
36,83,49,57
36,84,46,56
36,85,52,31
36,86,56,43
36,87,51,49
36,88,55,48
36,89,56,48
36,90,44,39
36,91,47,42
36,92,46,41
36,93,56,46
36,94,45,54
36,95,51,50
36,96,54,62
36,97,55,53
36,98,64,54
36,99,55,36
36,100,47,50
36,101,48,43
36,102,48,48
36,103,49,45
36,104,40,48
36,105,47,44
36,106,47,52
36,107,56,60
36,108,43,57
36,109,44,53
36,110,39,55
36,111,46,58
36,112,50,63
36,113,49,34
36,114,54,35
36,115,50,43
36,116,46,37
36,117,59,49
36,118,43,52
36,119,57,51
36,120,56,53
36,121,53,41
36,122,47,48
36,123,54,51
36,124,47,63
36,125,45,55
36,126,55,58
36,127,52,44
36,128,59,37
36,129,56,41
36,130,51,51
36,131,50,46
36,132,53,45
36,133,62,51
36,134,41,49
36,135,44,47
36,136,47,54
36,137,60,56
36,138,44,63
36,139,48,64
36,140,41,67
36,141,52,35
36,142,59,43
36,143,47,58
36,144,49,44
36,145,58,39
36,146,54,50
36,147,66,50
36,148,51,55
36,149,46,49
36,150,51,62
36,151,55,60
36,152,55,51
36,153,50,51
36,154,59,56
36,155,60,41
36,156,51,41
36,157,50,44
36,158,54,46
36,159,53,44
36,160,64,48
36,161,53,54
36,162,56,52
36,163,54,54
36,164,68,52
36,165,53,48
36,166,46,51
36,167,57,53
36,168,43,54
36,169,53,43
36,170,46,43
36,171,60,47
36,172,54,37
36,173,60,58
36,174,66,52
36,175,62,49
36,176,58,53
36,177,52,41
36,178,63,60
36,179,48,58
36,180,53,52
36,181,59,58
36,182,55,59
36,183,58,49
36,184,60,52
36,185,55,46
36,186,61,52
36,187,56,45
36,188,60,63
36,189,64,45
36,190,67,46
36,191,51,44
36,192,53,46
36,193,58,58
36,194,57,62
36,195,56,63
36,196,58,60
37,1,50,34
37,2,44,40
37,3,36,46
37,4,37,48
37,5,39,46
37,6,48,42
37,7,46,47
37,8,38,51
37,9,38,53
37,10,37,57
37,11,34,57
37,12,37,60
37,13,49,49
37,14,45,60
37,15,39,44
37,16,42,41
37,17,36,42
37,18,51,58
37,19,38,47
37,20,45,44
37,21,39,48
37,22,34,51
37,23,38,49
37,24,35,54
37,25,51,56
37,26,40,53
37,27,40,59
37,28,50,54
37,29,40,47
37,30,31,47
37,31,33,53
37,32,48,47
37,33,47,49
37,34,39,49
37,35,42,52
37,36,48,54
37,37,49,51
37,38,42,61
37,39,37,54
37,40,42,59
37,41,45,58
37,42,41,55
37,43,57,39
37,44,44,46
37,45,57,46
37,46,49,40
37,47,37,45
37,48,53,40
37,49,44,49
37,50,49,48
37,51,42,47
37,52,43,56
37,53,41,56
37,54,50,59
37,55,55,69
37,56,46,61
37,57,35,43
37,58,45,39
37,59,43,43
37,60,46,48
37,61,44,56
37,62,52,45
37,63,53,53
37,64,36,51
37,65,45,45
37,66,47,55
37,67,44,51
37,68,52,57
37,69,50,67
37,70,41,62
37,71,57,41
37,72,48,38
37,73,41,43
37,74,50,38
37,75,49,50
37,76,49,36
37,77,60,43
37,78,40,52
37,79,41,53
37,80,50,62
37,81,44,67
37,82,46,57
37,83,50,58
37,84,47,56
37,85,52,32
37,86,55,42
37,87,52,49
37,88,56,49
37,89,56,47
37,90,43,39
37,91,48,41
37,92,47,40
37,93,57,45
37,94,46,53
37,95,52,51
37,96,54,63
37,97,54,53
37,98,64,55
37,99,56,37
37,100,48,50
37,101,47,43
37,102,49,47
37,103,48,46
37,104,41,48
37,105,48,43
37,106,48,53
37,107,56,61
37,108,42,58
37,109,44,54
37,110,40,55
37,111,45,57
37,112,49,62
37,113,50,35
37,114,53,36
37,115,51,43
37,116,46,36
37,117,58,50
37,118,43,51
37,119,56,51
37,120,57,52
37,121,52,42
37,122,47,47
37,123,53,50
37,124,47,64
37,125,44,55
37,126,56,57
37,127,52,43
37,128,60,37
37,129,57,40
37,130,52,50
37,131,51,47
37,132,54,44
37,133,62,52
37,134,42,50
37,135,45,46
37,136,48,55
37,137,61,56
37,138,45,62
37,139,47,65
37,140,40,67
37,141,51,35
37,142,59,42
37,143,47,59
37,144,48,45
37,145,57,38
37,146,53,51
37,147,65,51
37,148,52,56
37,149,45,48
37,150,52,63
37,151,56,60
37,152,56,50
37,153,51,52
37,154,58,55
37,155,61,41
37,156,50,42
37,157,50,43
37,158,54,45
37,159,53,45
37,160,65,49
37,161,52,55
37,162,56,53
37,163,55,53
37,164,68,53
37,165,52,48
37,166,47,50
37,167,56,54
37,168,43,55
37,169,52,44
37,170,46,44
37,171,61,48
37,172,55,38
37,173,60,57
37,174,67,53
37,175,62,48
37,176,57,53
37,177,51,41
37,178,64,60
37,179,49,59
37,180,52,53
37,181,60,59
37,182,56,59
37,183,59,49
37,184,60,51
37,185,54,47
37,186,62,53
37,187,56,46
37,188,61,63
37,189,63,44
37,190,68,46
37,191,51,45
37,192,52,47
37,193,57,59
37,194,57,63
37,195,56,64
37,196,59,60
38,1,51,34
38,2,45,41
38,3,35,47
38,4,37,47
38,5,38,46
38,6,49,42
38,7,45,47
38,8,37,52
38,9,39,54
38,10,36,58
38,11,33,58
38,12,36,59
38,13,48,49
38,14,46,60
38,15,40,43
38,16,41,42
38,17,37,42
38,18,52,58
38,19,37,48
38,20,44,44
38,21,40,49
38,22,33,51
38,23,37,49
38,24,36,55
38,25,51,55
38,26,39,53
38,27,40,58
38,28,51,54
38,29,40,48
38,30,31,46
38,31,32,52
38,32,48,48
38,33,46,49
38,34,39,50
38,35,41,51
38,36,49,54
38,37,50,50
38,38,43,62
38,39,38,55
38,40,41,58
38,41,44,59
38,42,42,56
38,43,58,39
38,44,44,45
38,45,58,46
38,46,48,39
38,47,38,45
38,48,53,41
38,49,45,50
38,50,50,48
38,51,41,46
38,52,42,57
38,53,40,56
38,54,50,60
38,55,54,69
38,56,47,60
38,57,36,43
38,58,46,38
38,59,44,43
38,60,47,49
38,61,45,55
38,62,53,44
38,63,53,52
38,64,35,50
38,65,46,46
38,66,47,54
38,67,43,52
38,68,51,58
38,69,51,66
38,70,40,61
38,71,58,40
38,72,49,38
38,73,40,44
38,74,51,37
38,75,49,49
38,76,48,35
38,77,60,42
38,78,39,52
38,79,40,53
38,80,51,63
38,81,43,66
38,82,46,56
38,83,50,59
38,84,48,57
38,85,52,31
38,86,55,41
38,87,53,48
38,88,57,49
38,89,57,46
38,90,44,40
38,91,47,42
38,92,48,40
38,93,58,44
38,94,45,53
38,95,51,51
38,96,55,63
38,97,55,52
38,98,65,54
38,99,57,37
38,100,49,50
38,101,48,42
38,102,48,47
38,103,49,46
38,104,41,49
38,105,49,44
38,106,48,54
38,107,57,60
38,108,41,59
38,109,45,54
38,110,40,54
38,111,45,58
38,112,49,61
38,113,49,36
38,114,52,36
38,115,50,44
38,116,45,35
38,117,59,50
38,118,43,50
38,119,55,50
38,120,56,51
38,121,53,42
38,122,46,48
38,123,52,51
38,124,46,64
38,125,43,54
38,126,55,56
38,127,52,42
38,128,60,36
38,129,57,39
38,130,51,49
38,131,52,46
38,132,55,43
38,133,61,51
38,134,43,51
38,135,46,45
38,136,47,56
38,137,62,57
38,138,46,61
38,139,47,64
38,140,39,67
38,141,52,34
38,142,58,41
38,143,47,58
38,144,47,46
38,145,58,38
38,146,53,50
38,147,65,50
38,148,51,56
38,149,44,48
38,150,53,64
38,151,55,61
38,152,55,49
38,153,52,52
38,154,59,54
38,155,60,41
38,156,49,43
38,157,51,42
38,158,55,46
38,159,52,45
38,160,66,50
38,161,52,56
38,162,56,52
38,163,54,53
38,164,67,52
38,165,51,48
38,166,48,50
38,167,55,54
38,168,44,55
38,169,53,45
38,170,47,45
38,171,62,47
38,172,54,39
38,173,59,58
38,174,68,52
38,175,63,48
38,176,56,53
38,177,50,40
38,178,65,59
38,179,48,58
38,180,53,53
38,181,60,58
38,182,57,58
38,183,59,48
38,184,61,52
38,185,54,46
38,186,63,52
38,187,57,45
38,188,60,64
38,189,64,45
38,190,69,47
38,191,51,46
38,192,51,47
38,193,56,60
38,194,57,64
38,195,57,63
38,196,58,61
39,1,51,33
39,2,46,42
39,3,35,48
39,4,38,47
39,5,37,47
39,6,50,42
39,7,44,46
39,8,36,52
39,9,38,54
39,10,35,59
39,11,33,59
39,12,35,60
39,13,49,48
39,14,47,59
39,15,41,44
39,16,42,41
39,17,37,41
39,18,52,57
39,19,36,49
39,20,43,45
39,21,39,49
39,22,32,51
39,23,38,48
39,24,35,54
39,25,50,54
39,26,38,52
39,27,39,58
39,28,51,55
39,29,40,49
39,30,32,46
39,31,33,51
39,32,47,48
39,33,47,50
39,34,40,50
39,35,41,52
39,36,49,55
39,37,50,51
39,38,44,63
39,39,38,56
39,40,41,57
39,41,43,59
39,42,41,56
39,43,59,40
39,44,45,44
39,45,59,45
39,46,47,40
39,47,38,46
39,48,54,41
39,49,46,51
39,50,49,47
39,51,40,46
39,52,42,58
39,53,40,55
39,54,51,60
39,55,53,68
39,56,47,61
39,57,37,43
39,58,47,39
39,59,43,42
39,60,46,49
39,61,46,55
39,62,52,43
39,63,52,53
39,64,35,49
39,65,46,47
39,66,46,54
39,67,44,53
39,68,50,58
39,69,50,65
39,70,40,62
39,71,57,41
39,72,49,37
39,73,40,45
39,74,50,36
39,75,50,50
39,76,47,34
39,77,59,43
39,78,40,51
39,79,41,53
39,80,51,64
39,81,44,65
39,82,45,55
39,83,49,60
39,84,47,57
39,85,53,30
39,86,55,42
39,87,52,48
39,88,56,48
39,89,56,45
39,90,44,41
39,91,46,41
39,92,49,39
39,93,57,43
39,94,44,52
39,95,50,52
39,96,54,62
39,97,54,52
39,98,65,53
39,99,56,37
39,100,48,51
39,101,47,41
39,102,48,46
39,103,49,45
39,104,41,50
39,105,50,45
39,106,47,54
39,107,58,59
39,108,41,58
39,109,46,53
39,110,39,53
39,111,44,58
39,112,50,62
39,113,50,37
39,114,53,36
39,115,51,45
39,116,44,36
39,117,58,49
39,118,42,49
39,119,56,50
39,120,57,50
39,121,54,42
39,122,47,47
39,123,53,52
39,124,45,63
39,125,43,55
39,126,54,56
39,127,51,41
39,128,59,37
39,129,58,39
39,130,52,50
39,131,53,46
39,132,54,44
39,133,60,52
39,134,42,52
39,135,45,46
39,136,46,56
39,137,61,58
39,138,47,62
39,139,46,64
39,140,38,67
39,141,51,34
39,142,59,41
39,143,46,59
39,144,46,46
39,145,58,37
39,146,53,51
39,147,65,49
39,148,52,55
39,149,44,49
39,150,54,65
39,151,56,61
39,152,56,49
39,153,51,53
39,154,58,54
39,155,61,40
39,156,48,43
39,157,50,43
39,158,56,46
39,159,53,44
39,160,65,51
39,161,53,56
39,162,55,51
39,163,55,52
39,164,66,52
39,165,52,47
39,166,47,49
39,167,56,54
39,168,44,54
39,169,54,45
39,170,46,44
39,171,61,47
39,172,55,38
39,173,59,57
39,174,68,53
39,175,64,49
39,176,57,54
39,177,51,40
39,178,65,60
39,179,48,59
39,180,52,52
39,181,60,59
39,182,58,58
39,183,59,47
39,184,62,52
39,185,55,47
39,186,62,53
39,187,58,46
39,188,61,64
39,189,65,45
39,190,68,47
39,191,50,47
39,192,51,46
39,193,57,60
39,194,58,63
39,195,56,64
39,196,58,62
40,1,50,33
40,2,47,43
40,3,34,49
40,4,39,46
40,5,38,47
40,6,51,43
40,7,45,45
40,8,35,52
40,9,37,54
40,10,34,59
40,11,32,59
40,12,36,59
40,13,50,48
40,14,48,60
40,15,42,45
40,16,43,41
40,17,37,40
40,18,52,56
40,19,36,48
40,20,44,46
40,21,38,50
40,22,33,52
40,23,37,47
40,24,35,53
40,25,49,54
40,26,37,52
40,27,39,59
40,28,50,54
40,29,39,49
40,30,33,46
40,31,32,52
40,32,46,48
40,33,48,49
40,34,39,51
40,35,40,53
40,36,50,56
40,37,49,51
40,38,44,64
40,39,37,55
40,40,40,58
40,41,43,60
40,42,40,57
40,43,59,39
40,44,44,44
40,45,59,44
40,46,46,40
40,47,37,46
40,48,53,41
40,49,47,51
40,50,48,47
40,51,39,47
40,52,42,57
40,53,41,54
40,54,52,60
40,55,52,68
40,56,47,60
40,57,36,44
40,58,47,40
40,59,43,43
40,60,45,50
40,61,45,56
40,62,53,42
40,63,53,53
40,64,35,50
40,65,45,47
40,66,47,53
40,67,45,53
40,68,50,57
40,69,49,65
40,70,41,62
40,71,58,42
40,72,50,38
40,73,41,45
40,74,51,36
40,75,50,49
40,76,48,33
40,77,60,42
40,78,40,52
40,79,42,53
40,80,52,65
40,81,43,65
40,82,44,55
40,83,49,61
40,84,46,57
40,85,52,29
40,86,54,41
40,87,52,49
40,88,57,47
40,89,55,44
40,90,44,42
40,91,47,42
40,92,48,38
40,93,56,44
40,94,44,53
40,95,49,53
40,96,53,62
40,97,54,51
40,98,64,54
40,99,57,36
40,100,49,50
40,101,46,42
40,102,47,45
40,103,48,45
40,104,40,51
40,105,49,45
40,106,46,55
40,107,57,59
40,108,41,59
40,109,46,52
40,110,38,53
40,111,44,59
40,112,51,61
40,113,49,37
40,114,54,37
40,115,52,44
40,116,43,35
40,117,59,48
40,118,42,48
40,119,55,49
40,120,58,51
40,121,55,41
40,122,47,46
40,123,54,52
40,124,45,62
40,125,43,56
40,126,55,56
40,127,52,42
40,128,60,37
40,129,59,38
40,130,51,51
40,131,52,45
40,132,54,43
40,133,61,53
40,134,42,51
40,135,46,47
40,136,47,57
40,137,61,59
40,138,48,61
40,139,45,64
40,140,39,68
40,141,50,35
40,142,59,40
40,143,45,59
40,144,46,45
40,145,57,37
40,146,52,50
40,147,64,48
40,148,51,56
40,149,45,49
40,150,55,64
40,151,55,60
40,152,55,50
40,153,51,54
40,154,58,53
40,155,61,41
40,156,48,42
40,157,50,44
40,158,56,45
40,159,54,44
40,160,65,52
40,161,54,56
40,162,56,51
40,163,55,51
40,164,66,53
40,165,53,46
40,166,48,48
40,167,56,53
40,168,45,55
40,169,55,45
40,170,47,44
40,171,62,46
40,172,56,38
40,173,58,56
40,174,67,52
40,175,64,50
40,176,58,54
40,177,52,39
40,178,66,59
40,179,49,60
40,180,52,53
40,181,60,60
40,182,59,58
40,183,58,47
40,184,61,52
40,185,54,46
40,186,63,53
40,187,57,45
40,188,61,65
40,189,66,44
40,190,68,48
40,191,49,48
40,192,52,46
40,193,56,61
40,194,57,62
40,195,55,63
40,196,58,61
41,1,51,34
41,2,48,43
41,3,34,48
41,4,38,46
41,5,37,48
41,6,50,43
41,7,45,46
41,8,34,53
41,9,36,53
41,10,33,59
41,11,31,60
41,12,37,60
41,13,51,49
41,14,47,59
41,15,43,44
41,16,44,41
41,17,38,39
41,18,51,55
41,19,36,47
41,20,44,47
41,21,38,51
41,22,32,53
41,23,36,46
41,24,35,52
41,25,49,55
41,26,36,51
41,27,38,60
41,28,49,54
41,29,40,50
41,30,34,47
41,31,33,52
41,32,47,48
41,33,47,49
41,34,38,52
41,35,39,52
41,36,51,57
41,37,48,51
41,38,43,64
41,39,38,54
41,40,39,57
41,41,43,61
41,42,41,58
41,43,58,38
41,44,43,45
41,45,59,45
41,46,47,41
41,47,37,45
41,48,54,40
41,49,47,52
41,50,49,47
41,51,40,47
41,52,41,57
41,53,42,55
41,54,52,59
41,55,53,69
41,56,48,60
41,57,37,44
41,58,46,41
41,59,42,43
41,60,46,49
41,61,46,56
41,62,54,42
41,63,52,52
41,64,36,49
41,65,44,46
41,66,48,54
41,67,44,52
41,68,50,58
41,69,50,65
41,70,41,63
41,71,59,43
41,72,51,39
41,73,40,46
41,74,52,36
41,75,51,50
41,76,47,33
41,77,60,43
41,78,41,52
41,79,43,53
41,80,52,66
41,81,42,65
41,82,44,54
41,83,50,62
41,84,47,56
41,85,51,30
41,86,55,42
41,87,51,48
41,88,58,46
41,89,55,43
41,90,45,43
41,91,47,43
41,92,47,39
41,93,56,43
41,94,45,54
41,95,50,54
41,96,53,61
41,97,55,52
41,98,63,54
41,99,56,35
41,100,48,50
41,101,47,42
41,102,48,44
41,103,47,45
41,104,41,51
41,105,48,45
41,106,47,54
41,107,56,60
41,108,42,59
41,109,45,52
41,110,39,53
41,111,45,60
41,112,51,62
41,113,50,36
41,114,53,38
41,115,53,43
41,116,44,35
41,117,60,47
41,118,41,49
41,119,56,49
41,120,57,52
41,121,56,42
41,122,46,46
41,123,53,52
41,124,44,63
41,125,43,57
41,126,56,55
41,127,51,43
41,128,61,38
41,129,60,39
41,130,50,51
41,131,51,45
41,132,53,44
41,133,61,54
41,134,41,50
41,135,45,47
41,136,47,58
41,137,62,58
41,138,48,62
41,139,44,65
41,140,40,67
41,141,51,35
41,142,58,40
41,143,44,60
41,144,47,46
41,145,57,36
41,146,53,50
41,147,64,49
41,148,52,55
41,149,45,48
41,150,56,65
41,151,56,59
41,152,54,49
41,153,50,53
41,154,59,54
41,155,61,40
41,156,49,43
41,157,51,44
41,158,57,44
41,159,53,45
41,160,64,51
41,161,53,55
41,162,57,50
41,163,54,52
41,164,65,53
41,165,53,47
41,166,48,47
41,167,55,53
41,168,44,55
41,169,55,46
41,170,46,44
41,171,61,47
41,172,57,38
41,173,57,57
41,174,66,51
41,175,63,50
41,176,57,53
41,177,53,39
41,178,67,59
41,179,48,61
41,180,51,54
41,181,60,59
41,182,58,57
41,183,59,46
41,184,60,51
41,185,54,45
41,186,63,52
41,187,56,45
41,188,62,65
41,189,65,44
41,190,69,47
41,191,48,49
41,192,53,46
41,193,55,62
41,194,57,61
41,195,56,64
41,196,58,62
42,1,52,35
42,2,49,42
42,3,34,49
42,4,39,46
42,5,37,47
42,6,50,42
42,7,45,45
42,8,35,54
42,9,37,54
42,10,34,60
42,11,32,61
42,12,36,59
42,13,52,49
42,14,47,60
42,15,44,45
42,16,44,42
42,17,39,38
42,18,51,56
42,19,36,48
42,20,45,46
42,21,39,51
42,22,33,54
42,23,35,47
42,24,34,52
42,25,50,56
42,26,36,50
42,27,39,60
42,28,49,53
42,29,39,50
42,30,35,48
42,31,33,51
42,32,46,48
42,33,47,50
42,34,37,52
42,35,40,52
42,36,52,58
42,37,49,51
42,38,44,64
42,39,37,55
42,40,38,58
42,41,44,62
42,42,41,59
42,43,59,37
42,44,44,44
42,45,60,44
42,46,46,40
42,47,38,45
42,48,53,41
42,49,48,53
42,50,48,46
42,51,40,48
42,52,42,56
42,53,41,55
42,54,51,58
42,55,54,69
42,56,49,61
42,57,37,43
42,58,45,41
42,59,41,42
42,60,46,50
42,61,45,57
42,62,55,41
42,63,52,53
42,64,35,50
42,65,43,45
42,66,48,55
42,67,43,52
42,68,50,57
42,69,50,66
42,70,42,62
42,71,58,42
42,72,50,40
42,73,41,46
42,74,51,36
42,75,52,50
42,76,46,32
42,77,59,44
42,78,40,51
42,79,44,53
42,80,52,67
42,81,42,64
42,82,45,55
42,83,51,63
42,84,46,57
42,85,52,29
42,86,56,41
42,87,50,49
42,88,57,46
42,89,54,42
42,90,45,44
42,91,46,43
42,92,48,39
42,93,55,43
42,94,46,55
42,95,51,55
42,96,54,62
42,97,56,51
42,98,62,55
42,99,55,34
42,100,49,49
42,101,48,43
42,102,47,43
42,103,48,44
42,104,42,51
42,105,47,45
42,106,48,54
42,107,57,59
42,108,43,60
42,109,46,52
42,110,38,54
42,111,44,61
42,112,52,63
42,113,49,35
42,114,52,39
42,115,53,42
42,116,43,34
42,117,61,46
42,118,40,50
42,119,57,48
42,120,58,52
42,121,57,41
42,122,47,47
42,123,52,51
42,124,43,62
42,125,44,58
42,126,57,56
42,127,52,44
42,128,60,38
42,129,59,40
42,130,49,50
42,131,50,44
42,132,52,43
42,133,61,53
42,134,41,51
42,135,44,48
42,136,48,58
42,137,61,59
42,138,49,63
42,139,45,65
42,140,41,68
42,141,50,34
42,142,57,40
42,143,45,60
42,144,46,45
42,145,56,37
42,146,54,50
42,147,65,48
42,148,52,54
42,149,45,47
42,150,57,65
42,151,55,59
42,152,53,50
42,153,49,52
42,154,59,53
42,155,62,39
42,156,48,42
42,157,52,45
42,158,56,43
42,159,54,46
42,160,63,51
42,161,54,56
42,162,57,49
42,163,54,51
42,164,64,54
42,165,54,47
42,166,47,48
42,167,54,52
42,168,45,54
42,169,56,47
42,170,45,43
42,171,60,47
42,172,57,39
42,173,58,56
42,174,67,51
42,175,62,51
42,176,56,53
42,177,52,40
42,178,68,60
42,179,49,60
42,180,50,55
42,181,59,58
42,182,59,57
42,183,58,46
42,184,59,52
42,185,53,45
42,186,64,53
42,187,55,45
42,188,62,66
42,189,65,45
42,190,68,46
42,191,48,48
42,192,53,47
42,193,56,62
42,194,57,60
42,195,56,63
42,196,57,61
43,1,53,34
43,2,50,41
43,3,33,49
43,4,40,45
43,5,36,47
43,6,49,41
43,7,46,46
43,8,35,53
43,9,36,55
43,10,34,59
43,11,31,60
43,12,36,58
43,13,52,48
43,14,46,61
43,15,43,44
43,16,43,42
43,17,40,37
43,18,52,55
43,19,37,48
43,20,44,46
43,21,38,50
43,22,34,54
43,23,35,46
43,24,34,53
43,25,49,56
43,26,35,49
43,27,40,59
43,28,50,53
43,29,39,51
43,30,34,48
43,31,32,52
43,32,46,47
43,33,47,49
43,34,38,52
43,35,39,53
43,36,53,59
43,37,50,50
43,38,43,65
43,39,36,54
43,40,39,59
43,41,43,63
43,42,42,58
43,43,59,36
43,44,44,45
43,45,61,45
43,46,47,40
43,47,37,46
43,48,54,40
43,49,49,53
43,50,49,47
43,51,41,47
43,52,43,55
43,53,41,54
43,54,50,59
43,55,53,68
43,56,48,62
43,57,37,42
43,58,44,41
43,59,42,43
43,60,45,50
43,61,45,58
43,62,54,41
43,63,52,52
43,64,35,51
43,65,42,46
43,66,47,54
43,67,42,52
43,68,51,57
43,69,51,66
43,70,42,63
43,71,59,41
43,72,49,40
43,73,42,45
43,74,52,37
43,75,51,50
43,76,46,31
43,77,59,45
43,78,40,52
43,79,43,54
43,80,52,68
43,81,42,65
43,82,46,54
43,83,51,62
43,84,45,56
43,85,52,30
43,86,56,42
43,87,49,48
43,88,58,45
43,89,54,43
43,90,46,44
43,91,45,42
43,92,48,38
43,93,54,42
43,94,47,56
43,95,50,54
43,96,55,63
43,97,55,50
43,98,62,56
43,99,56,34
43,100,48,49
43,101,49,44
43,102,48,43
43,103,47,43
43,104,42,50
43,105,47,44
43,106,49,54
43,107,58,59
43,108,42,59
43,109,47,51
43,110,39,55
43,111,44,60
43,112,51,63
43,113,48,36
43,114,51,38
43,115,53,43
43,116,43,35
43,117,62,47
43,118,39,50
43,119,57,47
43,120,58,51
43,121,58,40
43,122,47,46
43,123,51,52
43,124,44,61
43,125,44,59
43,126,56,57
43,127,53,44
43,128,61,38
43,129,59,39
43,130,50,51
43,131,51,45
43,132,53,42
43,133,62,53
43,134,40,50
43,135,43,48
43,136,47,58
43,137,62,60
43,138,50,63
43,139,45,66
43,140,41,67
43,141,51,34
43,142,56,39
43,143,45,61
43,144,47,45
43,145,57,36
43,146,53,49
43,147,66,48
43,148,51,53
43,149,44,47
43,150,56,66
43,151,56,60
43,152,52,51
43,153,48,51
43,154,60,53
43,155,63,40
43,156,47,42
43,157,51,46
43,158,55,44
43,159,54,45
43,160,64,50
43,161,54,57
43,162,57,48
43,163,53,51
43,164,63,54
43,165,53,46
43,166,47,47
43,167,55,52
43,168,44,55
43,169,55,48
43,170,46,42
43,171,59,46
43,172,58,38
43,173,59,56
43,174,66,51
43,175,61,51
43,176,55,53
43,177,52,41
43,178,69,61
43,179,48,59
43,180,51,55
43,181,59,59
43,182,60,57
43,183,59,47
43,184,59,51
43,185,52,46
43,186,64,54
43,187,55,46
43,188,61,66
43,189,64,45
43,190,69,47
43,191,48,47
43,192,54,47
43,193,55,62
43,194,56,61
43,195,57,63
43,196,57,60
44,1,53,33
44,2,51,42
44,3,34,50
44,4,40,44
44,5,35,48
44,6,48,42
44,7,45,45
44,8,35,54
44,9,36,56
44,10,33,59
44,11,30,61
44,12,36,59
44,13,51,49
44,14,46,60
44,15,44,43
44,16,43,43
44,17,41,38
44,18,51,54
44,19,36,49
44,20,43,46
44,21,38,51
44,22,33,54
44,23,34,46
44,24,33,53
44,25,49,57
44,26,36,48
44,27,39,60
44,28,49,52
44,29,39,52
44,30,33,47
44,31,32,51
44,32,46,48
44,33,48,50
44,34,37,53
44,35,40,53
44,36,54,58
44,37,49,50
44,38,43,66
44,39,36,53
44,40,39,58
44,41,43,64
44,42,41,57
44,43,60,37
44,44,44,44
44,45,60,46
44,46,47,41
44,47,37,47
44,48,53,39
44,49,50,52
44,50,48,48
44,51,40,46
44,52,44,54
44,53,40,55
44,54,49,58
44,55,52,67
44,56,49,62
44,57,36,42
44,58,44,40
44,59,43,44
44,60,45,49
44,61,45,57
44,62,55,42
44,63,53,53
44,64,35,50
44,65,41,45
44,66,48,53
44,67,42,53
44,68,52,56
44,69,52,65
44,70,41,62
44,71,60,41
44,72,49,41
44,73,42,44
44,74,51,36
44,75,50,50
44,76,46,30
44,77,60,45
44,78,39,53
44,79,44,53
44,80,53,67
44,81,43,65
44,82,45,53
44,83,50,61
44,84,46,57
44,85,51,29
44,86,57,43
44,87,49,49
44,88,57,46
44,89,54,44
44,90,45,44
44,91,46,41
44,92,49,38
44,93,53,41
44,94,47,55
44,95,50,55
44,96,55,64
44,97,55,49
44,98,62,57
44,99,56,35
44,100,47,50
44,101,48,44
44,102,49,44
44,103,46,44
44,104,42,49
44,105,46,45
44,106,50,53
44,107,59,58
44,108,42,58
44,109,47,52
44,110,40,54
44,111,43,59
44,112,52,62
44,113,49,36
44,114,50,39
44,115,52,44
44,116,44,35
44,117,62,46
44,118,39,51
44,119,58,47
44,120,58,52
44,121,58,41
44,122,48,46
44,123,51,51
44,124,44,60
44,125,43,60
44,126,57,57
44,127,53,45
44,128,62,37
44,129,58,40
44,130,49,51
44,131,51,44
44,132,54,43
44,133,63,52
44,134,41,51
44,135,42,48
44,136,46,59
44,137,62,59
44,138,50,62
44,139,44,65
44,140,40,66
44,141,50,33
44,142,56,38
44,143,44,62
44,144,48,45
44,145,57,35
44,146,53,50
44,147,65,49
44,148,50,54
44,149,45,46
44,150,55,67
44,151,55,61
44,152,51,52
44,153,48,52
44,154,59,54
44,155,62,41
44,156,47,43
44,157,51,45
44,158,56,44
44,159,55,44
44,160,65,51
44,161,55,56
44,162,58,48
44,163,52,52
44,164,63,53
44,165,52,45
44,166,46,47
44,167,54,51
44,168,45,54
44,169,56,48
44,170,46,43
44,171,60,47
44,172,59,38
44,173,58,55
44,174,65,52
44,175,60,51
44,176,54,53
44,177,53,42
44,178,69,60
44,179,49,60
44,180,50,56
44,181,60,59
44,182,60,58
44,183,58,46
44,184,60,50
44,185,52,47
44,186,65,54
44,187,54,46
44,188,60,65
44,189,63,46
44,190,68,48
44,191,47,47
44,192,53,47
44,193,55,63
44,194,55,62
44,195,58,62
44,196,57,61
45,1,52,34
45,2,52,42
45,3,35,51
45,4,40,43
45,5,34,47
45,6,49,43
45,7,44,46
45,8,36,54
45,9,36,55
45,10,32,59
45,11,30,62
45,12,36,58
45,13,50,48
45,14,47,60
45,15,45,42
45,16,43,42
45,17,41,37
45,18,51,53
45,19,37,48
45,20,42,46
45,21,37,52
45,22,32,55
45,23,34,45
45,24,33,54
45,25,48,56
45,26,36,47
45,27,38,59
45,28,50,51
45,29,38,53
45,30,32,47
45,31,32,50
45,32,45,47
45,33,48,51
45,34,37,54
45,35,41,54
45,36,54,57
45,37,48,49
45,38,43,67
45,39,35,53
45,40,38,57
45,41,43,63
45,42,41,58
45,43,59,37
45,44,45,45
45,45,59,47
45,46,48,41
45,47,36,48
45,48,54,40
45,49,49,52
45,50,49,48
45,51,39,47
45,52,45,55
45,53,41,55
45,54,49,59
45,55,51,66
45,56,48,63
45,57,37,42
45,58,44,39
45,59,43,45
45,60,44,48
45,61,45,56
45,62,54,41
45,63,53,54
45,64,36,50
45,65,40,46
45,66,49,53
45,67,42,54
45,68,52,57
45,69,53,65
45,70,40,61
45,71,61,40
45,72,50,40
45,73,41,43
45,74,52,35
45,75,51,50
45,76,45,29
45,77,59,45
45,78,39,52
45,79,43,53
45,80,52,68
45,81,44,66
45,82,46,54
45,83,51,61
45,84,47,58
45,85,52,29
45,86,57,44
45,87,48,50
45,88,57,47
45,89,53,43
45,90,45,43
45,91,47,42
45,92,49,37
45,93,54,42
45,94,48,55
45,95,49,55
45,96,54,64
45,97,54,49
45,98,63,56
45,99,56,36
45,100,46,49
45,101,47,45
45,102,50,45
45,103,47,44
45,104,41,49
45,105,47,46
45,106,49,54
45,107,58,58
45,108,43,57
45,109,48,53
45,110,41,53
45,111,42,60
45,112,51,63
45,113,48,36
45,114,49,40
45,115,52,43
45,116,45,36
45,117,61,46
45,118,39,50
45,119,57,46
45,120,57,52
45,121,58,42
45,122,48,47
45,123,52,51
45,124,45,61
45,125,43,61
45,126,57,58
45,127,53,44
45,128,63,36
45,129,57,39
45,130,50,52
45,131,51,43
45,132,55,43
45,133,62,52
45,134,42,51
45,135,42,47
45,136,46,60
45,137,61,60
45,138,50,61
45,139,43,64
45,140,41,65
45,141,51,32
45,142,56,39
45,143,44,63
45,144,49,45
45,145,57,34
45,146,54,50
45,147,66,50
45,148,51,55
45,149,44,45
45,150,56,68
45,151,54,62
45,152,50,53
45,153,47,52
45,154,60,54
45,155,63,41
45,156,48,43
45,157,51,46
45,158,55,45
45,159,54,45
45,160,65,50
45,161,54,56
45,162,59,49
45,163,51,51
45,164,64,52
45,165,52,44
45,166,46,48
45,167,55,52
45,168,44,54
45,169,55,47
45,170,45,44
45,171,59,46
45,172,60,37
45,173,59,56
45,174,65,53
45,175,59,50
45,176,54,52
45,177,52,41
45,178,70,59
45,179,50,59
45,180,51,57
45,181,59,58
45,182,60,59
45,183,58,45
45,184,61,49
45,185,51,47
45,186,66,55
45,187,53,45
45,188,60,66
45,189,64,45
45,190,67,48
45,191,47,48
45,192,53,46
45,193,56,62
45,194,55,61
45,195,59,61
45,196,57,62
46,1,53,33
46,2,51,42
46,3,34,50
46,4,41,44
46,5,35,46
46,6,50,42
46,7,43,46
46,8,37,55
46,9,37,56
46,10,33,58
46,11,31,61
46,12,36,59
46,13,49,47
46,14,46,59
46,15,44,42
46,16,44,43
46,17,40,37
46,18,52,54
46,19,37,47
46,20,41,46
46,21,38,51
46,22,31,56
46,23,33,45
46,24,32,53
46,25,47,55
46,26,37,46
46,27,39,58
46,28,50,50
46,29,38,52
46,30,32,46
46,31,32,51
46,32,44,46
46,33,47,50
46,34,38,53
46,35,40,55
46,36,54,58
46,37,49,49
46,38,43,68
46,39,36,52
46,40,38,58
46,41,42,62
46,42,41,59
46,43,59,38
46,44,46,46
46,45,58,48
46,46,48,42
46,47,35,49
46,48,54,39
46,49,48,52
46,50,48,49
46,51,38,47
46,52,46,55
46,53,40,54
46,54,48,60
46,55,51,67
46,56,49,62
46,57,36,43
46,58,44,38
46,59,43,44
46,60,44,49
46,61,46,56
46,62,55,42
46,63,52,53
46,64,35,51
46,65,39,45
46,66,50,54
46,67,43,54
46,68,51,56
46,69,54,66
46,70,41,62
46,71,60,39
46,72,50,39
46,73,42,42
46,74,53,35
46,75,50,49
46,76,44,29
46,77,58,46
46,78,40,52
46,79,42,52
46,80,53,67
46,81,43,67
46,82,46,53
46,83,52,60
46,84,47,57
46,85,53,30
46,86,58,43
46,87,47,49
46,88,58,47
46,89,54,44
46,90,46,44
46,91,46,42
46,92,50,37
46,93,55,41
46,94,47,56
46,95,48,55
46,96,55,65
46,97,55,48
46,98,64,57
46,99,57,37
46,100,45,48
46,101,48,44
46,102,49,46
46,103,46,43
46,104,40,50
46,105,47,47
46,106,49,53
46,107,57,59
46,108,43,56
46,109,47,53
46,110,41,52
46,111,41,60
46,112,51,64
46,113,48,35
46,114,48,41
46,115,51,44
46,116,44,37
46,117,60,46
46,118,40,51
46,119,56,46
46,120,58,52
46,121,58,41
46,122,49,48
46,123,52,52
46,124,46,62
46,125,43,60
46,126,58,57
46,127,52,43
46,128,62,36
46,129,56,40
46,130,50,51
46,131,52,42
46,132,54,42
46,133,62,51
46,134,43,51
46,135,43,47
46,136,45,60
46,137,62,61
46,138,50,60
46,139,42,64
46,140,40,65
46,141,52,32
46,142,57,40
46,143,45,63
46,144,49,44
46,145,58,33
46,146,54,49
46,147,65,49
46,148,50,56
46,149,45,45
46,150,57,69
46,151,53,63
46,152,49,54
46,153,47,51
46,154,61,55
46,155,62,41
46,156,49,42
46,157,52,46
46,158,55,44
46,159,55,45
46,160,66,49
46,161,54,55
46,162,60,49
46,163,51,50
46,164,63,53
46,165,53,43
46,166,46,49
46,167,56,52
46,168,45,53
46,169,56,47
46,170,44,45
46,171,60,47
46,172,59,37
46,173,58,56
46,174,64,53
46,175,58,49
46,176,54,51
46,177,53,42
46,178,69,60
46,179,50,58
46,180,50,57
46,181,60,57
46,182,60,58
46,183,58,44
46,184,62,48
46,185,50,46
46,186,67,56
46,187,52,44
46,188,59,66
46,189,63,44
46,190,66,47
46,191,46,48
46,192,53,45
46,193,57,63
46,194,56,62
46,195,58,60
46,196,56,61
47,1,52,33
47,2,51,43
47,3,35,50
47,4,42,44
47,5,36,47
47,6,51,42
47,7,42,47
47,8,38,54
47,9,36,57
47,10,32,58
47,11,30,61
47,12,35,60
47,13,50,48
47,14,47,59
47,15,43,42
47,16,43,43
47,17,41,36
47,18,51,55
47,19,36,48
47,20,40,45
47,21,37,52
47,22,32,55
47,23,32,44
47,24,32,52
47,25,47,54
47,26,38,46
47,27,38,59
47,28,51,49
47,29,38,51
47,30,31,45
47,31,32,50
47,32,43,46
47,33,48,51
47,34,39,53
47,35,41,55
47,36,53,57
47,37,48,50
47,38,42,67
47,39,35,53
47,40,37,59
47,41,43,61
47,42,41,58
47,43,58,37
47,44,47,46
47,45,57,49
47,46,47,42
47,47,34,48
47,48,53,39
47,49,47,52
47,50,47,50
47,51,37,47
47,52,45,55
47,53,41,54
47,54,49,60
47,55,52,66
47,56,48,61
47,57,37,42
47,58,45,38
47,59,42,45
47,60,44,50
47,61,46,55
47,62,55,43
47,63,51,53
47,64,36,50
47,65,38,44
47,66,49,55
47,67,42,55
47,68,52,56
47,69,54,65
47,70,40,62
47,71,59,39
47,72,50,38
47,73,41,43
47,74,54,36
47,75,51,48
47,76,44,30
47,77,59,47
47,78,39,52
47,79,43,52
47,80,54,68
47,81,42,68
47,82,46,52
47,83,51,60
47,84,46,56
47,85,52,30
47,86,58,42
47,87,46,50
47,88,57,48
47,89,54,45
47,90,47,44
47,91,45,43
47,92,50,36
47,93,55,42
47,94,48,56
47,95,47,55
47,96,56,65
47,97,56,48
47,98,65,57
47,99,58,38
47,100,46,47
47,101,47,45
47,102,50,45
47,103,46,44
47,104,39,51
47,105,48,46
47,106,48,53
47,107,58,59
47,108,43,55
47,109,48,54
47,110,40,53
47,111,41,61
47,112,50,63
47,113,49,34
47,114,48,40
47,115,52,45
47,116,45,37
47,117,61,47
47,118,41,52
47,119,55,46
47,120,59,53
47,121,58,40
47,122,48,49
47,123,51,52
47,124,45,61
47,125,42,61
47,126,59,57
47,127,51,44
47,128,63,36
47,129,55,39
47,130,49,50
47,131,52,41
47,132,54,41
47,133,63,50
47,134,42,51
47,135,42,46
47,136,46,61
47,137,61,61
47,138,49,59
47,139,43,63
47,140,41,64
47,141,51,32
47,142,56,39
47,143,45,64
47,144,49,45
47,145,58,34
47,146,53,50
47,147,66,48
47,148,50,55
47,149,46,45
47,150,56,70
47,151,53,64
47,152,49,53
47,153,46,51
47,154,61,54
47,155,63,42
47,156,48,43
47,157,53,46
47,158,54,44
47,159,56,44
47,160,65,49
47,161,53,54
47,162,61,50
47,163,52,51
47,164,64,52
47,165,52,43
47,166,45,48
47,167,57,52
47,168,44,53
47,169,55,48
47,170,44,44
47,171,60,48
47,172,60,36
47,173,57,55
47,174,65,52
47,175,58,50
47,176,54,52
47,177,53,41
47,178,68,60
47,179,51,58
47,180,50,58
47,181,60,56
47,182,59,59
47,183,57,45
47,184,63,47
47,185,49,47
47,186,67,57
47,187,51,45
47,188,58,67
47,189,62,45
47,190,67,46
47,191,45,47
47,192,53,44
47,193,58,64
47,194,55,62
47,195,59,60
47,196,57,62
48,1,53,32
48,2,52,44
48,3,36,51
48,4,43,44
48,5,35,48
48,6,50,41
48,7,41,48
48,8,38,55
48,9,37,58
48,10,31,58
48,11,29,60
48,12,34,60
48,13,51,47
48,14,47,60
48,15,44,41
48,16,42,43
48,17,42,35
48,18,50,56
48,19,37,49
48,20,40,44
48,21,37,53
48,22,32,56
48,23,33,45
48,24,33,51
48,25,47,53
48,26,38,45
48,27,39,59
48,28,51,50
48,29,38,50
48,30,31,44
48,31,33,50
48,32,44,47
48,33,49,51
48,34,39,54
48,35,42,54
48,36,54,58
48,37,47,51
48,38,43,67
48,39,36,53
48,40,38,60
48,41,42,62
48,42,42,59
48,43,59,38
48,44,48,45
48,45,56,50
48,46,46,42
48,47,34,47
48,48,54,39
48,49,48,52
48,50,48,51
48,51,37,48
48,52,45,56
48,53,41,55
48,54,50,59
48,55,51,65
48,56,47,62
48,57,38,41
48,58,46,39
48,59,41,45
48,60,45,51
48,61,45,55
48,62,54,43
48,63,51,54
48,64,36,49
48,65,37,44
48,66,49,56
48,67,43,56
48,68,53,57
48,69,53,66
48,70,39,62
48,71,60,38
48,72,49,37
48,73,42,44
48,74,53,37
48,75,52,49
48,76,44,31
48,77,58,48
48,78,39,53
48,79,44,52
48,80,55,67
48,81,42,69
48,82,45,52
48,83,50,60
48,84,45,57
48,85,53,30
48,86,59,41
48,87,47,49
48,88,58,47
48,89,54,46
48,90,48,44
48,91,46,43
48,92,49,35
48,93,55,41
48,94,48,57
48,95,46,56
48,96,57,65
48,97,55,47
48,98,65,58
48,99,57,37
48,100,47,46
48,101,47,44
48,102,51,46
48,103,45,45
48,104,39,52
48,105,48,47
48,106,49,52
48,107,59,58
48,108,42,56
48,109,49,54
48,110,41,54
48,111,41,60
48,112,50,62
48,113,50,33
48,114,49,40
48,115,53,45
48,116,45,36
48,117,61,48
48,118,42,52
48,119,54,45
48,120,58,53
48,121,59,40
48,122,49,48
48,123,52,53
48,124,45,60
48,125,43,61
48,126,58,58
48,127,51,43
48,128,64,35
48,129,56,40
48,130,48,50
48,131,51,42
48,132,54,42
48,133,64,49
48,134,43,51
48,135,41,47
48,136,45,61
48,137,62,62
48,138,48,59
48,139,43,64
48,140,40,64
48,141,51,31
48,142,55,38
48,143,44,64
48,144,50,46
48,145,57,35
48,146,54,51
48,147,66,47
48,148,51,55
48,149,47,45
48,150,55,71
48,151,54,63
48,152,50,53
48,153,46,50
48,154,62,54
48,155,64,42
48,156,49,43
48,157,52,45
48,158,55,44
48,159,57,44
48,160,66,49
48,161,52,54
48,162,61,51
48,163,51,51
48,164,64,51
48,165,53,43
48,166,45,49
48,167,58,51
48,168,45,53
48,169,54,49
48,170,43,45
48,171,60,49
48,172,59,36
48,173,56,55
48,174,64,53
48,175,59,49
48,176,53,51
48,177,53,40
48,178,69,60
48,179,51,59
48,180,51,57
48,181,60,57
48,182,60,58
48,183,56,46
48,184,64,47
48,185,48,48
48,186,67,58
48,187,51,44
48,188,59,68
48,189,63,45
48,190,67,47
48,191,45,48
48,192,54,44
48,193,59,63
48,194,54,62
48,195,60,61
48,196,58,62
49,1,52,32
49,2,53,44
49,3,35,51
49,4,44,43
49,5,35,49
49,6,49,42
49,7,40,48
49,8,39,55
49,9,37,59
49,10,31,59
49,11,30,61
49,12,34,61
49,13,52,48
49,14,47,59
49,15,44,42
49,16,43,44
49,17,41,34
49,18,51,56
49,19,36,48
49,20,41,43
49,21,36,52
49,22,33,56
49,23,34,46
49,24,32,51
49,25,46,54
49,26,39,44
49,27,40,59
49,28,50,50
49,29,37,50
49,30,31,45
49,31,33,51
49,32,43,48
49,33,50,51
49,34,40,55
49,35,42,55
49,36,54,57
49,37,46,52
49,38,44,66
49,39,35,53
49,40,37,61
49,41,42,61
49,42,42,60
49,43,58,37
49,44,49,45
49,45,56,51
49,46,46,41
49,47,35,48
49,48,54,38
49,49,49,53
49,50,47,50
49,51,37,49
49,52,44,55
49,53,42,54
49,54,49,59
49,55,50,64
49,56,46,63
49,57,39,40
49,58,45,40
49,59,40,45
49,60,45,50
49,61,45,54
49,62,55,43
49,63,52,55
49,64,35,50
49,65,38,45
49,66,49,57
49,67,43,55
49,68,54,58
49,69,54,66
49,70,39,61
49,71,61,37
49,72,50,37
49,73,42,45
49,74,52,38
49,75,53,48
49,76,45,32
49,77,57,49
49,78,40,52
49,79,44,53
49,80,56,67
49,81,41,68
49,82,44,52
49,83,51,61
49,84,45,56
49,85,52,31
49,86,60,40
49,87,48,49
49,88,58,46
49,89,53,46
49,90,47,43
49,91,45,44
49,92,50,36
49,93,56,42
49,94,47,57
49,95,47,56
49,96,58,64
49,97,56,48
49,98,66,57
49,99,57,38
49,100,46,47
49,101,46,45
49,102,51,45
49,103,44,44
49,104,39,51
49,105,49,46
49,106,50,52
49,107,59,57
49,108,41,55
49,109,48,55
49,110,40,54
49,111,41,59
49,112,51,63
49,113,49,34
49,114,48,39
49,115,52,46
49,116,45,37
49,117,62,48
49,118,41,53
49,119,55,45
49,120,57,53
49,121,60,41
49,122,50,49
49,123,53,52
49,124,46,61
49,125,44,60
49,126,57,59
49,127,50,44
49,128,65,36
49,129,55,39
49,130,48,51
49,131,52,43
49,132,54,41
49,133,65,50
49,134,44,50
49,135,42,46
49,136,44,62
49,137,61,61
49,138,48,58
49,139,44,65
49,140,41,63
49,141,51,30
49,142,56,38
49,143,43,65
49,144,49,47
49,145,58,35
49,146,55,52
49,147,65,48
49,148,52,56
49,149,48,44
49,150,55,72
49,151,55,63
49,152,51,54
49,153,47,51
49,154,63,53
49,155,65,42
49,156,48,43
49,157,52,44
49,158,54,45
49,159,58,44
49,160,66,50
49,161,51,53
49,162,60,50
49,163,51,50
49,164,63,51
49,165,54,43
49,166,44,48
49,167,57,50
49,168,45,52
49,169,55,49
49,170,43,46
49,171,60,48
49,172,59,37
49,173,56,54
49,174,63,52
49,175,58,48
49,176,52,51
49,177,54,40
49,178,68,61
49,179,52,58
49,180,52,57
49,181,59,56
49,182,60,57
49,183,56,47
49,184,63,47
49,185,47,48
49,186,66,59
49,187,50,43
49,188,59,69
49,189,62,46
49,190,67,46
49,191,44,49
49,192,53,43
49,193,59,62
49,194,53,61
49,195,59,60
49,196,59,61
50,1,51,33
50,2,53,45
50,3,34,52
50,4,43,43
50,5,36,50
50,6,49,41
50,7,40,49
50,8,38,54
50,9,37,60
50,10,32,59
50,11,29,60
50,12,33,62
50,13,52,47
50,14,48,60
50,15,45,42
50,16,44,43
50,17,41,35
50,18,51,55
50,19,36,47
50,20,42,42
50,21,37,51
50,22,33,55
50,23,33,45
50,24,32,52
50,25,46,53
50,26,40,43
50,27,40,60
50,28,49,50
50,29,38,51
50,30,32,46
50,31,33,52
50,32,42,47
50,33,49,51
50,34,40,56
50,35,43,54
50,36,54,56
50,37,47,52
50,38,44,67
50,39,35,52
50,40,36,61
50,41,41,60
50,42,41,61
50,43,57,36
50,44,50,46
50,45,56,52
50,46,46,40
50,47,35,49
50,48,55,38
50,49,49,52
50,50,48,50
50,51,38,49
50,52,43,56
50,53,42,53
50,54,48,59
50,55,50,63
50,56,47,64
50,57,38,41
50,58,45,39
50,59,40,44
50,60,46,50
50,61,46,54
50,62,54,42
50,63,53,54
50,64,36,51
50,65,37,46
50,66,50,56
50,67,42,56
50,68,55,58
50,69,53,65
50,70,40,62
50,71,60,36
50,72,49,38
50,73,43,45
50,74,52,39
50,75,54,47
50,76,46,31
50,77,58,50
50,78,41,51
50,79,45,53
50,80,55,66
50,81,41,69
50,82,44,53
50,83,52,60
50,84,46,55
50,85,53,32
50,86,61,41
50,87,47,49
50,88,59,47
50,89,53,47
50,90,46,42
50,91,45,45
50,92,49,35
50,93,56,41
50,94,46,58
50,95,48,56
50,96,59,63
50,97,57,47
50,98,67,56
50,99,57,39
50,100,47,47
50,101,46,46
50,102,51,44
50,103,45,43
50,104,38,52
50,105,48,46
50,106,50,51
50,107,58,56
50,108,41,56
50,109,49,56
50,110,40,53
50,111,41,58
50,112,51,62
50,113,50,34
50,114,47,39
50,115,53,46
50,116,46,36
50,117,61,47
50,118,41,54
50,119,55,44
50,120,56,53
50,121,59,41
50,122,49,48
50,123,53,53
50,124,45,61
50,125,43,60
50,126,58,59
50,127,49,43
50,128,65,35
50,129,54,39
50,130,47,50
50,131,53,44
50,132,55,40
50,133,65,49
50,134,45,49
50,135,43,47
50,136,43,62
50,137,61,62
50,138,49,57
50,139,43,64
50,140,40,63
50,141,50,31
50,142,56,39
50,143,42,66
50,144,49,46
50,145,59,36
50,146,56,51
50,147,64,49
50,148,53,57
50,149,47,45
50,150,54,71
50,151,56,63
50,152,52,53
50,153,46,51
50,154,63,54
50,155,66,42
50,156,48,42
50,157,51,43
50,158,55,46
50,159,59,45
50,160,67,50
50,161,51,52
50,162,59,51
50,163,51,51
50,164,62,51
50,165,54,44
50,166,45,48
50,167,56,49
50,168,44,52
50,169,55,50
50,170,42,46
50,171,61,49
50,172,58,38
50,173,55,53
50,174,64,52
50,175,57,48
50,176,52,52
50,177,53,41
50,178,68,62
50,179,51,57
50,180,53,56
50,181,59,57
50,182,60,56
50,183,56,46
50,184,63,48
50,185,46,48
50,186,67,58
50,187,49,42
50,188,58,69
50,189,62,47
50,190,67,47
50,191,44,48
50,192,54,43
50,193,58,63
50,194,54,62
50,195,60,59
50,196,59,60
51,1,51,32
51,2,52,45
51,3,34,53
51,4,42,43
51,5,35,50
51,6,49,40
51,7,41,50
51,8,39,54
51,9,36,59
51,10,33,59
51,11,30,61
51,12,32,62
51,13,52,46
51,14,49,61
51,15,44,41
51,16,43,43
51,17,40,36
51,18,50,55
51,19,35,46
51,20,42,41
51,21,37,50
51,22,32,56
51,23,32,45
51,24,31,53
51,25,46,52
51,26,41,44
51,27,39,61
51,28,48,49
51,29,39,51
51,30,33,47
51,31,34,51
51,32,43,48
51,33,50,52
51,34,40,55
51,35,43,55
51,36,53,55
51,37,48,52
51,38,43,68
51,39,35,51
51,40,35,61
51,41,40,60
51,42,41,60
51,43,57,35
51,44,50,45
51,45,55,51
51,46,46,39
51,47,34,50
51,48,54,38
51,49,49,53
51,50,49,51
51,51,39,48
51,52,44,56
51,53,41,52
51,54,48,60
51,55,50,64
51,56,46,64
51,57,38,40
51,58,46,38
51,59,39,43
51,60,46,49
51,61,47,53
51,62,53,43
51,63,52,54
51,64,37,52
51,65,38,45
51,66,51,55
51,67,43,56
51,68,54,59
51,69,54,66
51,70,40,61
51,71,61,37
51,72,48,39
51,73,43,44
51,74,53,38
51,75,55,47
51,76,45,30
51,77,58,49
51,78,42,52
51,79,45,54
51,80,55,65
51,81,42,70
51,82,43,53
51,83,53,59
51,84,45,56
51,85,52,31
51,86,62,42
51,87,46,50
51,88,60,46
51,89,52,48
51,90,45,42
51,91,45,44
51,92,48,35
51,93,57,42
51,94,45,57
51,95,47,55
51,96,60,63
51,97,57,46
51,98,67,55
51,99,56,40
51,100,48,47
51,101,47,46
51,102,52,44
51,103,44,42
51,104,39,53
51,105,49,45
51,106,49,52
51,107,59,55
51,108,41,57
51,109,49,55
51,110,39,52
51,111,42,57
51,112,52,62
51,113,51,33
51,114,48,38
51,115,54,45
51,116,47,36
51,117,62,46
51,118,42,53
51,119,55,43
51,120,56,54
51,121,58,40
51,122,50,49
51,123,54,52
51,124,46,61
51,125,44,59
51,126,59,58
51,127,49,44
51,128,64,34
51,129,54,40
51,130,48,51
51,131,53,45
51,132,56,41
51,133,64,50
51,134,44,49
51,135,44,47
51,136,44,61
51,137,61,61
51,138,48,56
51,139,44,65
51,140,41,63
51,141,49,32
51,142,57,39
51,143,42,65
51,144,50,46
51,145,58,37
51,146,56,52
51,147,63,49
51,148,54,56
51,149,48,46
51,150,53,72
51,151,56,64
51,152,53,53
51,153,47,51
51,154,63,55
51,155,65,41
51,156,48,41
51,157,50,44
51,158,55,45
51,159,60,44
51,160,68,49
51,161,50,51
51,162,58,50
51,163,52,50
51,164,63,52
51,165,53,44
51,166,45,49
51,167,56,48
51,168,44,51
51,169,56,50
51,170,42,47
51,171,61,50
51,172,59,39
51,173,54,53
51,174,63,51
51,175,56,47
51,176,51,53
51,177,53,40
51,178,67,62
51,179,52,58
51,180,52,56
51,181,58,58
51,182,59,56
51,183,55,46
51,184,64,49
51,185,46,47
51,186,68,59
51,187,48,43
51,188,58,68
51,189,61,48
51,190,66,47
51,191,43,49
51,192,53,42
51,193,57,62
51,194,55,62
51,195,61,58
51,196,58,60
52,1,50,33
52,2,53,46
52,3,35,52
52,4,41,43
52,5,35,49
52,6,49,39
52,7,42,51
52,8,38,54
52,9,37,58
52,10,34,59
52,11,29,61
52,12,33,61
52,13,52,45
52,14,50,62
52,15,43,41
52,16,42,42
52,17,40,35
52,18,49,54
52,19,34,45
52,20,41,42
52,21,38,50
52,22,33,55
52,23,33,44
52,24,30,54
52,25,46,51
52,26,40,45
52,27,38,60
52,28,48,48
52,29,39,50
52,30,33,46
52,31,33,52
52,32,42,49
52,33,51,51
52,34,41,54
52,35,42,56
52,36,53,54
52,37,48,53
52,38,43,67
52,39,35,50
52,40,34,62
52,41,41,59
52,42,41,61
52,43,57,36
52,44,49,46
52,45,54,50
52,46,45,39
52,47,33,51
52,48,55,39
52,49,50,54
52,50,50,52
52,51,40,48
52,52,44,55
52,53,40,51
52,54,49,59
52,55,51,64
52,56,46,63
52,57,39,41
52,58,47,38
52,59,39,44
52,60,47,49
52,61,46,53
52,62,54,43
52,63,52,55
52,64,36,52
52,65,38,44
52,66,50,55
52,67,44,57
52,68,54,58
52,69,55,66
52,70,39,60
52,71,61,38
52,72,47,39
52,73,42,45
52,74,54,37
52,75,56,46
52,76,44,29
52,77,57,50
52,78,43,51
52,79,46,54
52,80,54,66
52,81,41,69
52,82,43,52
52,83,52,60
52,84,44,56
52,85,52,32
52,86,63,41
52,87,45,50
52,88,61,47
52,89,51,49
52,90,46,43
52,91,44,45
52,92,48,34
52,93,56,42
52,94,45,56
52,95,47,56
52,96,59,64
52,97,57,45
52,98,66,55
52,99,57,41
52,100,47,48
52,101,46,46
52,102,51,45
52,103,44,43
52,104,40,52
52,105,48,44
52,106,50,53
52,107,59,54
52,108,40,56
52,109,49,56
52,110,38,52
52,111,43,57
52,112,53,63
52,113,50,32
52,114,47,37
52,115,55,44
52,116,48,35
52,117,63,45
52,118,43,53
52,119,56,44
52,120,56,55
52,121,59,40
52,122,49,50
52,123,54,51
52,124,46,60
52,125,44,58
52,126,60,58
52,127,48,45
52,128,64,35
52,129,54,41
52,130,48,52
52,131,54,44
52,132,57,40
52,133,65,49
52,134,44,50
52,135,44,46
52,136,45,61
52,137,60,61
52,138,49,57
52,139,43,65
52,140,41,64
52,141,49,33
52,142,58,39
52,143,41,65
52,144,51,46
52,145,57,37
52,146,56,51
52,147,63,48
52,148,54,57
52,149,49,45
52,150,54,73
52,151,57,65
52,152,52,52
52,153,47,52
52,154,62,55
52,155,66,41
52,156,49,42
52,157,50,45
52,158,54,45
52,159,60,45
52,160,68,50
52,161,51,52
52,162,58,49
52,163,53,51
52,164,63,53
52,165,52,43
52,166,44,49
52,167,55,47
52,168,44,52
52,169,57,49
52,170,43,48
52,171,60,51
52,172,60,38
52,173,54,52
52,174,62,50
52,175,55,48
52,176,52,53
52,177,52,40
52,178,67,63
52,179,52,59
52,180,51,56
52,181,59,58
52,182,60,57
52,183,55,45
52,184,63,49
52,185,45,46
52,186,67,60
52,187,47,43
52,188,57,67
52,189,60,49
52,190,67,48
52,191,42,50
52,192,54,42
52,193,56,62
52,194,56,61
52,195,61,57
52,196,58,61
53,1,51,34
53,2,54,46
53,3,34,52
53,4,40,44
53,5,35,48
53,6,49,40
53,7,42,52
53,8,39,55
53,9,36,57
53,10,35,59
53,11,30,60
53,12,32,60
53,13,52,46
53,14,49,62
53,15,42,41
53,16,41,41
53,17,41,34
53,18,49,53
53,19,33,45
53,20,40,43
53,21,37,49
53,22,34,55
53,23,33,43
53,24,29,53
53,25,45,51
53,26,41,45
53,27,37,60
53,28,48,47
53,29,39,49
53,30,33,47
53,31,32,53
53,32,43,49
53,33,51,50
53,34,42,55
53,35,43,55
53,36,54,54
53,37,48,54
53,38,43,66
53,39,36,51
53,40,33,62
53,41,42,58
53,42,40,61
53,43,58,36
53,44,50,47
53,45,54,49
53,46,44,39
53,47,33,52
53,48,54,40
53,49,51,54
53,50,51,51
53,51,41,47
53,52,45,54
53,53,40,50
53,54,49,60
53,55,51,65
53,56,47,63
53,57,38,42
53,58,46,37
53,59,39,43
53,60,46,48
53,61,47,54
53,62,55,42
53,63,52,54
53,64,35,52
53,65,37,45
53,66,50,54
53,67,43,56
53,68,53,58
53,69,54,65
53,70,38,59
53,71,62,39
53,72,48,39
53,73,43,45
53,74,55,38
53,75,55,46
53,76,43,29
53,77,57,51
53,78,42,51
53,79,45,53
53,80,55,66
53,81,42,69
53,82,44,53
53,83,53,60
53,84,44,57
53,85,51,33
53,86,63,40
53,87,45,49
53,88,62,46
53,89,52,50
53,90,47,44
53,91,43,44
53,92,49,35
53,93,56,43
53,94,46,56
53,95,46,57
53,96,58,63
53,97,57,44
53,98,65,55
53,99,58,41
53,100,47,49
53,101,47,47
53,102,52,45
53,103,43,42
53,104,39,53
53,105,48,43
53,106,50,52
53,107,58,54
53,108,40,57
53,109,48,56
53,110,39,51
53,111,42,56
53,112,54,63
53,113,50,33
53,114,47,36
53,115,54,43
53,116,48,34
53,117,64,46
53,118,42,54
53,119,55,43
53,120,55,56
53,121,59,39
53,122,48,51
53,123,55,50
53,124,47,60
53,125,45,59
53,126,59,59
53,127,48,44
53,128,65,34
53,129,55,40
53,130,47,51
53,131,53,45
53,132,57,41
53,133,64,50
53,134,43,50
53,135,43,46
53,136,45,62
53,137,59,62
53,138,49,58
53,139,42,66
53,140,40,64
53,141,49,32
53,142,57,40
53,143,40,66
53,144,51,45
53,145,58,38
53,146,55,51
53,147,64,48
53,148,53,57
53,149,48,45
53,150,54,72
53,151,56,64
53,152,52,51
53,153,48,53
53,154,63,56
53,155,67,42
53,156,50,42
53,157,50,44
53,158,53,44
53,159,60,44
53,160,69,50
53,161,50,53
53,162,59,48
53,163,54,50
53,164,62,54
53,165,53,43
53,166,45,50
53,167,56,48
53,168,43,52
53,169,58,48
53,170,44,49
53,171,59,52
53,172,61,37
53,173,55,52
53,174,63,51
53,175,56,49
53,176,53,52
53,177,51,41
53,178,68,63
53,179,52,58
53,180,50,57
53,181,58,59
53,182,59,57
53,183,54,45
53,184,62,48
53,185,45,45
53,186,67,59
53,187,46,44
53,188,57,66
53,189,61,50
53,190,66,49
53,191,41,51
53,192,53,41
53,193,57,61
53,194,55,60
53,195,62,58
53,196,57,60
54,1,50,34
54,2,54,47
54,3,35,53
54,4,39,44
54,5,35,47
54,6,50,39
54,7,41,52
54,8,38,54
54,9,35,56
54,10,36,59
54,11,29,60
54,12,31,59
54,13,51,47
54,14,50,63
54,15,41,42
54,16,42,42
54,17,41,35
54,18,49,54
54,19,32,45
54,20,41,44
54,21,38,49
54,22,33,55
54,23,34,42
54,24,30,54
54,25,46,50
54,26,40,44
54,27,37,59
54,28,48,46
54,29,40,48
54,30,32,46
54,31,32,54
54,32,44,50
54,33,50,49
54,34,43,54
54,35,42,55
54,36,54,53
54,37,49,53
54,38,44,66
54,39,37,52
54,40,33,61
54,41,42,57
54,42,39,61
54,43,58,35
54,44,49,46
54,45,53,49
54,46,45,38
54,47,34,51
54,48,55,41
54,49,52,55
54,50,51,50
54,51,40,47
54,52,46,54
54,53,39,49
54,54,50,61
54,55,51,66
54,56,47,64
54,57,37,41
54,58,47,37
54,59,40,42
54,60,46,49
54,61,46,53
54,62,54,41
54,63,51,55
54,64,36,51
54,65,38,45
54,66,49,55
54,67,43,57
54,68,53,59
54,69,55,65
54,70,37,58
54,71,62,38
54,72,49,38
54,73,44,46
54,74,56,39
54,75,55,47
54,76,42,29
54,77,58,52
54,78,42,50
54,79,46,52
54,80,56,67
54,81,41,68
54,82,45,54
54,83,53,61
54,84,43,58
54,85,52,33
54,86,63,41
54,87,45,48
54,88,63,47
54,89,51,49
54,90,46,45
54,91,43,45
54,92,49,34
54,93,56,42
54,94,45,56
54,95,46,56
54,96,59,63
54,97,56,43
54,98,65,54
54,99,57,42
54,100,48,50
54,101,48,48
54,102,53,46
54,103,42,43
54,104,40,53
54,105,48,42
54,106,51,52
54,107,59,53
54,108,41,56
54,109,49,57
54,110,39,52
54,111,41,55
54,112,55,64
54,113,51,33
54,114,48,36
54,115,55,44
54,116,47,35
54,117,65,45
54,118,41,53
54,119,56,44
54,120,54,56
54,121,59,38
54,122,47,52
54,123,56,51
54,124,47,59
54,125,44,58
54,126,58,60
54,127,48,43
54,128,65,35
54,129,54,40
54,130,48,51
54,131,52,45
54,132,58,40
54,133,63,50
54,134,43,49
54,135,44,47
54,136,46,62
54,137,60,63
54,138,49,59
54,139,41,65
54,140,39,63
54,141,48,33
54,142,56,41
54,143,39,66
54,144,52,44
54,145,59,39
54,146,54,52
54,147,64,49
54,148,54,57
54,149,49,44
54,150,54,71
54,151,56,65
54,152,51,51
54,153,47,54
54,154,63,55
54,155,66,41
54,156,51,42
54,157,51,45
54,158,54,44
54,159,61,45
54,160,70,51
54,161,50,52
54,162,60,49
54,163,55,49
54,164,62,53
54,165,53,42
54,166,45,49
54,167,55,48
54,168,43,53
54,169,58,47
54,170,43,50
54,171,60,53
54,172,60,37
54,173,55,51
54,174,62,50
54,175,57,49
54,176,54,51
54,177,50,40
54,178,67,62
54,179,52,59
54,180,49,58
54,181,57,58
54,182,60,57
54,183,54,46
54,184,62,47
54,185,46,46
54,186,68,60
54,187,45,44
54,188,58,67
54,189,61,49
54,190,65,49
54,191,40,52
54,192,52,41
54,193,56,61
54,194,55,61
54,195,61,59
54,196,57,61
55,1,49,35
55,2,53,47
55,3,36,53
55,4,38,43
55,5,34,48
55,6,50,38
55,7,41,51
55,8,37,55
55,9,35,55
55,10,35,58
55,11,29,59
55,12,30,58
55,13,50,47
55,14,50,64
55,15,42,41
55,16,41,41
55,17,41,36
55,18,48,55
55,19,31,46
55,20,40,45
55,21,38,48
55,22,32,55
55,23,33,43
55,24,29,55
55,25,45,51
55,26,39,43
55,27,36,60
55,28,47,45
55,29,41,47
55,30,32,45
55,31,33,54
55,32,45,50
55,33,49,48
55,34,44,54
55,35,42,54
55,36,53,54
55,37,48,54
55,38,45,66
55,39,38,52
55,40,34,60
55,41,41,58
55,42,38,62
55,43,59,34
55,44,48,46
55,45,54,48
55,46,46,39
55,47,34,52
55,48,55,40
55,49,53,56
55,50,50,51
55,51,39,48
55,52,45,55
55,53,38,50
55,54,49,60
55,55,50,66
55,56,46,64
55,57,36,41
55,58,47,38
55,59,39,42
55,60,46,48
55,61,47,53
55,62,53,41
55,63,50,55
55,64,35,51
55,65,37,46
55,66,48,56
55,67,43,56
55,68,54,60
55,69,56,66
55,70,38,58
55,71,63,37
55,72,49,37
55,73,44,45
55,74,56,38
55,75,56,46
55,76,42,30
55,77,57,51
55,78,42,51
55,79,45,52
55,80,57,67
55,81,41,67
55,82,46,53
55,83,53,60
55,84,44,59
55,85,52,32
55,86,62,40
55,87,44,49
55,88,63,46
55,89,50,50
55,90,47,46
55,91,43,46
55,92,48,35
55,93,57,41
55,94,44,55
55,95,46,55
55,96,58,64
55,97,55,42
55,98,65,55
55,99,57,43
55,100,49,50
55,101,47,49
55,102,54,45
55,103,41,43
55,104,39,54
55,105,49,42
55,106,52,52
55,107,59,52
55,108,40,56
55,109,50,58
55,110,39,51
55,111,40,54
55,112,55,65
55,113,51,32
55,114,47,37
55,115,55,45
55,116,47,36
55,117,65,44
55,118,41,54
55,119,55,43
55,120,55,57
55,121,60,38
55,122,47,51
55,123,56,52
55,124,48,59
55,125,45,58
55,126,57,59
55,127,47,44
55,128,65,34
55,129,54,39
55,130,47,52
55,131,53,45
55,132,57,39
55,133,64,51
55,134,44,48
55,135,43,47
55,136,47,62
55,137,61,64
55,138,50,60
55,139,41,66
55,140,40,63
55,141,47,32
55,142,56,40
55,143,40,65
55,144,51,43
55,145,59,40
55,146,55,52
55,147,63,48
55,148,55,58
55,149,50,45
55,150,55,71
55,151,55,64
55,152,51,50
55,153,46,54
55,154,62,55
55,155,66,42
55,156,50,42
55,157,52,45
55,158,53,44
55,159,60,46
55,160,71,52
55,161,50,53
55,162,61,48
55,163,54,49
55,164,63,53
55,165,52,43
55,166,44,50
55,167,56,47
55,168,42,52
55,169,59,47
55,170,43,49
55,171,60,52
55,172,61,38
55,173,56,50
55,174,62,49
55,175,57,50
55,176,55,50
55,177,51,41
55,178,68,61
55,179,51,60
55,180,48,57
55,181,58,58
55,182,59,57
55,183,54,47
55,184,63,47
55,185,45,46
55,186,69,60
55,187,45,45
55,188,57,66
55,189,62,48
55,190,65,50
55,191,39,52
55,192,51,40
55,193,55,60
55,194,54,61
55,195,62,60
55,196,57,62
56,1,50,34
56,2,54,46
56,3,37,54
56,4,38,42
56,5,35,48
56,6,51,37
56,7,42,50
56,8,38,54
56,9,34,56
56,10,36,58
56,11,30,60
56,12,29,58
56,13,50,48
56,14,49,64
56,15,42,42
56,16,40,41
56,17,42,37
56,18,49,55
56,19,30,46
56,20,39,44
56,21,39,47
56,22,31,55
56,23,32,43
56,24,30,54
56,25,46,52
56,26,40,44
56,27,37,59
56,28,48,44
56,29,40,46
56,30,33,45
56,31,32,55
56,32,44,51
56,33,48,48
56,34,45,54
56,35,43,54
56,36,52,53
56,37,48,53
56,38,46,66
56,39,37,53
56,40,35,60
56,41,42,59
56,42,39,62
56,43,60,34
56,44,49,46
56,45,53,47
56,46,46,38
56,47,33,53
56,48,55,39
56,49,52,57
56,50,49,51
56,51,40,47
56,52,44,54
56,53,37,51
56,54,48,60
56,55,49,66
56,56,46,65
56,57,35,42
56,58,47,39
56,59,38,41
56,60,47,48
56,61,48,52
56,62,53,40
56,63,51,55
56,64,35,52
56,65,37,47
56,66,47,57
56,67,42,56
56,68,55,59
56,69,55,66
56,70,38,59
56,71,64,38
56,72,48,37
56,73,43,44
56,74,57,38
56,75,57,47
56,76,43,30
56,77,58,50
56,78,43,51
56,79,44,52
56,80,58,68
56,81,42,68
56,82,45,53
56,83,53,59
56,84,43,59
56,85,53,31
56,86,63,41
56,87,45,49
56,88,62,46
56,89,51,51
56,90,46,47
56,91,43,45
56,92,47,35
56,93,58,40
56,94,45,56
56,95,47,56
56,96,59,63
56,97,56,43
56,98,65,56
56,99,58,44
56,100,50,51
56,101,48,50
56,102,55,44
56,103,41,44
56,104,38,53
56,105,49,41
56,106,53,53
56,107,60,53
56,108,39,57
56,109,49,57
56,110,38,50
56,111,39,53
56,112,56,64
56,113,50,32
56,114,46,37
56,115,54,45
56,116,47,37
56,117,65,45
56,118,42,53
56,119,56,42
56,120,56,57
56,121,59,37
56,122,47,50
56,123,56,51
56,124,49,60
56,125,45,57
56,126,56,60
56,127,46,44
56,128,65,33
56,129,53,38
56,130,47,51
56,131,52,46
56,132,58,38
56,133,63,51
56,134,45,47
56,135,43,46
56,136,48,61
56,137,60,65
56,138,50,59
56,139,41,67
56,140,39,63
56,141,48,31
56,142,57,39
56,143,39,65
56,144,51,44
56,145,60,40
56,146,55,51
56,147,64,49
56,148,54,59
56,149,51,45
56,150,55,70
56,151,54,65
56,152,52,50
56,153,46,53
56,154,61,56
56,155,65,42
56,156,51,43
56,157,52,44
56,158,54,44
56,159,60,47
56,160,70,51
56,161,51,54
56,162,60,48
56,163,54,50
56,164,62,54
56,165,53,43
56,166,45,50
56,167,56,46
56,168,41,51
56,169,58,48
56,170,43,48
56,171,61,53
56,172,60,39
56,173,57,51
56,174,61,48
56,175,58,49
56,176,56,50
56,177,51,42
56,178,67,61
56,179,51,61
56,180,48,56
56,181,58,59
56,182,60,56
56,183,54,48
56,184,64,48
56,185,44,47
56,186,69,59
56,187,44,45
56,188,56,67
56,189,61,49
56,190,65,51
56,191,39,51
56,192,50,41
56,193,54,60
56,194,55,61
56,195,63,60
56,196,58,61
57,1,50,35
57,2,53,46
57,3,36,55
57,4,39,42
57,5,36,49
57,6,51,38
57,7,43,49
57,8,38,55
57,9,33,55
57,10,35,59
57,11,31,59
57,12,28,58
57,13,49,48
57,14,49,65
57,15,41,43
57,16,39,40
57,17,41,37
57,18,50,54
57,19,31,45
57,20,38,45
57,21,38,46
57,22,31,56
57,23,33,44
57,24,31,53
57,25,45,52
57,26,39,43
57,27,38,60
57,28,48,45
57,29,39,46
57,30,34,45
57,31,33,54
57,32,43,50
57,33,47,47
57,34,44,55
57,35,43,53
57,36,51,52
57,37,48,54
57,38,45,65
57,39,36,54
57,40,36,60
57,41,43,58
57,42,38,63
57,43,61,33
57,44,48,46
57,45,54,46
57,46,45,39
57,47,34,53
57,48,56,38
57,49,53,58
57,50,49,50
57,51,41,48
57,52,45,55
57,53,37,52
57,54,48,59
57,55,50,66
57,56,47,64
57,57,34,43
57,58,46,40
57,59,37,42
57,60,48,47
57,61,47,53
57,62,52,39
57,63,50,56
57,64,35,53
57,65,36,48
57,66,47,58
57,67,43,56
57,68,56,59
57,69,54,66
57,70,37,59
57,71,63,37
57,72,48,36
57,73,43,43
57,74,56,39
57,75,56,47
57,76,44,31
57,77,57,50
57,78,43,52
57,79,44,53
57,80,58,69
57,81,42,67
57,82,45,54
57,83,54,58
57,84,43,60
57,85,54,31
57,86,64,42
57,87,44,49
57,88,62,45
57,89,52,51
57,90,46,48
57,91,42,46
57,92,48,34
57,93,57,41
57,94,46,57
57,95,46,56
57,96,58,63
57,97,57,43
57,98,66,57
57,99,59,45
57,100,49,51
57,101,47,49
57,102,55,43
57,103,40,45
57,104,37,54
57,105,50,42
57,106,54,53
57,107,61,54
57,108,39,58
57,109,49,56
57,110,39,50
57,111,38,52
57,112,56,63
57,113,49,31
57,114,45,36
57,115,53,44
57,116,47,38
57,117,66,44
57,118,42,52
57,119,55,42
57,120,55,58
57,121,58,37
57,122,46,49
57,123,57,52
57,124,49,59
57,125,44,56
57,126,56,61
57,127,47,45
57,128,66,33
57,129,54,39
57,130,47,50
57,131,53,45
57,132,59,39
57,133,63,50
57,134,44,46
57,135,42,47
57,136,49,62
57,137,61,65
57,138,50,58
57,139,40,67
57,140,40,62
57,141,47,30
57,142,58,40
57,143,39,66
57,144,52,43
57,145,59,41
57,146,54,51
57,147,63,49
57,148,55,59
57,149,51,46
57,150,54,69
57,151,53,65
57,152,52,49
57,153,46,54
57,154,61,57
57,155,65,41
57,156,52,42
57,157,52,45
57,158,54,45
57,159,60,46
57,160,71,51
57,161,51,55
57,162,59,47
57,163,55,50
57,164,63,55
57,165,53,42
57,166,45,49
57,167,55,47
57,168,42,51
57,169,57,49
57,170,44,48
57,171,60,54
57,172,60,40
57,173,58,52
57,174,62,47
57,175,59,49
57,176,55,51
57,177,51,41
57,178,66,61
57,179,51,60
57,180,49,57
57,181,59,59
57,182,60,55
57,183,54,49
57,184,65,49
57,185,43,48
57,186,70,60
57,187,45,45
57,188,57,67
57,189,62,49
57,190,64,51
57,191,40,51
57,192,49,40
57,193,53,60
57,194,54,62
57,195,62,60
57,196,59,62
58,1,49,35
58,2,54,47
58,3,37,56
58,4,38,42
58,5,37,49
58,6,50,37
58,7,42,49
58,8,39,55
58,9,33,56
58,10,34,59
58,11,32,58
58,12,29,58
58,13,50,48
58,14,49,66
58,15,40,44
58,16,38,40
58,17,41,36
58,18,50,55
58,19,32,46
58,20,37,46
58,21,39,45
58,22,32,56
58,23,32,44
58,24,32,52
58,25,46,53
58,26,38,44
58,27,39,61
58,28,48,44
58,29,39,47
58,30,34,44
58,31,32,54
58,32,42,50
58,33,48,48
58,34,44,54
58,35,44,52
58,36,50,53
58,37,49,53
58,38,44,66
58,39,36,53
58,40,37,61
58,41,43,57
58,42,38,62
58,43,62,32
58,44,49,46
58,45,53,46
58,46,44,40
58,47,35,54
58,48,55,39
58,49,52,58
58,50,50,49
58,51,40,48
58,52,44,55
58,53,37,51
58,54,47,60
58,55,50,67
58,56,48,65
58,57,34,42
58,58,46,41
58,59,38,41
58,60,49,47
58,61,46,52
58,62,53,40
58,63,51,56
58,64,36,52
58,65,36,47
58,66,46,58
58,67,42,57
58,68,56,58
58,69,53,66
58,70,37,60
58,71,64,36
58,72,49,36
58,73,44,44
58,74,55,40
58,75,57,48
58,76,43,32
58,77,56,49
58,78,44,51
58,79,43,52
58,80,57,70
58,81,42,66
58,82,45,55
58,83,53,59
58,84,42,60
58,85,53,30
58,86,63,43
58,87,43,50
58,88,62,46
58,89,52,50
58,90,47,47
58,91,41,47
58,92,48,35
58,93,56,40
58,94,47,58
58,95,47,56
58,96,57,63
58,97,56,43
58,98,65,56
58,99,58,46
58,100,49,52
58,101,46,50
58,102,54,43
58,103,41,46
58,104,37,55
58,105,50,41
58,106,55,52
58,107,62,53
58,108,38,58
58,109,50,56
58,110,40,50
58,111,38,51
58,112,56,64
58,113,48,30
58,114,44,36
58,115,52,44
58,116,47,37
58,117,66,45
58,118,43,53
58,119,56,42
58,120,56,57
58,121,59,38
58,122,47,48
58,123,56,51
58,124,48,58
58,125,43,56
58,126,55,62
58,127,46,44
58,128,65,33
58,129,54,38
58,130,47,51
58,131,54,46
58,132,60,38
58,133,62,50
58,134,43,45
58,135,41,48
58,136,50,63
58,137,60,65
58,138,50,59
58,139,40,68
58,140,39,63
58,141,46,31
58,142,57,39
58,143,40,65
58,144,51,44
58,145,58,42
58,146,54,50
58,147,63,48
58,148,56,60
58,149,52,47
58,150,53,70
58,151,54,64
58,152,51,50
58,153,45,53
58,154,61,58
58,155,64,41
58,156,53,41
58,157,53,44
58,158,55,46
58,159,61,46
58,160,72,51
58,161,52,56
58,162,58,47
58,163,55,49
58,164,64,54
58,165,53,43
58,166,44,49
58,167,55,48
58,168,41,50
58,169,58,48
58,170,44,47
58,171,59,54
58,172,61,41
58,173,57,52
58,174,62,48
58,175,59,50
58,176,54,51
58,177,51,40
58,178,67,61
58,179,51,59
58,180,50,58
58,181,59,60
58,182,61,54
58,183,53,49
58,184,66,50
58,185,43,47
58,186,71,60
58,187,44,45
58,188,57,66
58,189,61,48
58,190,63,52
58,191,39,50
58,192,50,40
58,193,54,61
58,194,53,62
58,195,62,59
58,196,58,62
59,1,50,34
59,2,53,47
59,3,38,57
59,4,39,42
59,5,36,50
59,6,49,38
59,7,43,49
59,8,39,56
59,9,32,57
59,10,33,58
59,11,32,59
59,12,28,59
59,13,51,47
59,14,48,66
59,15,41,44
59,16,37,40
59,17,40,35
59,18,51,55
59,19,31,47
59,20,37,45
59,21,40,45
59,22,33,57
59,23,32,45
59,24,33,52
59,25,45,54
59,26,37,43
59,27,40,62
59,28,49,44
59,29,39,46
59,30,35,44
59,31,32,53
59,32,43,51
59,33,49,49
59,34,43,55
59,35,45,51
59,36,50,52
59,37,49,54
59,38,44,67
59,39,35,53
59,40,36,62
59,41,44,58
59,42,38,63
59,43,63,31
59,44,50,46
59,45,54,45
59,46,45,40
59,47,36,54
59,48,54,40
59,49,53,58
59,50,50,48
59,51,39,49
59,52,44,54
59,53,37,52
59,54,46,59
59,55,51,67
59,56,47,65
59,57,35,42
59,58,46,40
59,59,38,42
59,60,50,47
59,61,46,53
59,62,54,41
59,63,51,57
59,64,37,51
59,65,37,48
59,66,47,57
59,67,41,56
59,68,55,58
59,69,53,67
59,70,36,59
59,71,64,35
59,72,49,37
59,73,45,43
59,74,56,41
59,75,58,49
59,76,42,32
59,77,57,48
59,78,45,50
59,79,44,53
59,80,57,69
59,81,43,67
59,82,45,56
59,83,54,59
59,84,42,59
59,85,54,31
59,86,62,43
59,87,44,50
59,88,62,45
59,89,52,51
59,90,46,47
59,91,40,48
59,92,49,34
59,93,56,39
59,94,48,57
59,95,48,56
59,96,57,64
59,97,55,42
59,98,64,56
59,99,59,47
59,100,48,52
59,101,45,49
59,102,54,42
59,103,42,46
59,104,38,55
59,105,49,42
59,106,54,52
59,107,62,54
59,108,38,59
59,109,49,57
59,110,41,49
59,111,39,51
59,112,55,65
59,113,47,29
59,114,45,36
59,115,51,45
59,116,46,38
59,117,66,46
59,118,43,54
59,119,55,43
59,120,56,56
59,121,60,37
59,122,47,47
59,123,56,50
59,124,47,59
59,125,43,57
59,126,56,63
59,127,46,45
59,128,64,34
59,129,53,39
59,130,48,50
59,131,54,47
59,132,61,39
59,133,61,51
59,134,43,44
59,135,42,47
59,136,50,64
59,137,61,64
59,138,49,59
59,139,39,68
59,140,39,62
59,141,47,30
59,142,58,40
59,143,40,66
59,144,52,43
59,145,57,43
59,146,54,49
59,147,64,49
59,148,55,59
59,149,53,46
59,150,52,70
59,151,53,63
59,152,50,50
59,153,46,52
59,154,62,58
59,155,65,40
59,156,52,42
59,157,53,45
59,158,54,46
59,159,62,47
59,160,72,52
59,161,52,57
59,162,57,47
59,163,56,49
59,164,65,55
59,165,53,44
59,166,44,48
59,167,55,49
59,168,42,51
59,169,57,49
59,170,45,46
59,171,60,54
59,172,60,42
59,173,58,53
59,174,62,49
59,175,60,49
59,176,53,50
59,177,51,41
59,178,67,60
59,179,52,58
59,180,49,58
59,181,58,60
59,182,61,53
59,183,54,48
59,184,65,49
59,185,43,46
59,186,72,60
59,187,44,44
59,188,57,65
59,189,60,47
59,190,64,51
59,191,40,51
59,192,49,41
59,193,53,60
59,194,54,61
59,195,61,59
59,196,57,61
60,1,50,35
60,2,52,46
60,3,37,58
60,4,38,41
60,5,35,49
60,6,48,37
60,7,43,50
60,8,40,57
60,9,33,56
60,10,32,57
60,11,31,58
60,12,29,58
60,13,52,48
60,14,48,67
60,15,40,44
60,16,38,40
60,17,40,36
60,18,52,55
60,19,31,46
60,20,38,44
60,21,39,45
60,22,34,57
60,23,33,44
60,24,34,53
60,25,46,54
60,26,36,44
60,27,40,61
60,28,48,45
60,29,38,46
60,30,34,45
60,31,33,53
60,32,44,51
60,33,48,48
60,34,42,56
60,35,45,52
60,36,50,51
60,37,48,54
60,38,45,67
60,39,36,52
60,40,35,63
60,41,44,59
60,42,38,62
60,43,62,31
60,44,49,45
60,45,55,44
60,46,45,41
60,47,36,53
60,48,53,41
60,49,53,59
60,50,51,49
60,51,38,50
60,52,45,53
60,53,36,51
60,54,45,59
60,55,50,68
60,56,48,64
60,57,36,41
60,58,45,40
60,59,39,41
60,60,49,46
60,61,47,54
60,62,55,41
60,63,50,56
60,64,36,50
60,65,38,49
60,66,47,56
60,67,41,55
60,68,56,57
60,69,53,68
60,70,36,60
60,71,63,35
60,72,49,38
60,73,46,42
60,74,57,42
60,75,58,50
60,76,41,32
60,77,58,48
60,78,46,50
60,79,43,52
60,80,57,68
60,81,43,66
60,82,45,57
60,83,54,58
60,84,41,58
60,85,55,32
60,86,62,44
60,87,43,51
60,88,63,44
60,89,53,51
60,90,45,47
60,91,40,47
60,92,48,33
60,93,55,38
60,94,49,56
60,95,48,55
60,96,58,65
60,97,54,43
60,98,64,55
60,99,60,46
60,100,47,51
60,101,44,49
60,102,53,42
60,103,41,46
60,104,37,55
60,105,48,41
60,106,54,53
60,107,63,55
60,108,38,60
60,109,48,57
60,110,41,48
60,111,39,50
60,112,55,64
60,113,48,30
60,114,44,37
60,115,52,44
60,116,45,39
60,117,65,46
60,118,44,53
60,119,56,44
60,120,55,56
60,121,59,38
60,122,47,46
60,123,55,51
60,124,46,58
60,125,42,58
60,126,56,62
60,127,45,44
60,128,65,35
60,129,54,39
60,130,48,49
60,131,55,47
60,132,60,38
60,133,62,51
60,134,42,44
60,135,42,48
60,136,49,64
60,137,61,63
60,138,48,58
60,139,40,68
60,140,38,63
60,141,46,30
60,142,59,39
60,143,39,67
60,144,51,42
60,145,58,42
60,146,55,50
60,147,65,50
60,148,56,59
60,149,54,45
60,150,52,69
60,151,54,62
60,152,49,49
60,153,45,51
60,154,61,58
60,155,66,39
60,156,51,43
60,157,54,44
60,158,53,46
60,159,63,47
60,160,71,52
60,161,53,56
60,162,56,48
60,163,57,48
60,164,65,54
60,165,53,45
60,166,43,48
60,167,55,48
60,168,42,52
60,169,56,49
60,170,46,46
60,171,61,54
60,172,59,41
60,173,59,54
60,174,61,50
60,175,61,48
60,176,54,49
60,177,50,42
60,178,66,60
60,179,51,59
60,180,49,59
60,181,58,61
60,182,61,52
60,183,53,49
60,184,64,49
60,185,44,47
60,186,73,59
60,187,45,45
60,188,56,65
60,189,59,46
60,190,64,50
60,191,41,52
60,192,50,40
60,193,54,59
60,194,55,60
60,195,62,60
60,196,58,60
61,1,51,35
61,2,51,47
61,3,36,58
61,4,37,41
61,5,35,50
61,6,47,37
61,7,44,50
61,8,40,58
61,9,34,55
61,10,31,57
61,11,32,59
61,12,28,57
61,13,53,47
61,14,49,66
61,15,41,43
61,16,38,41
61,17,41,37
61,18,52,54
61,19,32,47
61,20,39,43
61,21,39,46
61,22,35,58
61,23,32,44
61,24,33,54
61,25,47,55
61,26,35,43
61,27,41,61
61,28,47,45
61,29,37,47
61,30,34,46
61,31,32,52
61,32,44,52
61,33,47,47
61,34,43,55
61,35,46,52
61,36,49,50
61,37,49,54
61,38,46,67
61,39,35,53
61,40,35,62
61,41,43,58
61,42,37,61
61,43,62,30
61,44,50,46
61,45,55,43
61,46,46,41
61,47,37,52
61,48,52,42
61,49,52,59
61,50,50,50
61,51,37,51
61,52,44,54
61,53,35,51
61,54,45,60
61,55,49,67
61,56,49,65
61,57,36,40
61,58,44,39
61,59,40,41
61,60,49,45
61,61,46,55
61,62,54,41
61,63,51,56
61,64,36,49
61,65,39,48
61,66,46,57
61,67,40,54
61,68,55,58
61,69,54,67
61,70,36,61
61,71,64,35
61,72,49,39
61,73,45,42
61,74,58,43
61,75,58,51
61,76,40,33
61,77,59,48
61,78,45,49
61,79,44,51
61,80,57,69
61,81,43,65
61,82,44,56
61,83,55,59
61,84,40,59
61,85,56,33
61,86,63,43
61,87,43,50
61,88,62,44
61,89,53,50
61,90,45,48
61,91,40,48
61,92,47,33
61,93,56,38
61,94,50,56
61,95,49,55
61,96,59,66
61,97,53,43
61,98,63,54
61,99,59,45
61,100,48,50
61,101,43,49
61,102,54,43
61,103,41,45
61,104,37,56
61,105,49,40
61,106,55,53
61,107,62,54
61,108,39,60
61,109,48,56
61,110,40,49
61,111,40,50
61,112,54,65
61,113,47,31
61,114,43,37
61,115,51,44
61,116,46,38
61,117,66,47
61,118,43,53
61,119,56,43
61,120,55,57
61,121,59,37
61,122,46,45
61,123,54,52
61,124,47,59
61,125,41,58
61,126,56,63
61,127,44,43
61,128,64,34
61,129,55,40
61,130,47,50
61,131,56,47
61,132,59,38
61,133,62,50
61,134,41,44
61,135,41,48
61,136,50,64
61,137,62,62
61,138,49,58
61,139,40,67
61,140,37,63
61,141,46,29
61,142,58,39
61,143,40,68
61,144,50,43
61,145,58,41
61,146,55,51
61,147,65,49
61,148,57,60
61,149,55,45
61,150,53,68
61,151,53,61
61,152,50,49
61,153,45,52
61,154,61,59
61,155,65,39
61,156,52,43
61,157,54,45
61,158,52,46
61,159,63,46
61,160,72,53
61,161,54,55
61,162,55,49
61,163,58,49
61,164,66,54
61,165,52,44
61,166,43,47
61,167,56,48
61,168,43,52
61,169,55,48
61,170,47,46
61,171,60,54
61,172,59,42
61,173,60,55
61,174,62,51
61,175,62,47
61,176,54,50
61,177,50,41
61,178,67,59
61,179,51,60
61,180,48,60
61,181,58,62
61,182,60,53
61,183,54,48
61,184,63,49
61,185,45,46
61,186,73,60
61,187,44,44
61,188,55,64
61,189,60,46
61,190,63,51
61,191,42,53
61,192,51,41
61,193,54,58
61,194,56,61
61,195,63,59
61,196,59,60
62,1,50,35
62,2,50,48
62,3,36,59
62,4,38,42
62,5,36,50
62,6,47,38
62,7,45,50
62,8,40,57
62,9,35,54
62,10,30,56
62,11,33,60
62,12,29,58
62,13,52,47
62,14,48,67
62,15,41,42
62,16,38,40
62,17,42,37
62,18,51,53
62,19,32,48
62,20,40,44
62,21,39,45
62,22,34,58
62,23,32,43
62,24,33,55
62,25,48,55
62,26,35,42
62,27,41,60
62,28,46,46
62,29,37,48
62,30,34,47
62,31,31,53
62,32,45,51
62,33,48,48
62,34,42,54
62,35,46,53
62,36,50,51
62,37,50,55
62,38,47,67
62,39,36,52
62,40,34,62
62,41,42,58
62,42,37,62
62,43,63,29
62,44,50,47
62,45,55,44
62,46,47,42
62,47,37,53
62,48,53,41
62,49,51,58
62,50,49,50
62,51,37,50
62,52,44,55
62,53,34,51
62,54,44,61
62,55,48,66
62,56,49,64
62,57,37,40
62,58,45,39
62,59,41,40
62,60,49,44
62,61,47,55
62,62,54,40
62,63,51,55
62,64,35,48
62,65,40,47
62,66,45,57
62,67,39,55
62,68,54,57
62,69,55,66
62,70,35,61
62,71,63,34
62,72,50,39
62,73,46,42
62,74,59,44
62,75,57,52
62,76,39,34
62,77,60,48
62,78,46,48
62,79,44,50
62,80,57,68
62,81,42,66
62,82,43,56
62,83,54,59
62,84,39,59
62,85,56,32
62,86,64,44
62,87,44,51
62,88,62,43
62,89,52,49
62,90,45,49
62,91,41,49
62,92,47,32
62,93,57,39
62,94,50,57
62,95,50,56
62,96,58,66
62,97,52,42
62,98,64,53
62,99,60,44
62,100,47,49
62,101,44,48
62,102,53,44
62,103,42,46
62,104,36,57
62,105,48,40
62,106,56,53
62,107,63,53
62,108,38,60
62,109,49,55
62,110,39,48
62,111,40,49
62,112,53,65
62,113,48,31
62,114,42,36
62,115,50,45
62,116,46,37
62,117,67,46
62,118,44,52
62,119,56,42
62,120,56,58
62,121,58,37
62,122,47,45
62,123,53,51
62,124,46,59
62,125,41,59
62,126,57,64
62,127,45,42
62,128,65,35
62,129,56,39
62,130,46,50
62,131,55,47
62,132,59,37
62,133,61,50
62,134,42,44
62,135,42,47
62,136,50,63
62,137,62,61
62,138,48,58
62,139,41,68
62,140,36,64
62,141,46,28
62,142,57,40
62,143,39,69
62,144,51,43
62,145,57,42
62,146,56,50
62,147,66,50
62,148,58,60
62,149,56,44
62,150,54,69
62,151,53,60
62,152,50,50
62,153,46,52
62,154,61,58
62,155,64,40
62,156,51,42
62,157,55,46
62,158,53,46
62,159,64,47
62,160,71,54
62,161,55,55
62,162,55,50
62,163,57,50
62,164,67,54
62,165,51,44
62,166,44,47
62,167,56,47
62,168,43,53
62,169,56,48
62,170,48,47
62,171,61,53
62,172,58,42
62,173,59,54
62,174,62,50
62,175,62,46
62,176,55,49
62,177,50,42
62,178,66,58
62,179,50,60
62,180,48,59
62,181,59,62
62,182,59,53
62,183,55,48
62,184,62,49
62,185,45,45
62,186,74,61
62,187,44,43
62,188,56,65
62,189,60,45
62,190,64,52
62,191,43,52
62,192,50,41
62,193,53,59
62,194,57,60
62,195,64,59
62,196,60,59
63,1,51,34
63,2,51,49
63,3,37,60
63,4,39,41
63,5,35,51
63,6,46,39
63,7,46,49
63,8,40,56
63,9,34,53
63,10,29,56
63,11,34,59
63,12,30,58
63,13,53,48
63,14,49,68
63,15,41,43
63,16,38,41
63,17,42,38
63,18,51,52
63,19,32,49
63,20,40,45
63,21,38,45
63,22,34,57
63,23,32,42
63,24,34,56
63,25,48,54
63,26,35,41
63,27,42,61
63,28,47,47
63,29,38,48
63,30,33,46
63,31,32,54
63,32,45,50
63,33,49,48
63,34,42,55
63,35,45,53
63,36,50,52
63,37,49,56
63,38,47,68
63,39,37,51
63,40,35,62
63,41,43,57
63,42,36,62
63,43,63,30
63,44,50,46
63,45,55,45
63,46,48,41
63,47,37,54
63,48,54,41
63,49,52,59
63,50,48,50
63,51,36,49
63,52,45,55
63,53,33,50
63,54,44,62
63,55,48,65
63,56,49,63
63,57,37,39
63,58,45,40
63,59,42,39
63,60,50,43
63,61,48,56
63,62,55,40
63,63,52,54
63,64,34,47
63,65,40,46
63,66,46,56
63,67,39,54
63,68,55,57
63,69,56,67
63,70,34,62
63,71,62,35
63,72,49,40
63,73,47,43
63,74,58,45
63,75,58,51
63,76,40,34
63,77,60,49
63,78,47,48
63,79,43,49
63,80,58,68
63,81,43,65
63,82,44,57
63,83,54,60
63,84,39,58
63,85,57,32
63,86,64,43
63,87,44,50
63,88,61,44
63,89,52,48
63,90,46,48
63,91,41,50
63,92,48,33
63,93,57,38
63,94,50,58
63,95,50,55
63,96,59,66
63,97,52,41
63,98,64,54
63,99,59,45
63,100,48,49
63,101,45,48
63,102,54,44
63,103,42,45
63,104,35,56
63,105,49,39
63,106,57,52
63,107,63,52
63,108,38,61
63,109,50,56
63,110,40,47
63,111,39,48
63,112,53,66
63,113,48,32
63,114,42,35
63,115,50,44
63,116,46,38
63,117,66,47
63,118,45,52
63,119,55,41
63,120,56,59
63,121,58,38
63,122,48,45
63,123,53,52
63,124,47,60
63,125,40,59
63,126,56,63
63,127,46,41
63,128,65,34
63,129,55,38
63,130,47,50
63,131,54,46
63,132,60,38
63,133,60,51
63,134,42,43
63,135,41,47
63,136,49,64
63,137,63,61
63,138,47,59
63,139,40,68
63,140,36,63
63,141,47,28
63,142,56,41
63,143,40,70
63,144,52,44
63,145,58,43
63,146,57,51
63,147,65,50
63,148,57,61
63,149,55,44
63,150,54,68
63,151,54,59
63,152,50,51
63,153,46,53
63,154,60,57
63,155,63,39
63,156,52,43
63,157,54,45
63,158,53,47
63,159,63,48
63,160,70,53
63,161,56,55
63,162,54,51
63,163,57,49
63,164,66,55
63,165,51,45
63,166,45,47
63,167,57,47
63,168,44,52
63,169,55,47
63,170,48,48
63,171,62,52
63,172,57,41
63,173,58,55
63,174,63,50
63,175,62,47
63,176,54,50
63,177,51,42
63,178,65,57
63,179,51,60
63,180,49,59
63,181,59,63
63,182,58,53
63,183,54,49
63,184,62,50
63,185,45,44
63,186,73,61
63,187,44,44
63,188,56,64
63,189,61,46
63,190,65,51
63,191,44,51
63,192,51,40
63,193,53,58
63,194,58,60
63,195,64,60
63,196,61,60
64,1,50,33
64,2,52,50
64,3,38,59
64,4,38,40
64,5,34,52
64,6,45,39
64,7,45,49
64,8,39,56
64,9,33,53
64,10,28,55
64,11,35,58
64,12,31,57
64,13,54,47
64,14,49,67
64,15,42,42
64,16,39,42
64,17,41,38
64,18,51,53
64,19,31,49
64,20,41,45
64,21,39,45
64,22,34,58
64,23,32,43
64,24,34,55
64,25,48,53
64,26,36,40
64,27,43,61
64,28,46,46
64,29,39,49
64,30,33,45
64,31,31,54
64,32,45,51
64,33,49,47
64,34,42,56
64,35,46,54
64,36,51,51
64,37,48,55
64,38,47,67
64,39,36,52
64,40,34,61
64,41,43,58
64,42,35,63
64,43,63,31
64,44,49,45
64,45,56,46
64,46,47,41
64,47,38,55
64,48,53,40
64,49,53,59
64,50,49,49
64,51,37,48
64,52,46,55
64,53,33,49
64,54,45,63
64,55,48,64
64,56,48,62
64,57,37,38
64,58,46,40
64,59,41,39
64,60,50,42
64,61,47,55
64,62,54,41
64,63,53,54
64,64,33,46
64,65,41,46
64,66,47,57
64,67,38,54
64,68,54,57
64,69,57,66
64,70,33,63
64,71,61,36
64,72,48,39
64,73,46,42
64,74,58,44
64,75,59,50
64,76,39,34
64,77,61,48
64,78,47,49
64,79,42,50
64,80,57,69
64,81,44,66
64,82,45,58
64,83,55,61
64,84,40,58
64,85,58,33
64,86,65,44
64,87,45,50
64,88,61,43
64,89,52,49
64,90,47,47
64,91,40,51
64,92,47,32
64,93,58,39
64,94,50,59
64,95,49,54
64,96,59,65
64,97,52,42
64,98,63,53
64,99,60,45
64,100,49,48
64,101,44,49
64,102,53,44
64,103,42,44
64,104,34,57
64,105,49,38
64,106,56,53
64,107,63,51
64,108,38,62
64,109,51,56
64,110,39,47
64,111,40,48
64,112,54,65
64,113,48,33
64,114,42,34
64,115,51,44
64,116,47,39
64,117,65,47
64,118,44,53
64,119,55,40
64,120,57,60
64,121,58,37
64,122,49,44
64,123,52,53
64,124,47,61
64,125,41,59
64,126,57,62
64,127,45,41
64,128,65,33
64,129,56,37
64,130,48,50
64,131,53,46
64,132,59,38
64,133,61,51
64,134,41,43
64,135,42,46
64,136,50,64
64,137,62,60
64,138,48,58
64,139,41,68
64,140,37,64
64,141,48,27
64,142,56,42
64,143,41,70
64,144,51,43
64,145,59,44
64,146,56,52
64,147,64,51
64,148,56,61
64,149,55,45
64,150,55,67
64,151,54,58
64,152,49,51
64,153,45,53
64,154,61,58
64,155,64,40
64,156,52,44
64,157,53,45
64,158,52,48
64,159,64,48
64,160,70,52
64,161,57,56
64,162,53,51
64,163,58,50
64,164,67,54
64,165,52,46
64,166,46,48
64,167,58,47
64,168,43,51
64,169,55,46
64,170,48,47
64,171,62,51
64,172,56,40
64,173,59,56
64,174,62,49
64,175,62,46
64,176,55,51
64,177,50,41
64,178,66,58
64,179,50,61
64,180,48,59
64,181,60,64
64,182,57,52
64,183,54,50
64,184,63,50
64,185,44,45
64,186,72,62
64,187,45,44
64,188,55,63
64,189,62,47
64,190,66,51
64,191,43,52
64,192,52,39
64,193,54,59
64,194,59,61
64,195,63,59
64,196,61,59
65,1,51,32
65,2,52,51
65,3,38,60
65,4,38,39
65,5,33,51
65,6,44,39
65,7,46,50
65,8,40,56
65,9,34,53
65,10,27,55
65,11,36,58
65,12,32,58
65,13,54,46
65,14,50,68
65,15,41,42
65,16,39,41
65,17,42,39
65,18,50,54
65,19,31,48
65,20,41,44
65,21,38,44
65,22,33,59
65,23,33,42
65,24,34,54
65,25,49,52
65,26,35,40
65,27,43,62
65,28,46,47
65,29,38,49
65,30,32,44
65,31,30,55
65,32,45,52
65,33,48,48
65,34,43,55
65,35,45,54
65,36,52,50
65,37,49,56
65,38,48,67
65,39,37,52
65,40,33,61
65,41,42,58
65,42,36,64
65,43,62,30
65,44,48,46
65,45,55,47
65,46,46,41
65,47,37,54
65,48,53,39
65,49,52,58
65,50,50,48
65,51,37,47
65,52,46,54
65,53,32,48
65,54,45,62
65,55,49,65
65,56,47,63
65,57,37,37
65,58,47,41
65,59,40,39
65,60,49,42
65,61,48,55
65,62,55,42
65,63,52,55
65,64,34,47
65,65,42,47
65,66,46,57
65,67,37,55
65,68,55,56
65,69,58,67
65,70,34,64
65,71,62,35
65,72,49,40
65,73,45,42
65,74,59,45
65,75,58,49
65,76,39,33
65,77,60,49
65,78,47,48
65,79,42,51
65,80,58,69
65,81,45,67
65,82,44,59
65,83,55,62
65,84,40,57
65,85,57,34
65,86,66,43
65,87,45,51
65,88,62,44
65,89,53,48
65,90,47,46
65,91,40,50
65,92,47,33
65,93,58,38
65,94,49,59
65,95,50,53
65,96,58,65
65,97,51,41
65,98,64,52
65,99,61,46
65,100,48,49
65,101,45,50
65,102,54,45
65,103,43,44
65,104,35,57
65,105,49,39
65,106,55,53
65,107,62,50
65,108,38,63
65,109,52,57
65,110,39,46
65,111,39,47
65,112,54,64
65,113,49,33
65,114,41,33
65,115,50,44
65,116,48,38
65,117,66,47
65,118,43,54
65,119,55,39
65,120,58,59
65,121,57,38
65,122,49,45
65,123,52,52
65,124,47,60
65,125,42,59
65,126,56,63
65,127,45,40
65,128,66,34
65,129,57,36
65,130,49,50
65,131,52,47
65,132,60,37
65,133,62,52
65,134,42,42
65,135,43,46
65,136,49,64
65,137,63,60
65,138,47,58
65,139,40,69
65,140,37,63
65,141,49,28
65,142,57,42
65,143,42,70
65,144,51,42
65,145,58,44
65,146,56,53
65,147,64,50
65,148,55,61
65,149,55,44
65,150,54,66
65,151,55,59
65,152,50,52
65,153,44,54
65,154,60,57
65,155,63,41
65,156,52,43
65,157,52,45
65,158,51,47
65,159,64,49
65,160,69,51
65,161,57,57
65,162,54,51
65,163,57,51
65,164,66,53
65,165,51,46
65,166,47,47
65,167,59,48
65,168,44,52
65,169,56,47
65,170,49,48
65,171,61,50
65,172,57,41
65,173,59,57
65,174,62,48
65,175,61,45
65,176,56,50
65,177,50,42
65,178,65,57
65,179,51,61
65,180,49,60
65,181,61,65
65,182,56,52
65,183,54,49
65,184,63,51
65,185,44,46
65,186,71,62
65,187,46,45
65,188,54,62
65,189,61,47
65,190,66,50
65,191,42,53
65,192,51,38
65,193,54,60
65,194,58,61
65,195,62,59
65,196,62,60
66,1,50,33
66,2,51,52
66,3,39,61
66,4,39,40
66,5,34,51
66,6,45,38
66,7,47,51
66,8,40,55
66,9,33,54
66,10,28,56
66,11,35,59
66,12,31,58
66,13,55,45
66,14,50,69
66,15,41,43
66,16,40,41
66,17,42,38
66,18,49,53
66,19,31,49
66,20,42,44
66,21,39,45
66,22,34,60
66,23,32,41
66,24,33,53
66,25,49,51
66,26,36,39
66,27,44,61
66,28,46,48
66,29,39,49
66,30,31,45
66,31,31,56
66,32,46,51
66,33,49,49
66,34,42,56
66,35,45,53
66,36,53,50
66,37,50,55
66,38,49,66
66,39,38,52
66,40,34,61
66,41,43,59
66,42,36,63
66,43,61,30
66,44,49,46
66,45,55,46
66,46,47,42
66,47,36,53
66,48,52,40
66,49,52,59
66,50,51,49
66,51,36,46
66,52,47,55
66,53,33,48
66,54,46,62
66,55,48,66
66,56,48,64
66,57,37,36
66,58,46,41
66,59,41,40
66,60,48,41
66,61,49,55
66,62,55,43
66,63,53,55
66,64,33,46
66,65,41,47
66,66,46,58
66,67,36,55
66,68,56,56
66,69,59,68
66,70,33,63
66,71,61,35
66,72,49,41
66,73,44,42
66,74,58,46
66,75,58,48
66,76,39,32
66,77,59,49
66,78,48,48
66,79,43,52
66,80,58,68
66,81,44,67
66,82,43,58
66,83,56,62
66,84,39,56
66,85,57,33
66,86,67,42
66,87,46,52
66,88,61,44
66,89,53,49
66,90,46,46
66,91,40,51
66,92,47,34
66,93,58,37
66,94,49,58
66,95,50,54
66,96,59,65
66,97,52,41
66,98,65,52
66,99,60,45
66,100,47,49
66,101,46,50
66,102,54,44
66,103,43,43
66,104,36,58
66,105,48,39
66,106,54,54
66,107,62,51
66,108,37,64
66,109,53,58
66,110,40,47
66,111,40,46
66,112,55,63
66,113,50,32
66,114,42,34
66,115,49,44
66,116,47,37
66,117,65,46
66,118,43,55
66,119,55,38
66,120,59,59
66,121,58,39
66,122,50,45
66,123,51,51
66,124,46,59
66,125,41,58
66,126,55,62
66,127,45,41
66,128,65,34
66,129,56,36
66,130,48,49
66,131,52,46
66,132,60,38
66,133,62,53
66,134,41,41
66,135,42,46
66,136,49,65
66,137,62,61
66,138,48,57
66,139,41,70
66,140,37,62
66,141,49,27
66,142,58,41
66,143,42,69
66,144,51,41
66,145,57,43
66,146,55,52
66,147,65,49
66,148,56,61
66,149,54,45
66,150,54,65
66,151,55,58
66,152,50,53
66,153,44,53
66,154,61,58
66,155,62,42
66,156,53,43
66,157,53,46
66,158,50,46
66,159,63,50
66,160,68,51
66,161,58,56
66,162,55,51
66,163,56,51
66,164,65,54
66,165,52,47
66,166,48,47
66,167,60,47
66,168,43,51
66,169,57,47
66,170,50,49
66,171,62,50
66,172,56,42
66,173,60,56
66,174,61,49
66,175,62,46
66,176,57,51
66,177,50,41
66,178,65,56
66,179,51,60
66,180,48,60
66,181,62,64
66,182,57,53
66,183,54,48
66,184,64,51
66,185,44,47
66,186,72,62
66,187,45,45
66,188,54,61
66,189,61,48
66,190,67,51
66,191,41,53
66,192,51,39
66,193,55,59
66,194,57,61
66,195,63,58
66,196,61,60
67,1,51,34
67,2,52,51
67,3,40,61
67,4,40,40
67,5,33,52
67,6,44,39
67,7,48,51
67,8,41,56
67,9,32,55
67,10,27,57
67,11,35,58
67,12,30,58
67,13,55,44
67,14,51,69
67,15,42,43
67,16,39,40
67,17,43,37
67,18,49,54
67,19,30,50
67,20,41,43
67,21,38,46
67,22,35,60
67,23,32,42
67,24,34,54
67,25,50,51
67,26,35,38
67,27,45,61
67,28,46,47
67,29,40,50
67,30,30,46
67,31,30,55
67,32,47,51
67,33,48,50
67,34,42,55
67,35,46,54
67,36,54,49
67,37,50,56
67,38,50,65
67,39,38,51
67,40,33,61
67,41,42,59
67,42,35,64
67,43,62,29
67,44,48,45
67,45,56,45
67,46,48,43
67,47,36,54
67,48,53,40
67,49,53,60
67,50,52,49
67,51,37,45
67,52,46,56
67,53,32,48
67,54,45,63
67,55,47,67
67,56,48,63
67,57,36,36
67,58,47,42
67,59,42,41
67,60,47,41
67,61,50,55
67,62,56,44
67,63,53,54
67,64,34,47
67,65,41,46
67,66,46,57
67,67,35,54
67,68,57,55
67,69,58,69
67,70,34,64
67,71,62,34
67,72,50,42
67,73,45,43
67,74,59,45
67,75,59,48
67,76,39,33
67,77,58,50
67,78,47,48
67,79,44,51
67,80,59,68
67,81,43,67
67,82,42,58
67,83,57,62
67,84,40,56
67,85,57,34
67,86,68,41
67,87,46,53
67,88,61,45
67,89,52,50
67,90,47,46
67,91,39,51
67,92,47,33
67,93,58,38
67,94,50,58
67,95,51,53
67,96,58,66
67,97,53,41
67,98,64,53
67,99,61,44
67,100,46,48
67,101,46,49
67,102,53,44
67,103,43,42
67,104,36,59
67,105,49,39
67,106,54,55
67,107,61,52
67,108,37,63
67,109,54,57
67,110,39,48
67,111,40,45
67,112,54,64
67,113,49,33
67,114,41,35
67,115,49,45
67,116,46,38
67,117,64,46
67,118,44,55
67,119,54,38
67,120,60,58
67,121,59,38
67,122,50,44
67,123,50,52
67,124,47,60
67,125,40,57
67,126,56,63
67,127,46,41
67,128,66,34
67,129,56,37
67,130,47,50
67,131,51,47
67,132,60,37
67,133,63,53
67,134,40,41
67,135,43,45
67,136,48,64
67,137,63,61
67,138,49,58
67,139,42,71
67,140,36,62
67,141,50,26
67,142,57,40
67,143,41,69
67,144,52,41
67,145,58,42
67,146,56,52
67,147,64,49
67,148,56,60
67,149,54,46
67,150,55,64
67,151,54,58
67,152,49,52
67,153,45,53
67,154,60,59
67,155,63,42
67,156,54,43
67,157,54,45
67,158,50,45
67,159,63,49
67,160,69,52
67,161,57,57
67,162,54,50
67,163,55,50
67,164,64,54
67,165,52,46
67,166,48,48
67,167,59,47
67,168,42,50
67,169,58,47
67,170,49,49
67,171,62,51
67,172,56,41
67,173,59,55
67,174,62,49
67,175,62,47
67,176,58,52
67,177,51,42
67,178,64,55
67,179,51,61
67,180,47,59
67,181,63,65
67,182,58,53
67,183,53,48
67,184,64,52
67,185,45,46
67,186,72,61
67,187,45,44
67,188,55,62
67,189,61,49
67,190,68,52
67,191,40,53
67,192,52,39
67,193,54,59
67,194,58,61
67,195,64,59
67,196,62,61
68,1,50,34
68,2,52,52
68,3,41,61
68,4,40,39
68,5,33,53
68,6,45,39
68,7,47,52
68,8,40,55
68,9,32,54
68,10,26,58
68,11,35,57
68,12,31,58
68,13,54,44
68,14,50,68
68,15,41,42
68,16,40,40
68,17,43,38
68,18,49,53
68,19,31,50
68,20,42,42
68,21,39,47
68,22,35,61
68,23,33,41
68,24,35,53
68,25,51,50
68,26,34,38
68,27,46,62
68,28,45,47
68,29,40,51
68,30,29,47
68,31,31,56
68,32,46,51
68,33,48,51
68,34,43,56
68,35,47,53
68,36,55,48
68,37,50,57
68,38,51,64
68,39,37,50
68,40,32,60
68,41,41,58
68,42,36,64
68,43,63,28
68,44,47,45
68,45,55,44
68,46,49,42
68,47,35,55
68,48,53,39
68,49,53,61
68,50,53,50
68,51,36,45
68,52,47,56
68,53,32,47
68,54,46,63
68,55,48,66
68,56,47,63
68,57,37,35
68,58,46,42
68,59,41,41
68,60,46,40
68,61,51,56
68,62,55,43
68,63,52,53
68,64,33,48
68,65,42,47
68,66,46,56
68,67,34,55
68,68,56,55
68,69,57,69
68,70,35,64
68,71,62,35
68,72,51,41
68,73,44,43
68,74,59,46
68,75,58,48
68,76,39,32
68,77,59,50
68,78,46,47
68,79,43,51
68,80,58,69
68,81,42,68
68,82,43,57
68,83,58,62
68,84,39,55
68,85,56,35
68,86,67,40
68,87,47,54
68,88,60,45
68,89,52,51
68,90,48,45
68,91,40,50
68,92,48,32
68,93,59,37
68,94,49,59
68,95,50,53
68,96,58,65
68,97,52,40
68,98,63,54
68,99,61,45
68,100,47,47
68,101,46,50
68,102,52,44
68,103,43,43
68,104,37,60
68,105,50,39
68,106,53,55
68,107,62,52
68,108,37,64
68,109,55,58
68,110,38,47
68,111,40,44
68,112,53,63
68,113,50,32
68,114,41,34
68,115,48,44
68,116,45,37
68,117,63,46
68,118,44,54
68,119,55,37
68,120,60,57
68,121,58,38
68,122,51,45
68,123,49,51
68,124,46,60
68,125,40,58
68,126,57,64
68,127,47,40
68,128,66,33
68,129,56,38
68,130,48,49
68,131,50,47
68,132,59,36
68,133,62,54
68,134,39,42
68,135,44,44
68,136,48,63
68,137,64,61
68,138,48,58
68,139,42,70
68,140,37,61
68,141,51,27
68,142,58,39
68,143,40,69
68,144,53,40
68,145,57,43
68,146,56,53
68,147,64,48
68,148,56,61
68,149,53,47
68,150,56,64
68,151,53,57
68,152,48,52
68,153,44,53
68,154,61,60
68,155,64,41
68,156,53,43
68,157,53,46
68,158,49,45
68,159,64,49
68,160,70,52
68,161,57,56
68,162,54,49
68,163,56,51
68,164,65,53
68,165,51,47
68,166,48,47
68,167,60,48
68,168,42,49
68,169,59,47
68,170,48,48
68,171,61,50
68,172,57,40
68,173,58,56
68,174,63,49
68,175,63,47
68,176,58,51
68,177,52,43
68,178,65,54
68,179,50,62
68,180,46,58
68,181,64,65
68,182,58,52
68,183,52,49
68,184,63,53
68,185,45,45
68,186,71,62
68,187,46,44
68,188,56,62
68,189,62,48
68,190,68,51
68,191,41,54
68,192,51,38
68,193,54,60
68,194,57,60
68,195,65,60
68,196,61,62
69,1,50,33
69,2,53,51
69,3,42,60
69,4,41,40
69,5,33,52
69,6,46,39
69,7,48,53
69,8,41,55
69,9,32,55
69,10,25,57
69,11,35,58
69,12,32,58
69,13,53,44
69,14,49,68
69,15,40,43
69,16,39,41
69,17,42,38
69,18,49,52
69,19,32,50
69,20,41,43
69,21,40,48
69,22,36,62
69,23,32,41
69,24,36,54
69,25,52,50
69,26,35,37
69,27,47,61
69,28,45,48
69,29,40,52
69,30,30,47
69,31,31,55
69,32,45,50
69,33,47,52
69,34,44,55
69,35,46,54
69,36,56,49
69,37,49,57
69,38,51,65
69,39,36,50
69,40,31,60
69,41,41,57
69,42,37,65
69,43,64,28
69,44,48,46
69,45,54,44
69,46,49,41
69,47,36,55
69,48,54,38
69,49,53,62
69,50,54,51
69,51,35,46
69,52,46,55
69,53,32,48
69,54,45,64
69,55,49,65
69,56,46,63
69,57,38,34
69,58,46,41
69,59,40,41
69,60,45,41
69,61,51,57
69,62,56,43
69,63,52,54
69,64,32,47
69,65,41,47
69,66,46,57
69,67,33,56
69,68,55,54
69,69,56,69
69,70,36,63
69,71,63,36
69,72,51,40
69,73,45,44
69,74,59,45
69,75,57,49
69,76,39,31
69,77,59,49
69,78,46,46
69,79,43,52
69,80,57,68
69,81,43,67
69,82,42,56
69,83,57,61
69,84,39,56
69,85,55,34
69,86,66,40
69,87,48,55
69,88,60,46
69,89,51,51
69,90,49,44
69,91,39,51
69,92,49,32
69,93,60,36
69,94,50,58
69,95,49,54
69,96,59,64
69,97,53,41
69,98,62,55
69,99,62,45
69,100,46,48
69,101,46,49
69,102,53,45
69,103,42,42
69,104,38,61
69,105,50,38
69,106,54,54
69,107,62,51
69,108,38,65
69,109,56,57
69,110,37,47
69,111,41,45
69,112,54,64
69,113,50,31
69,114,41,33
69,115,47,43
69,116,46,38
69,117,62,47
69,118,45,55
69,119,56,36
69,120,60,56
69,121,57,37
69,122,51,46
69,123,50,51
69,124,47,60
69,125,41,58
69,126,56,65
69,127,47,41
69,128,65,34
69,129,55,37
69,130,49,48
69,131,49,47
69,132,58,35
69,133,63,54
69,134,38,42
69,135,43,43
69,136,47,63
69,137,63,60
69,138,49,59
69,139,41,71
69,140,38,60
69,141,50,27
69,142,59,38
69,143,40,70
69,144,52,40
69,145,56,42
69,146,56,54
69,147,65,49
69,148,55,61
69,149,52,48
69,150,57,63
69,151,53,58
69,152,47,51
69,153,45,53
69,154,61,61
69,155,63,42
69,156,52,42
69,157,52,46
69,158,50,45
69,159,64,48
69,160,71,51
69,161,56,55
69,162,53,48
69,163,55,51
69,164,66,52
69,165,52,47
69,166,47,47
69,167,61,48
69,168,42,48
69,169,58,47
69,170,47,48
69,171,60,51
69,172,56,39
69,173,58,57
69,174,62,49
69,175,64,47
69,176,57,50
69,177,51,42
69,178,66,55
69,179,50,63
69,180,45,58
69,181,63,64
69,182,59,52
69,183,51,50
69,184,62,52
69,185,44,45
69,186,70,62
69,187,46,43
69,188,55,62
69,189,63,47
69,190,67,51
69,191,41,53
69,192,52,39
69,193,53,61
69,194,56,59
69,195,65,59
69,196,60,62
70,1,50,34
70,2,53,52
70,3,41,59
70,4,42,40
70,5,32,51
70,6,45,38
70,7,49,53
70,8,41,56
70,9,31,56
70,10,26,58
70,11,36,59
70,12,31,59
70,13,54,45
70,14,48,69
70,15,39,42
70,16,38,41
70,17,41,38
70,18,50,53
70,19,31,50
70,20,40,42
70,21,39,48
70,22,35,63
70,23,31,41
70,24,37,53
70,25,51,49
70,26,34,37
70,27,48,60
70,28,44,47
70,29,41,51
70,30,29,46
70,31,32,54
70,32,44,50
70,33,46,51
70,34,45,54
70,35,47,55
70,36,56,48
70,37,48,58
70,38,50,66
70,39,37,50
70,40,30,60
70,41,40,58
70,42,37,64
70,43,65,29
70,44,48,45
70,45,53,44
70,46,48,40
70,47,36,54
70,48,53,38
70,49,52,61
70,50,53,50
70,51,35,45
70,52,47,54
70,53,33,49
70,54,46,65
70,55,48,64
70,56,46,64
70,57,38,35
70,58,45,40
70,59,39,40
70,60,46,40
70,61,51,56
70,62,55,42
70,63,52,55
70,64,31,46
70,65,40,46
70,66,45,56
70,67,34,57
70,68,54,53
70,69,56,70
70,70,36,62
70,71,64,37
70,72,51,39
70,73,45,45
70,74,60,44
70,75,58,48
70,76,38,31
70,77,59,48
70,78,46,45
70,79,44,51
70,80,56,68
70,81,42,68
70,82,43,56
70,83,57,60
70,84,40,56
70,85,55,33
70,86,66,41
70,87,49,55
70,88,61,46
70,89,50,50
70,90,48,43
70,91,40,52
70,92,48,33
70,93,61,36
70,94,51,59
70,95,48,55
70,96,59,65
70,97,52,41
70,98,62,54
70,99,62,44
70,100,46,47
70,101,46,50
70,102,53,46
70,103,43,42
70,104,37,60
70,105,50,37
70,106,53,55
70,107,63,51
70,108,39,65
70,109,56,58
70,110,38,48
70,111,42,44
70,112,53,63
70,113,51,32
70,114,40,34
70,115,48,44
70,116,45,39
70,117,62,46
70,118,44,56
70,119,57,36
70,120,59,55
70,121,56,37
70,122,50,46
70,123,49,52
70,124,47,59
70,125,41,57
70,126,57,64
70,127,46,41
70,128,66,34
70,129,54,36
70,130,48,48
70,131,48,46
70,132,57,34
70,133,63,53
70,134,37,42
70,135,42,42
70,136,46,63
70,137,63,61
70,138,48,59
70,139,42,72
70,140,37,61
70,141,51,28
70,142,58,38
70,143,41,70
70,144,53,41
70,145,56,41
70,146,55,54
70,147,66,48
70,148,54,61
70,149,51,48
70,150,56,63
70,151,53,59
70,152,48,50
70,153,45,52
70,154,60,61
70,155,64,41
70,156,51,41
70,157,51,46
70,158,51,45
70,159,65,49
70,160,70,51
70,161,56,54
70,162,53,47
70,163,56,51
70,164,65,52
70,165,52,48
70,166,46,48
70,167,60,47
70,168,41,48
70,169,57,46
70,170,47,49
70,171,61,52
70,172,57,40
70,173,59,56
70,174,61,49
70,175,65,47
70,176,57,51
70,177,52,43
70,178,67,55
70,179,51,62
70,180,46,57
70,181,63,65
70,182,60,51
70,183,52,51
70,184,62,53
70,185,45,44
70,186,69,62
70,187,46,44
70,188,56,62
70,189,62,48
70,190,67,50
70,191,42,54
70,192,52,38
70,193,52,60
70,194,57,58
70,195,64,59
70,196,60,63
71,1,51,34
71,2,52,53
71,3,42,60
71,4,42,39
71,5,31,51
71,6,46,37
71,7,50,52
71,8,42,55
71,9,30,57
71,10,26,59
71,11,36,60
71,12,32,60
71,13,55,45
71,14,47,68
71,15,40,41
71,16,38,42
71,17,42,37
71,18,49,53
71,19,32,50
71,20,41,41
71,21,39,49
71,22,36,64
71,23,32,40
71,24,36,53
71,25,51,50
71,26,35,38
71,27,48,61
71,28,43,46
71,29,42,50
71,30,30,46
71,31,31,55
71,32,45,49
71,33,46,52
71,34,44,53
71,35,48,54
71,36,56,49
71,37,49,59
71,38,49,65
71,39,36,51
71,40,29,61
71,41,39,57
71,42,38,63
71,43,66,30
71,44,49,46
71,45,53,45
71,46,48,39
71,47,37,54
71,48,53,37
71,49,53,62
71,50,54,50
71,51,34,45
71,52,46,54
71,53,34,49
71,54,45,65
71,55,47,63
71,56,47,65
71,57,39,36
71,58,46,39
71,59,38,40
71,60,47,40
71,61,50,56
71,62,56,42
71,63,52,56
71,64,30,45
71,65,40,45
71,66,45,55
71,67,34,58
71,68,54,52
71,69,57,69
71,70,37,63
71,71,63,36
71,72,52,40
71,73,44,46
71,74,59,43
71,75,57,49
71,76,38,30
71,77,58,49
71,78,47,45
71,79,43,50
71,80,55,67
71,81,43,68
71,82,43,57
71,83,58,60
71,84,41,56
71,85,56,33
71,86,67,42
71,87,48,56
71,88,60,46
71,89,51,51
71,90,49,42
71,91,39,51
71,92,47,34
71,93,62,35
71,94,50,60
71,95,47,54
71,96,60,65
71,97,53,40
71,98,61,53
71,99,63,44
71,100,46,46
71,101,46,51
71,102,52,46
71,103,43,43
71,104,37,59
71,105,50,38
71,106,52,55
71,107,64,50
71,108,40,65
71,109,56,59
71,110,39,47
71,111,41,45
71,112,54,63
71,113,52,32
71,114,40,35
71,115,47,43
71,116,44,38
71,117,61,47
71,118,43,56
71,119,58,37
71,120,58,55
71,121,57,38
71,122,51,47
71,123,48,51
71,124,47,58
71,125,42,56
71,126,58,63
71,127,46,42
71,128,65,33
71,129,55,37
71,130,49,49
71,131,49,45
71,132,57,33
71,133,63,52
71,134,38,43
71,135,43,42
71,136,45,63
71,137,62,61
71,138,48,58
71,139,41,73
71,140,38,61
71,141,52,29
71,142,58,39
71,143,41,71
71,144,52,41
71,145,57,41
71,146,54,53
71,147,67,47
71,148,55,61
71,149,50,49
71,150,57,63
71,151,54,59
71,152,48,49
71,153,44,52
71,154,61,62
71,155,64,42
71,156,50,42
71,157,50,45
71,158,52,45
71,159,65,50
71,160,70,52
71,161,57,54
71,162,52,47
71,163,57,52
71,164,66,53
71,165,52,49
71,166,47,48
71,167,60,48
71,168,40,47
71,169,58,47
71,170,46,49
71,171,62,52
71,172,56,41
71,173,59,55
71,174,62,50
71,175,65,48
71,176,56,50
71,177,51,43
71,178,67,54
71,179,51,61
71,180,45,58
71,181,62,64
71,182,60,52
71,183,52,50
71,184,61,54
71,185,45,43
71,186,69,61
71,187,46,45
71,188,56,63
71,189,62,49
71,190,68,49
71,191,43,54
71,192,52,39
71,193,52,61
71,194,56,57
71,195,63,60
71,196,60,62
72,1,51,33
72,2,53,53
72,3,41,61
72,4,43,40
72,5,31,52
72,6,45,38
72,7,50,53
72,8,41,55
72,9,30,56
72,10,27,59
72,11,37,61
72,12,33,60
72,13,56,44
72,14,48,69
72,15,39,40
72,16,39,41
72,17,41,37
72,18,48,53
72,19,31,51
72,20,42,40
72,21,40,50
72,22,35,65
72,23,31,40
72,24,36,52
72,25,50,50
72,26,34,37
72,27,49,62
72,28,44,45
72,29,43,51
72,30,29,46
72,31,32,56
72,32,46,50
72,33,46,53
72,34,44,54
72,35,49,54
72,36,55,49
72,37,50,59
72,38,50,65
72,39,35,50
72,40,28,62
72,41,38,57
72,42,38,64
72,43,67,30
72,44,50,46
72,45,53,44
72,46,49,38
72,47,36,54
72,48,54,38
72,49,54,61
72,50,55,50
72,51,34,44
72,52,45,54
72,53,35,49
72,54,45,64
72,55,47,62
72,56,47,64
72,57,39,37
72,58,47,39
72,59,38,39
72,60,48,40
72,61,51,57
72,62,56,43
72,63,52,57
72,64,29,44
72,65,40,44
72,66,45,56
72,67,33,59
72,68,55,51
72,69,56,69
72,70,38,63
72,71,63,37
72,72,51,39
72,73,44,47
72,74,60,43
72,75,56,48
72,76,39,30
72,77,57,49
72,78,47,44
72,79,44,51
72,80,56,67
72,81,43,69
72,82,42,58
72,83,57,59
72,84,42,57
72,85,55,32
72,86,68,41
72,87,47,55
72,88,60,47
72,89,50,51
72,90,48,42
72,91,38,50
72,92,48,33
72,93,62,36
72,94,49,61
72,95,46,54
72,96,61,64
72,97,54,40
72,98,61,52
72,99,64,43
72,100,45,46
72,101,47,50
72,102,53,45
72,103,43,44
72,104,36,60
72,105,49,37
72,106,53,56
72,107,63,51
72,108,39,64
72,109,55,59
72,110,38,47
72,111,40,45
72,112,55,63
72,113,53,33
72,114,39,34
72,115,47,42
72,116,43,37
72,117,61,46
72,118,44,55
72,119,59,36
72,120,58,54
72,121,58,38
72,122,50,47
72,123,47,51
72,124,48,57
72,125,43,57
72,126,58,62
72,127,47,43
72,128,64,34
72,129,54,36
72,130,48,48
72,131,48,46
72,132,57,34
72,133,64,53
72,134,38,44
72,135,44,41
72,136,46,63
72,137,62,60
72,138,48,59
72,139,41,74
72,140,37,62
72,141,51,30
72,142,58,40
72,143,40,72
72,144,53,42
72,145,56,40
72,146,55,52
72,147,66,48
72,148,56,62
72,149,51,48
72,150,58,63
72,151,53,59
72,152,49,50
72,153,45,53
72,154,60,63
72,155,63,42
72,156,50,41
72,157,51,45
72,158,51,44
72,159,65,49
72,160,70,53
72,161,57,55
72,162,51,46
72,163,57,53
72,164,67,53
72,165,52,48
72,166,46,48
72,167,61,49
72,168,39,48
72,169,57,46
72,170,45,48
72,171,63,52
72,172,55,40
72,173,60,55
72,174,61,50
72,175,66,49
72,176,56,49
72,177,50,43
72,178,66,54
72,179,50,60
72,180,46,57
72,181,63,63
72,182,60,51
72,183,51,50
72,184,62,54
72,185,44,42
72,186,69,62
72,187,45,45
72,188,56,64
72,189,63,49
72,190,67,50
72,191,43,53
72,192,52,40
72,193,53,61
72,194,56,56
72,195,62,59
72,196,59,61
73,1,52,32
73,2,53,54
73,3,40,61
73,4,42,41
73,5,30,51
73,6,46,38
73,7,51,52
73,8,40,55
73,9,29,56
73,10,27,60
73,11,38,60
73,12,34,60
73,13,55,44
73,14,49,68
73,15,38,40
73,16,38,41
73,17,41,36
73,18,48,52
73,19,31,52
73,20,41,40
73,21,41,49
73,22,34,66
73,23,30,41
73,24,36,51
73,25,49,51
73,26,35,37
73,27,48,61
73,28,45,44
73,29,42,52
73,30,28,46
73,31,33,55
73,32,46,51
73,33,47,54
73,34,43,54
73,35,48,54
73,36,54,49
73,37,49,60
73,38,51,66
73,39,36,49
73,40,27,61
73,41,39,56
73,42,39,65
73,43,68,31
73,44,49,47
73,45,54,43
73,46,50,37
73,47,37,54
73,48,55,37
73,49,55,62
73,50,56,51
73,51,35,45
73,52,46,55
73,53,34,48
73,54,44,64
73,55,48,63
73,56,48,64
73,57,38,38
73,58,48,39
73,59,39,38
73,60,49,39
73,61,51,58
73,62,56,44
73,63,52,56
73,64,29,43
73,65,41,43
73,66,45,57
73,67,32,60
73,68,54,52
73,69,57,68
73,70,39,63
73,71,64,37
73,72,51,40
73,73,43,48
73,74,59,43
73,75,55,47
73,76,39,31
73,77,56,48
73,78,46,45
73,79,44,50
73,80,57,66
73,81,44,68
73,82,41,58
73,83,56,58
73,84,42,58
73,85,54,33
73,86,67,42
73,87,48,56
73,88,59,46
73,89,51,51
73,90,49,43
73,91,39,50
73,92,49,34
73,93,63,35
73,94,49,62
73,95,45,54
73,96,61,65
73,97,53,41
73,98,62,53
73,99,63,44
73,100,44,46
73,101,48,50
73,102,53,46
73,103,43,43
73,104,35,59
73,105,49,38
73,106,53,57
73,107,64,52
73,108,40,63
73,109,54,60
73,110,38,46
73,111,41,46
73,112,54,62
73,113,52,34
73,114,39,35
73,115,46,42
73,116,43,38
73,117,60,45
73,118,43,55
73,119,58,37
73,120,59,53
73,121,57,38
73,122,49,46
73,123,46,50
73,124,48,58
73,125,44,58
73,126,59,62
73,127,46,44
73,128,64,35
73,129,55,36
73,130,48,49
73,131,47,46
73,132,56,34
73,133,65,54
73,134,39,45
73,135,45,40
73,136,47,64
73,137,63,60
73,138,47,60
73,139,40,75
73,140,36,62
73,141,51,29
73,142,57,39
73,143,40,71
73,144,52,41
73,145,55,39
73,146,56,52
73,147,66,47
73,148,55,63
73,149,51,49
73,150,57,63
73,151,53,60
73,152,49,49
73,153,46,53
73,154,60,62
73,155,64,42
73,156,51,41
73,157,52,44
73,158,50,44
73,159,66,48
73,160,70,52
73,161,58,55
73,162,50,45
73,163,58,52
73,164,68,52
73,165,53,47
73,166,45,49
73,167,61,48
73,168,40,47
73,169,58,47
73,170,44,49
73,171,62,51
73,172,56,41
73,173,61,56
73,174,60,49
73,175,65,48
73,176,56,50
73,177,51,42
73,178,65,55
73,179,50,61
73,180,47,58
73,181,64,62
73,182,61,51
73,183,50,50
73,184,63,54
73,185,45,43
73,186,68,63
73,187,45,46
73,188,56,65
73,189,62,50
73,190,66,51
73,191,42,53
73,192,52,39
73,193,54,61
73,194,57,56
73,195,61,60
73,196,60,60
74,1,53,31
74,2,54,55
74,3,41,61
74,4,43,42
74,5,30,50
74,6,45,38
74,7,50,52
74,8,40,54
74,9,29,55
74,10,28,60
74,11,38,59
74,12,35,61
74,13,55,45
74,14,50,69
74,15,39,40
74,16,37,40
74,17,42,37
74,18,48,51
74,19,31,53
74,20,41,39
74,21,42,50
74,22,35,65
74,23,30,42
74,24,36,50
74,25,49,50
74,26,34,36
74,27,48,62
74,28,44,44
74,29,43,53
74,30,28,45
74,31,34,56
74,32,46,52
74,33,48,53
74,34,44,55
74,35,48,55
74,36,53,49
74,37,50,60
74,38,52,66
74,39,37,49
74,40,28,62
74,41,38,56
74,42,40,66
74,43,69,31
74,44,49,48
74,45,54,44
74,46,50,38
74,47,37,55
74,48,54,36
74,49,56,61
74,50,55,52
74,51,35,46
74,52,46,56
74,53,35,47
74,54,43,63
74,55,47,62
74,56,49,65
74,57,37,38
74,58,48,38
74,59,40,38
74,60,48,40
74,61,51,57
74,62,56,45
74,63,52,57
74,64,29,44
74,65,42,43
74,66,45,56
74,67,31,61
74,68,54,53
74,69,56,68
74,70,40,64
74,71,64,38
74,72,50,40
74,73,42,48
74,74,60,44
74,75,56,47
74,76,38,30
74,77,55,49
74,78,45,45
74,79,45,51
74,80,56,66
74,81,43,69
74,82,40,59
74,83,57,58
74,84,41,58
74,85,53,32
74,86,67,41
74,87,48,57
74,88,59,45
74,89,52,50
74,90,48,43
74,91,38,51
74,92,48,34
74,93,62,36
74,94,48,61
74,95,45,55
74,96,60,66
74,97,53,40
74,98,63,53
74,99,62,43
74,100,43,46
74,101,47,49
74,102,54,45
74,103,43,44
74,104,35,58
74,105,48,37
74,106,54,58
74,107,63,51
74,108,39,64
74,109,54,59
74,110,38,45
74,111,40,45
74,112,55,61
74,113,51,33
74,114,40,34
74,115,45,42
74,116,42,39
74,117,59,44
74,118,42,54
74,119,59,37
74,120,58,54
74,121,58,38
74,122,49,45
74,123,45,50
74,124,49,58
74,125,43,59
74,126,60,63
74,127,45,44
74,128,65,35
74,129,54,35
74,130,48,48
74,131,48,47
74,132,57,34
74,133,65,53
74,134,38,46
74,135,44,39
74,136,48,63
74,137,62,59
74,138,46,60
74,139,41,76
74,140,35,62
74,141,52,28
74,142,56,38
74,143,41,71
74,144,52,42
74,145,54,38
74,146,55,53
74,147,67,48
74,148,54,64
74,149,51,50
74,150,58,62
74,151,52,61
74,152,50,49
74,153,47,52
74,154,59,62
74,155,65,42
74,156,52,41
74,157,53,43
74,158,51,45
74,159,66,47
74,160,69,51
74,161,59,55
74,162,49,44
74,163,59,51
74,164,67,52
74,165,52,47
74,166,45,48
74,167,60,47
74,168,40,48
74,169,58,48
74,170,44,48
74,171,61,50
74,172,57,41
74,173,62,56
74,174,61,49
74,175,66,48
74,176,57,50
74,177,50,43
74,178,64,56
74,179,49,60
74,180,48,58
74,181,63,63
74,182,62,52
74,183,49,51
74,184,62,55
74,185,44,42
74,186,68,64
74,187,44,47
74,188,55,66
74,189,63,49
74,190,66,50
74,191,41,54
74,192,53,38
74,193,55,62
74,194,58,57
74,195,60,59
74,196,59,59
75,1,52,30
75,2,53,54
75,3,40,62
75,4,42,41
75,5,29,51
75,6,44,37
75,7,49,52
75,8,39,53
75,9,29,56
75,10,27,61
75,11,37,59
75,12,35,60
75,13,56,44
75,14,50,68
75,15,38,41
75,16,37,39
75,17,43,36
75,18,47,50
75,19,30,52
75,20,40,40
75,21,42,51
75,22,36,64
75,23,29,41
75,24,35,50
75,25,48,51
75,26,34,35
75,27,47,63
75,28,44,43
75,29,42,53
75,30,28,44
75,31,34,57
75,32,47,53
75,33,49,54
75,34,43,54
75,35,47,54
75,36,54,48
75,37,50,61
75,38,52,65
75,39,36,48
75,40,29,62
75,41,37,57
75,42,39,66
75,43,68,31
75,44,49,47
75,45,53,45
75,46,50,37
75,47,36,56
75,48,53,35
75,49,57,62
75,50,56,52
75,51,36,47
75,52,46,57
75,53,35,48
75,54,42,64
75,55,46,63
75,56,48,66
75,57,36,38
75,58,47,37
75,59,40,37
75,60,48,41
75,61,51,58
75,62,55,46
75,63,52,56
75,64,28,43
75,65,42,42
75,66,44,56
75,67,32,60
75,68,53,52
75,69,55,67
75,70,39,63
75,71,65,37
75,72,49,41
75,73,43,49
75,74,61,44
75,75,57,47
75,76,38,31
75,77,54,50
75,78,46,46
75,79,44,52
75,80,56,67
75,81,42,68
75,82,41,59
75,83,56,58
75,84,41,57
75,85,54,31
75,86,68,42
75,87,47,57
75,88,58,44
75,89,51,51
75,90,48,44
75,91,37,52
75,92,47,34
75,93,63,35
75,94,47,60
75,95,44,55
75,96,59,67
75,97,53,41
75,98,64,54
75,99,63,42
75,100,43,47
75,101,48,49
75,102,54,46
75,103,42,45
75,104,34,58
75,105,49,36
75,106,54,57
75,107,63,52
75,108,40,63
75,109,53,59
75,110,39,45
75,111,41,45
75,112,54,61
75,113,51,34
75,114,39,34
75,115,46,42
75,116,42,38
75,117,58,45
75,118,42,55
75,119,59,36
75,120,57,53
75,121,59,39
75,122,49,46
75,123,45,51
75,124,50,59
75,125,42,59
75,126,60,62
75,127,46,44
75,128,64,35
75,129,53,36
75,130,47,49
75,131,48,46
75,132,57,35
75,133,66,53
75,134,38,45
75,135,43,39
75,136,49,64
75,137,63,60
75,138,45,60
75,139,42,77
75,140,34,62
75,141,53,27
75,142,56,37
75,143,42,70
75,144,52,43
75,145,55,39
75,146,54,52
75,147,68,48
75,148,54,63
75,149,52,51
75,150,59,61
75,151,51,62
75,152,51,49
75,153,46,52
75,154,59,63
75,155,64,41
75,156,52,40
75,157,53,44
75,158,51,46
75,159,67,46
75,160,68,50
75,161,58,54
75,162,48,43
75,163,60,51
75,164,66,51
75,165,51,48
75,166,45,49
75,167,60,46
75,168,40,47
75,169,58,47
75,170,45,48
75,171,62,49
75,172,58,41
75,173,63,57
75,174,60,48
75,175,66,47
75,176,58,51
75,177,50,42
75,178,65,57
75,179,49,61
75,180,48,57
75,181,63,64
75,182,61,53
75,183,50,50
75,184,62,54
75,185,43,41
75,186,67,65
75,187,44,48
75,188,56,65
75,189,62,48
75,190,66,49
75,191,42,54
75,192,53,37
75,193,56,61
75,194,59,56
75,195,61,59
75,196,59,58
76,1,53,29
76,2,54,54
76,3,39,62
76,4,41,41
76,5,30,51
76,6,44,36
76,7,48,52
76,8,40,52
76,9,28,56
76,10,26,61
76,11,36,58
76,12,36,60
76,13,57,43
76,14,51,68
76,15,39,42
76,16,36,40
76,17,44,35
76,18,46,49
76,19,29,52
76,20,41,40
76,21,42,52
76,22,36,65
76,23,29,42
76,24,36,49
76,25,47,52
76,26,33,34
76,27,47,64
76,28,45,44
76,29,41,54
76,30,27,44
76,31,34,56
76,32,48,53
76,33,50,54
76,34,44,53
76,35,46,55
76,36,55,48
76,37,49,62
76,38,52,66
76,39,37,47
76,40,28,61
76,41,36,57
76,42,40,67
76,43,67,30
76,44,50,46
76,45,52,46
76,46,51,37
76,47,36,55
76,48,54,36
76,49,57,61
76,50,56,53
76,51,37,46
76,52,46,56
76,53,34,49
76,54,41,64
76,55,47,63
76,56,49,67
76,57,37,38
76,58,46,38
76,59,41,36
76,60,49,42
76,61,51,57
76,62,56,47
76,63,53,57
76,64,28,44
76,65,41,43
76,66,43,55
76,67,31,60
76,68,53,53
76,69,55,66
76,70,39,64
76,71,64,38
76,72,48,40
76,73,43,48
76,74,60,44
76,75,56,48
76,76,39,31
76,77,53,50
76,78,46,45
76,79,45,53
76,80,56,66
76,81,41,67
76,82,41,58
76,83,55,57
76,84,42,58
76,85,55,31
76,86,69,43
76,87,46,57
76,88,59,45
76,89,51,50
76,90,48,45
76,91,38,53
76,92,47,35
76,93,63,36
76,94,48,60
76,95,44,56
76,96,58,66
76,97,54,41
76,98,63,54
76,99,63,43
76,100,44,46
76,101,48,48
76,102,55,47
76,103,43,44
76,104,35,59
76,105,48,37
76,106,53,56
76,107,62,52
76,108,39,63
76,109,52,59
76,110,39,46
76,111,40,45
76,112,55,60
76,113,51,33
76,114,40,35
76,115,47,43
76,116,43,37
76,117,58,44
76,118,41,56
76,119,60,36
76,120,58,52
76,121,58,40
76,122,50,45
76,123,44,51
76,124,50,58
76,125,42,60
76,126,59,62
76,127,47,44
76,128,63,34
76,129,52,35
76,130,48,49
76,131,47,47
76,132,56,35
76,133,65,53
76,134,39,44
76,135,44,39
76,136,50,65
76,137,62,60
76,138,44,59
76,139,41,76
76,140,34,61
76,141,54,27
76,142,55,37
76,143,41,71
76,144,52,44
76,145,55,40
76,146,54,51
76,147,69,47
76,148,54,64
76,149,53,51
76,150,60,60
76,151,50,62
76,152,52,48
76,153,45,51
76,154,59,64
76,155,63,42
76,156,53,40
76,157,53,43
76,158,51,47
76,159,66,45
76,160,69,49
76,161,57,54
76,162,47,42
76,163,59,50
76,164,66,50
76,165,52,49
76,166,44,50
76,167,60,45
76,168,41,47
76,169,59,48
76,170,46,48
76,171,61,50
76,172,59,42
76,173,62,58
76,174,60,47
76,175,65,48
76,176,58,50
76,177,50,43
76,178,66,57
76,179,48,61
76,180,49,56
76,181,64,65
76,182,61,54
76,183,51,51
76,184,62,55
76,185,42,41
76,186,68,64
76,187,45,47
76,188,56,64
76,189,62,47
76,190,66,48
76,191,41,55
76,192,52,38
76,193,56,60
76,194,58,57
76,195,62,59
76,196,60,59
77,1,53,28
77,2,53,55
77,3,38,62
77,4,40,41
77,5,31,52
77,6,43,35
77,7,49,51
77,8,39,52
77,9,29,55
77,10,25,62
77,11,37,59
77,12,36,59
77,13,58,43
77,14,52,68
77,15,40,43
77,16,35,39
77,17,45,35
77,18,47,49
77,19,29,53
77,20,40,40
77,21,41,53
77,22,37,64
77,23,30,43
77,24,36,50
77,25,46,53
77,26,33,35
77,27,48,63
77,28,46,44
77,29,40,53
77,30,26,43
77,31,35,57
77,32,47,52
77,33,51,54
77,34,44,54
77,35,47,54
77,36,54,48
77,37,49,61
77,38,51,65
77,39,37,48
77,40,28,62
77,41,37,56
77,42,41,68
77,43,67,29
77,44,49,45
77,45,51,46
77,46,50,36
77,47,37,54
77,48,55,35
77,49,57,60
77,50,55,52
77,51,36,46
77,52,47,57
77,53,33,48
77,54,40,63
77,55,46,63
77,56,48,67
77,57,36,37
77,58,45,38
77,59,40,37
77,60,48,41
77,61,50,56
77,62,57,47
77,63,52,56
77,64,28,43
77,65,40,42
77,66,42,54
77,67,32,59
77,68,54,54
77,69,55,67
77,70,40,65
77,71,65,37
77,72,49,40
77,73,44,49
77,74,59,43
77,75,56,49
77,76,40,31
77,77,52,51
77,78,47,45
77,79,45,52
77,80,56,65
77,81,40,67
77,82,41,57
77,83,54,58
77,84,41,58
77,85,54,32
77,86,70,42
77,87,47,56
77,88,58,45
77,89,50,50
77,90,48,44
77,91,37,53
77,92,47,36
77,93,62,35
77,94,47,60
77,95,43,57
77,96,57,66
77,97,54,40
77,98,62,54
77,99,62,42
77,100,45,46
77,101,49,47
77,102,54,46
77,103,43,45
77,104,34,58
77,105,47,38
77,106,54,56
77,107,63,53
77,108,38,64
77,109,52,58
77,110,38,47
77,111,41,45
77,112,56,61
77,113,50,34
77,114,39,35
77,115,48,42
77,116,44,38
77,117,57,44
77,118,42,56
77,119,61,36
77,120,59,52
77,121,59,41
77,122,49,44
77,123,43,51
77,124,49,57
77,125,43,59
77,126,59,63
77,127,46,43
77,128,64,34
77,129,51,35
77,130,47,48
77,131,48,47
77,132,55,36
77,133,65,52
77,134,39,43
77,135,43,39
77,136,50,64
77,137,63,60
77,138,44,58
77,139,42,75
77,140,34,60
77,141,55,28
77,142,54,36
77,143,42,70
77,144,51,44
77,145,54,41
77,146,55,51
77,147,69,46
77,148,53,65
77,149,54,50
77,150,61,60
77,151,50,63
77,152,53,49
77,153,44,52
77,154,58,64
77,155,62,43
77,156,54,39
77,157,54,42
77,158,50,46
77,159,65,45
77,160,68,50
77,161,57,53
77,162,47,43
77,163,59,49
77,164,66,49
77,165,51,50
77,166,44,51
77,167,61,44
77,168,40,48
77,169,58,48
77,170,45,48
77,171,61,51
77,172,60,43
77,173,61,57
77,174,59,46
77,175,64,47
77,176,57,49
77,177,50,44
77,178,67,57
77,179,47,62
77,180,48,56
77,181,63,65
77,182,60,53
77,183,50,52
77,184,63,56
77,185,41,40
77,186,68,65
77,187,44,48
77,188,57,64
77,189,61,46
77,190,67,49
77,191,41,56
77,192,51,38
77,193,55,60
77,194,59,56
77,195,63,59
77,196,61,59
78,1,52,29
78,2,53,54
78,3,39,61
78,4,39,42
78,5,30,53
78,6,42,36
78,7,48,52
78,8,40,52
78,9,28,56
78,10,26,62
78,11,38,59
78,12,35,59
78,13,59,44
78,14,53,68
78,15,41,43
78,16,36,40
78,17,46,36
78,18,48,48
78,19,28,52
78,20,40,41
78,21,42,53
78,22,36,65
78,23,31,44
78,24,37,51
78,25,45,53
78,26,34,35
78,27,48,64
78,28,45,43
78,29,39,52
78,30,25,42
78,31,36,56
78,32,47,51
78,33,52,54
78,34,43,55
78,35,46,55
78,36,54,47
78,37,50,62
78,38,52,64
78,39,36,49
78,40,29,61
78,41,38,56
78,42,40,69
78,43,67,30
78,44,49,46
78,45,51,47
78,46,49,35
78,47,36,55
78,48,55,34
78,49,57,61
78,50,56,51
78,51,36,45
78,52,48,58
78,53,33,47
78,54,41,64
78,55,46,62
78,56,47,68
78,57,37,36
78,58,46,38
78,59,40,36
78,60,49,41
78,61,51,56
78,62,57,48
78,63,51,57
78,64,27,42
78,65,41,41
78,66,41,55
78,67,33,58
78,68,55,54
78,69,56,68
78,70,39,65
78,71,65,36
78,72,48,41
78,73,43,50
78,74,58,42
78,75,57,50
78,76,39,30
78,77,52,52
78,78,47,46
78,79,46,51
78,80,55,65
78,81,41,66
78,82,40,58
78,83,53,58
78,84,40,57
78,85,55,33
78,86,69,42
78,87,47,55
78,88,58,44
78,89,50,51
78,90,47,44
78,91,37,52
78,92,48,37
78,93,63,36
78,94,46,60
78,95,44,57
78,96,58,66
78,97,53,39
78,98,62,53
78,99,63,43
78,100,46,46
78,101,48,46
78,102,55,45
78,103,44,45
78,104,33,57
78,105,48,38
78,106,53,55
78,107,62,54
78,108,39,64
78,109,51,58
78,110,39,46
78,111,40,44
78,112,56,60
78,113,49,33
78,114,38,34
78,115,49,43
78,116,45,39
78,117,56,44
78,118,42,55
78,119,62,35
78,120,59,53
78,121,60,40
78,122,48,45
78,123,43,52
78,124,49,58
78,125,44,60
78,126,58,62
78,127,45,42
78,128,65,34
78,129,50,34
78,130,46,48
78,131,47,48
78,132,55,35
78,133,64,52
78,134,39,44
78,135,42,40
78,136,51,64
78,137,64,59
78,138,43,58
78,139,41,75
78,140,35,61
78,141,56,28
78,142,53,37
78,143,41,69
78,144,51,45
78,145,54,40
78,146,55,52
78,147,70,45
78,148,54,64
78,149,54,51
78,150,60,59
78,151,51,62
78,152,53,48
78,153,43,51
78,154,57,63
78,155,62,44
78,156,54,38
78,157,53,42
78,158,50,47
78,159,66,46
78,160,69,51
78,161,56,52
78,162,46,44
78,163,60,48
78,164,65,49
78,165,50,49
78,166,44,50
78,167,60,45
78,168,39,49
78,169,58,47
78,170,44,49
78,171,61,52
78,172,59,42
78,173,62,56
78,174,59,47
78,175,63,46
78,176,58,50
78,177,51,43
78,178,68,57
78,179,48,61
78,180,49,56
78,181,63,66
78,182,60,52
78,183,49,51
78,184,64,57
78,185,41,39
78,186,67,64
78,187,43,47
78,188,58,63
78,189,60,47
78,190,68,48
78,191,40,55
78,192,50,38
78,193,54,59
78,194,58,57
78,195,62,59
78,196,61,60
79,1,53,30
79,2,53,53
79,3,38,60
79,4,39,43
79,5,30,54
79,6,41,37
79,7,48,51
79,8,41,52
79,9,28,57
79,10,25,63
79,11,39,60
79,12,34,60
79,13,59,45
79,14,52,68
79,15,41,44
79,16,37,39
79,17,47,37
79,18,47,49
79,19,29,53
79,20,40,40
79,21,41,53
79,22,36,66
79,23,32,43
79,24,38,52
79,25,44,53
79,26,33,36
79,27,49,63
79,28,46,42
79,29,40,52
79,30,25,43
79,31,35,56
79,32,46,52
79,33,52,55
79,34,44,54
79,35,45,55
79,36,53,47
79,37,50,61
79,38,51,65
79,39,37,49
79,40,28,60
79,41,39,56
79,42,41,68
79,43,66,31
79,44,50,45
79,45,51,48
79,46,49,34
79,47,35,54
79,48,54,35
79,49,56,61
79,50,55,51
79,51,36,44
79,52,47,57
79,53,33,46
79,54,41,63
79,55,46,63
79,56,46,67
79,57,38,35
79,58,46,39
79,59,40,37
79,60,48,42
79,61,51,55
79,62,57,49
79,63,51,56
79,64,26,43
79,65,42,41
79,66,41,54
79,67,32,58
79,68,54,53
79,69,55,67
79,70,38,66
79,71,64,36
79,72,47,40
79,73,44,51
79,74,57,43
79,75,56,50
79,76,38,29
79,77,52,53
79,78,47,47
79,79,47,51
79,80,55,66
79,81,42,66
79,82,41,59
79,83,52,59
79,84,39,58
79,85,54,32
79,86,68,42
79,87,46,56
79,88,59,43
79,89,51,51
79,90,46,43
79,91,37,53
79,92,49,37
79,93,63,35
79,94,47,61
79,95,44,56
79,96,58,67
79,97,52,40
79,98,63,54
79,99,64,43
79,100,46,47
79,101,47,46
79,102,54,46
79,103,43,46
79,104,33,58
79,105,48,39
79,106,52,54
79,107,61,53
79,108,38,63
79,109,51,57
79,110,38,45
79,111,41,43
79,112,55,59
79,113,48,34
79,114,37,33
79,115,49,44
79,116,45,40
79,117,57,44
79,118,43,55
79,119,61,34
79,120,60,54
79,121,61,40
79,122,49,46
79,123,44,52
79,124,50,59
79,125,45,61
79,126,59,62
79,127,44,43
79,128,64,33
79,129,50,35
79,130,45,49
79,131,48,47
79,132,56,34
79,133,65,53
79,134,39,45
79,135,43,39
79,136,50,64
79,137,65,60
79,138,44,59
79,139,41,74
79,140,36,61
79,141,55,27
79,142,52,38
79,143,40,69
79,144,50,46
79,145,54,41
79,146,56,51
79,147,71,46
79,148,54,63
79,149,53,50
79,150,59,58
79,151,52,61
79,152,52,49
79,153,42,52
79,154,56,64
79,155,63,43
79,156,54,39
79,157,52,43
79,158,51,46
79,159,66,47
79,160,68,52
79,161,56,53
79,162,47,43
79,163,59,48
79,164,66,50
79,165,49,48
79,166,43,49
79,167,59,46
79,168,39,50
79,169,58,48
79,170,43,50
79,171,62,52
79,172,60,42
79,173,61,55
79,174,60,48
79,175,62,46
79,176,58,49
79,177,52,44
79,178,67,58
79,179,47,60
79,180,49,57
79,181,62,67
79,182,61,52
79,183,49,50
79,184,65,58
79,185,40,38
79,186,66,64
79,187,44,48
79,188,58,64
79,189,61,48
79,190,69,47
79,191,39,54
79,192,51,38
79,193,53,60
79,194,59,56
79,195,63,58
79,196,61,61
80,1,53,29
80,2,53,54
80,3,37,60
80,4,39,44
80,5,31,54
80,6,42,37
80,7,47,52
80,8,42,51
80,9,29,56
80,10,24,63
80,11,38,61
80,12,35,59
80,13,59,44
80,14,53,67
80,15,40,44
80,16,37,38
80,17,48,38
80,18,48,49
80,19,28,53
80,20,39,40
80,21,40,53
80,22,35,66
80,23,32,42
80,24,38,53
80,25,43,52
80,26,32,37
80,27,48,63
80,28,47,42
80,29,41,51
80,30,26,44
80,31,35,57
80,32,46,53
80,33,53,55
80,34,45,53
80,35,46,55
80,36,52,47
80,37,49,62
80,38,51,64
80,39,37,50
80,40,27,59
80,41,40,57
80,42,42,69
80,43,67,31
80,44,50,44
80,45,50,47
80,46,50,34
80,47,35,55
80,48,53,35
80,49,55,62
80,50,54,52
80,51,37,43
80,52,48,56
80,53,34,45
80,54,42,64
80,55,47,63
80,56,45,67
80,57,37,36
80,58,45,39
80,59,41,36
80,60,47,41
80,61,50,54
80,62,57,50
80,63,51,55
80,64,27,42
80,65,43,40
80,66,40,54
80,67,31,59
80,68,55,52
80,69,54,66
80,70,37,67
80,71,63,37
80,72,46,41
80,73,45,50
80,74,56,42
80,75,55,51
80,76,37,28
80,77,52,52
80,78,48,48
80,79,46,51
80,80,56,65
80,81,41,67
80,82,40,58
80,83,51,59
80,84,39,59
80,85,55,32
80,86,67,43
80,87,45,56
80,88,58,42
80,89,50,52
80,90,46,42
80,91,37,52
80,92,48,37
80,93,64,36
80,94,48,60
80,95,43,57
80,96,59,66
80,97,53,41
80,98,64,53
80,99,64,42
80,100,47,48
80,101,46,45
80,102,54,47
80,103,44,45
80,104,34,57
80,105,49,38
80,106,52,55
80,107,62,53
80,108,38,64
80,109,51,56
80,110,38,44
80,111,42,44
80,112,54,60
80,113,48,33
80,114,36,32
80,115,48,44
80,116,44,41
80,117,56,43
80,118,43,54
80,119,62,33
80,120,60,53
80,121,61,41
80,122,50,45
80,123,43,51
80,124,50,60
80,125,46,61
80,126,60,62
80,127,44,44
80,128,64,34
80,129,49,36
80,130,46,50
80,131,47,46
80,132,56,35
80,133,65,52
80,134,40,46
80,135,44,40
80,136,49,64
80,137,66,59
80,138,45,59
80,139,41,73
80,140,37,62
80,141,54,28
80,142,51,39
80,143,41,68
80,144,51,47
80,145,54,40
80,146,55,50
80,147,72,47
80,148,53,64
80,149,52,51
80,150,59,57
80,151,52,60
80,152,51,48
80,153,41,52
80,154,57,63
80,155,63,42
80,156,53,40
80,157,51,42
80,158,51,45
80,159,67,47
80,160,69,52
80,161,55,54
80,162,47,44
80,163,60,47
80,164,65,51
80,165,49,47
80,166,42,49
80,167,60,45
80,168,38,51
80,169,59,48
80,170,44,49
80,171,63,51
80,172,61,42
80,173,60,54
80,174,59,47
80,175,61,46
80,176,58,50
80,177,53,43
80,178,68,59
80,179,47,61
80,180,50,56
80,181,63,66
80,182,60,52
80,183,50,50
80,184,64,59
80,185,41,37
80,186,65,63
80,187,45,47
80,188,58,63
80,189,62,48
80,190,68,47
80,191,38,54
80,192,50,39
80,193,53,59
80,194,58,55
80,195,64,58
80,196,61,60
81,1,54,29
81,2,52,54
81,3,37,59
81,4,40,43
81,5,30,55
81,6,43,37
81,7,47,53
81,8,41,50
81,9,30,56
81,10,23,64
81,11,39,62
81,12,36,60
81,13,59,43
81,14,52,68
81,15,39,44
81,16,36,38
81,17,49,39
81,18,49,49
81,19,28,52
81,20,39,39
81,21,39,52
81,22,34,67
81,23,33,43
81,24,38,52
81,25,42,51
81,26,31,38
81,27,48,62
81,28,47,43
81,29,40,51
81,30,27,45
81,31,34,58
81,32,46,54
81,33,53,54
81,34,44,52
81,35,45,55
81,36,52,46
81,37,49,61
81,38,50,65
81,39,38,50
81,40,28,58
81,41,39,56
81,42,43,68
81,43,68,31
81,44,51,43
81,45,51,46
81,46,51,33
81,47,35,54
81,48,54,35
81,49,54,62
81,50,53,51
81,51,36,42
81,52,47,57
81,53,33,45
81,54,41,63
81,55,48,63
81,56,45,66
81,57,38,36
81,58,44,39
81,59,42,37
81,60,46,40
81,61,50,55
81,62,57,49
81,63,52,56
81,64,26,43
81,65,43,39
81,66,40,53
81,67,30,60
81,68,56,53
81,69,54,67
81,70,38,67
81,71,63,36
81,72,47,41
81,73,45,51
81,74,55,43
81,75,56,51
81,76,36,28
81,77,51,52
81,78,47,47
81,79,45,50
81,80,55,66
81,81,42,68
81,82,41,57
81,83,51,58
81,84,40,58
81,85,54,32
81,86,68,42
81,87,44,55
81,88,57,42
81,89,50,53
81,90,45,43
81,91,36,52
81,92,47,38
81,93,65,35
81,94,47,60
81,95,44,57
81,96,58,66
81,97,52,41
81,98,63,52
81,99,65,43
81,100,48,48
81,101,45,44
81,102,55,48
81,103,45,45
81,104,33,56
81,105,50,37
81,106,53,56
81,107,63,53
81,108,39,65
81,109,51,57
81,110,39,43
81,111,42,45
81,112,55,61
81,113,49,32
81,114,35,33
81,115,48,45
81,116,45,40
81,117,55,44
81,118,43,53
81,119,62,34
81,120,61,52
81,121,61,40
81,122,50,46
81,123,42,52
81,124,50,61
81,125,46,60
81,126,60,61
81,127,44,45
81,128,65,34
81,129,50,35
81,130,47,50
81,131,48,47
81,132,55,35
81,133,65,53
81,134,41,47
81,135,43,41
81,136,50,64
81,137,65,59
81,138,45,58
81,139,40,73
81,140,37,61
81,141,55,28
81,142,50,40
81,143,40,69
81,144,50,48
81,145,55,40
81,146,55,49
81,147,72,48
81,148,52,64
81,149,53,50
81,150,59,58
81,151,51,59
81,152,51,49
81,153,42,53
81,154,58,64
81,155,63,41
81,156,52,40
81,157,50,41
81,158,50,44
81,159,68,46
81,160,68,51
81,161,56,54
81,162,46,43
81,163,61,48
81,164,65,52
81,165,50,47
81,166,41,49
81,167,61,45
81,168,39,51
81,169,58,47
81,170,43,50
81,171,62,50
81,172,62,42
81,173,59,54
81,174,60,48
81,175,62,46
81,176,59,49
81,177,52,42
81,178,69,58
81,179,47,62
81,180,51,56
81,181,64,66
81,182,59,53
81,183,49,51
81,184,65,58
81,185,42,36
81,186,65,64
81,187,45,48
81,188,59,64
81,189,63,48
81,190,67,46
81,191,37,55
81,192,51,39
81,193,52,60
81,194,57,54
81,195,64,57
81,196,62,60
82,1,53,30
82,2,51,55
82,3,36,59
82,4,41,43
82,5,31,54
82,6,44,38
82,7,47,54
82,8,42,49
82,9,31,56
82,10,22,64
82,11,40,63
82,12,35,59
82,13,58,43
82,14,51,67
82,15,40,45
82,16,35,39
82,17,48,40
82,18,48,50
82,19,28,51
82,20,38,40
82,21,40,52
82,22,34,66
82,23,33,44
82,24,38,51
82,25,43,52
82,26,32,39
82,27,49,62
82,28,46,44
82,29,41,52
82,30,27,44
82,31,35,57
82,32,45,54
82,33,54,54
82,34,44,51
82,35,46,54
82,36,51,47
82,37,49,60
82,38,49,64
82,39,38,49
82,40,28,59
82,41,38,57
82,42,43,69
82,43,67,32
82,44,51,42
82,45,52,47
82,46,51,32
82,47,35,55
82,48,53,34
82,49,53,62
82,50,54,50
82,51,35,41
82,52,46,57
82,53,32,46
82,54,40,64
82,55,49,63
82,56,45,65
82,57,37,36
82,58,44,40
82,59,41,38
82,60,47,40
82,61,49,54
82,62,56,50
82,63,53,57
82,64,25,43
82,65,42,40
82,66,39,52
82,67,31,61
82,68,55,53
82,69,54,66
82,70,39,66
82,71,62,35
82,72,47,42
82,73,44,50
82,74,56,43
82,75,55,52
82,76,36,29
82,77,52,52
82,78,47,48
82,79,45,49
82,80,55,67
82,81,41,67
82,82,40,56
82,83,52,59
82,84,39,58
82,85,53,33
82,86,67,41
82,87,44,56
82,88,58,41
82,89,49,52
82,90,44,43
82,91,36,51
82,92,46,37
82,93,64,35
82,94,47,61
82,95,45,56
82,96,57,65
82,97,53,42
82,98,64,53
82,99,66,44
82,100,49,48
82,101,46,45
82,102,54,49
82,103,44,46
82,104,33,57
82,105,49,36
82,106,54,57
82,107,62,54
82,108,39,64
82,109,50,57
82,110,40,44
82,111,43,46
82,112,56,62
82,113,48,33
82,114,36,32
82,115,48,46
82,116,44,39
82,117,55,43
82,118,42,54
82,119,62,33
82,120,62,52
82,121,60,39
82,122,50,45
82,123,41,51
82,124,51,61
82,125,46,59
82,126,61,60
82,127,45,44
82,128,66,33
82,129,51,35
82,130,48,49
82,131,47,46
82,132,55,34
82,133,66,52
82,134,41,46
82,135,44,42
82,136,51,63
82,137,65,60
82,138,45,59
82,139,41,72
82,140,38,62
82,141,55,27
82,142,50,39
82,143,40,70
82,144,50,49
82,145,55,41
82,146,55,48
82,147,73,49
82,148,52,63
82,149,52,49
82,150,58,58
82,151,50,60
82,152,51,50
82,153,41,53
82,154,59,63
82,155,63,40
82,156,52,39
82,157,51,41
82,158,50,43
82,159,69,46
82,160,67,50
82,161,57,53
82,162,45,42
82,163,62,48
82,164,66,51
82,165,49,47
82,166,41,50
82,167,61,46
82,168,40,51
82,169,59,47
82,170,42,51
82,171,61,50
82,172,62,43
82,173,60,53
82,174,61,47
82,175,63,47
82,176,60,49
82,177,53,43
82,178,69,59
82,179,48,63
82,180,52,55
82,181,64,65
82,182,59,52
82,183,50,52
82,184,64,58
82,185,41,35
82,186,65,63
82,187,45,47
82,188,58,63
82,189,64,48
82,190,68,47
82,191,37,56
82,192,52,38
82,193,53,59
82,194,56,55
82,195,63,57
82,196,63,59
83,1,54,30
83,2,50,55
83,3,36,60
83,4,42,43
83,5,31,53
83,6,43,38
83,7,47,53
83,8,43,50
83,9,30,56
83,10,21,65
83,11,39,62
83,12,36,59
83,13,59,42
83,14,50,66
83,15,39,45
83,16,35,40
83,17,49,40
83,18,49,49
83,19,29,50
83,20,37,39
83,21,39,53
83,22,33,65
83,23,33,45
83,24,39,50
83,25,43,51
83,26,31,39
83,27,48,61
83,28,47,45
83,29,42,52
83,30,28,43
83,31,35,58
83,32,46,55
83,33,54,53
83,34,43,52
83,35,45,55
83,36,51,48
83,37,49,59
83,38,49,65
83,39,39,49
83,40,27,58
83,41,38,56
83,42,42,70
83,43,66,31
83,44,51,43
83,45,51,47
83,46,52,33
83,47,35,56
83,48,54,35
83,49,52,62
83,50,55,50
83,51,35,42
83,52,46,58
83,53,31,45
83,54,40,63
83,55,50,64
83,56,46,66
83,57,38,35
83,58,43,39
83,59,41,39
83,60,46,39
83,61,49,53
83,62,57,51
83,63,54,56
83,64,26,42
83,65,43,41
83,66,40,52
83,67,32,60
83,68,54,52
83,69,54,65
83,70,40,67
83,71,63,36
83,72,48,42
83,73,45,50
83,74,55,42
83,75,56,51
83,76,37,29
83,77,53,53
83,78,46,48
83,79,44,50
83,80,54,66
83,81,42,66
83,82,40,57
83,83,53,58
83,84,38,57
83,85,54,33
83,86,66,41
83,87,43,57
83,88,59,41
83,89,50,51
83,90,43,44
83,91,35,52
83,92,45,38
83,93,64,36
83,94,47,62
83,95,44,56
83,96,56,66
83,97,53,41
83,98,65,54
83,99,65,45
83,100,48,47
83,101,46,46
83,102,53,48
83,103,45,46
83,104,32,58
83,105,50,36
83,106,54,58
83,107,63,53
83,108,40,64
83,109,51,56
83,110,41,45
83,111,42,46
83,112,57,61
83,113,49,32
83,114,36,33
83,115,47,47
83,116,45,40
83,117,56,44
83,118,41,55
83,119,63,33
83,120,61,52
83,121,61,39
83,122,51,44
83,123,40,50
83,124,52,60
83,125,47,58
83,126,62,60
83,127,46,43
83,128,67,33
83,129,51,36
83,130,49,50
83,131,46,45
83,132,56,35
83,133,65,53
83,134,42,45
83,135,44,41
83,136,50,63
83,137,66,59
83,138,45,58
83,139,40,73
83,140,39,61
83,141,56,28
83,142,50,38
83,143,41,70
83,144,51,49
83,145,56,42
83,146,54,47
83,147,74,49
83,148,52,64
83,149,52,50
83,150,59,59
83,151,50,61
83,152,50,49
83,153,40,53
83,154,59,62
83,155,62,40
83,156,52,40
83,157,52,42
83,158,49,42
83,159,68,45
83,160,67,49
83,161,56,53
83,162,46,41
83,163,62,49
83,164,66,52
83,165,50,48
83,166,42,49
83,167,62,47
83,168,39,52
83,169,58,46
83,170,41,52
83,171,61,49
83,172,62,42
83,173,59,53
83,174,62,48
83,175,63,46
83,176,59,50
83,177,52,43
83,178,70,60
83,179,47,63
83,180,53,54
83,181,65,66
83,182,58,52
83,183,51,51
83,184,65,58
83,185,40,35
83,186,65,62
83,187,45,48
83,188,57,64
83,189,63,47
83,190,67,46
83,191,36,57
83,192,53,37
83,193,52,58
83,194,56,54
83,195,63,58
83,196,64,58
84,1,55,31
84,2,51,55
84,3,35,59
84,4,41,44
84,5,32,54
84,6,44,38
84,7,47,54
84,8,42,51
84,9,29,57
84,10,22,65
84,11,38,61
84,12,37,59
84,13,60,41
84,14,50,65
84,15,38,46
84,16,34,41
84,17,48,40
84,18,49,48
84,19,30,49
84,20,36,38
84,21,40,54
84,22,32,65
84,23,32,44
84,24,40,51
84,25,42,50
84,26,31,38
84,27,49,62
84,28,48,46
84,29,41,51
84,30,28,44
84,31,34,59
84,32,46,56
84,33,53,52
84,34,43,51
84,35,44,54
84,36,50,47
84,37,50,58
84,38,50,66
84,39,38,48
84,40,26,58
84,41,37,56
84,42,43,69
84,43,65,30
84,44,50,42
84,45,52,46
84,46,53,34
84,47,35,55
84,48,53,36
84,49,51,61
84,50,56,49
84,51,36,43
84,52,46,59
84,53,31,46
84,54,41,64
84,55,51,63
84,56,45,67
84,57,39,35
84,58,44,40
84,59,40,38
84,60,46,38
84,61,48,53
84,62,56,50
84,63,55,57
84,64,27,42
84,65,42,41
84,66,39,51
84,67,33,59
84,68,53,51
84,69,53,66
84,70,41,68
84,71,63,35
84,72,47,41
84,73,46,51
84,74,55,41
84,75,55,50
84,76,37,30
84,77,54,53
84,78,45,47
84,79,44,51
84,80,54,67
84,81,43,67
84,82,39,56
84,83,53,59
84,84,38,58
84,85,54,32
84,86,67,42
84,87,43,58
84,88,59,42
84,89,51,52
84,90,42,44
84,91,35,51
84,92,44,39
84,93,64,35
84,94,46,63
84,95,43,55
84,96,55,65
84,97,52,41
84,98,66,55
84,99,64,46
84,100,49,46
84,101,45,45
84,102,52,47
84,103,44,47
84,104,33,57
84,105,51,37
84,106,54,57
84,107,62,54
84,108,39,63
84,109,52,57
84,110,41,46
84,111,41,47
84,112,58,60
84,113,50,32
84,114,35,33
84,115,46,46
84,116,46,40
84,117,55,43
84,118,41,56
84,119,63,32
84,120,62,53
84,121,61,40
84,122,51,45
84,123,41,49
84,124,51,60
84,125,47,59
84,126,63,61
84,127,45,44
84,128,67,34
84,129,50,37
84,130,48,51
84,131,47,45
84,132,55,35
84,133,64,52
84,134,43,44
84,135,43,42
84,136,49,63
84,137,66,58
84,138,46,57
84,139,41,73
84,140,40,61
84,141,55,27
84,142,51,38
84,143,40,70
84,144,50,50
84,145,56,43
84,146,53,48
84,147,75,49
84,148,51,64
84,149,53,50
84,150,60,59
84,151,49,61
84,152,49,50
84,153,39,54
84,154,60,63
84,155,61,41
84,156,51,40
84,157,51,41
84,158,50,43
84,159,69,44
84,160,68,48
84,161,55,54
84,162,46,42
84,163,62,50
84,164,65,52
84,165,49,49
84,166,41,48
84,167,61,48
84,168,39,53
84,169,59,45
84,170,42,52
84,171,60,49
84,172,63,43
84,173,58,53
84,174,61,49
84,175,62,45
84,176,59,51
84,177,52,44
84,178,69,60
84,179,47,64
84,180,54,55
84,181,64,66
84,182,57,51
84,183,50,52
84,184,66,57
84,185,40,36
84,186,64,61
84,187,46,49
84,188,57,63
84,189,62,47
84,190,66,45
84,191,35,58
84,192,52,38
84,193,53,58
84,194,55,53
84,195,63,57
84,196,64,57
85,1,55,30
85,2,52,54
85,3,36,59
85,4,41,45
85,5,33,53
85,6,43,38
85,7,47,53
85,8,43,50
85,9,28,58
85,10,23,64
85,11,38,62
85,12,38,60
85,13,60,42
85,14,49,66
85,15,39,46
85,16,33,40
85,17,49,41
85,18,50,48
85,19,29,50
85,20,37,39
85,21,41,55
85,22,32,64
85,23,32,43
85,24,39,50
85,25,41,50
85,26,31,39
85,27,48,61
85,28,49,45
85,29,41,52
85,30,27,43
85,31,35,59
85,32,45,55
85,33,52,53
85,34,42,51
85,35,43,54
85,36,51,47
85,37,49,58
85,38,51,66
85,39,39,49
85,40,25,58
85,41,38,55
85,42,42,69
85,43,66,30
85,44,50,41
85,45,53,45
85,46,52,33
85,47,36,54
85,48,53,37
85,49,52,61
85,50,57,49
85,51,35,43
85,52,47,58
85,53,30,47
85,54,42,63
85,55,50,63
85,56,45,68
85,57,38,35
85,58,43,39
85,59,41,38
85,60,47,39
85,61,47,54
85,62,56,49
85,63,54,56
85,64,28,41
85,65,41,40
85,66,40,51
85,67,32,60
85,68,52,52
85,69,53,67
85,70,42,68
85,71,64,36
85,72,48,42
85,73,47,52
85,74,54,42
85,75,54,51
85,76,36,31
85,77,55,52
85,78,44,48
85,79,45,51
85,80,55,68
85,81,43,68
85,82,40,55
85,83,53,60
85,84,37,59
85,85,53,32
85,86,68,41
85,87,43,57
85,88,59,41
85,89,52,51
85,90,41,44
85,91,35,52
85,92,45,39
85,93,63,36
85,94,46,62
85,95,44,56
85,96,55,64
85,97,53,40
85,98,65,54
85,99,63,47
85,100,48,46
85,101,44,46
85,102,53,46
85,103,45,48
85,104,33,58
85,105,51,36
85,106,55,58
85,107,61,54
85,108,38,64
85,109,51,57
85,110,42,45
85,111,42,47
85,112,57,59
85,113,49,33
85,114,35,32
85,115,47,46
85,116,45,41
85,117,56,44
85,118,41,57
85,119,64,33
85,120,63,52
85,121,62,39
85,122,51,46
85,123,40,50
85,124,50,59
85,125,46,58
85,126,62,62
85,127,46,43
85,128,67,33
85,129,50,38
85,130,47,51
85,131,46,45
85,132,54,35
85,133,63,51
85,134,42,44
85,135,44,43
85,136,48,62
85,137,65,57
85,138,45,58
85,139,42,74
85,140,40,60
85,141,54,28
85,142,50,39
85,143,41,71
85,144,50,49
85,145,56,42
85,146,54,49
85,147,76,49
85,148,50,64
85,149,54,50
85,150,61,59
85,151,49,62
85,152,48,49
85,153,38,53
85,154,59,62
85,155,60,40
85,156,51,39
85,157,52,42
85,158,50,44
85,159,70,45
85,160,67,49
85,161,55,55
85,162,46,41
85,163,63,49
85,164,64,53
85,165,50,50
85,166,42,49
85,167,60,47
85,168,39,52
85,169,60,46
85,170,43,51
85,171,61,48
85,172,64,43
85,173,58,54
85,174,60,50
85,175,61,45
85,176,59,52
85,177,53,43
85,178,70,59
85,179,47,65
85,180,53,56
85,181,65,66
85,182,58,52
85,183,50,53
85,184,66,56
85,185,40,37
85,186,65,61
85,187,47,48
85,188,58,64
85,189,62,48
85,190,65,45
85,191,35,57
85,192,51,38
85,193,54,57
85,194,56,52
85,195,63,56
85,196,64,56
86,1,55,31
86,2,53,54
86,3,36,58
86,4,40,46
86,5,32,52
86,6,42,39
86,7,46,53
86,8,44,51
86,9,28,59
86,10,24,65
86,11,37,61
86,12,39,60
86,13,60,43
86,14,48,66
86,15,38,45
86,16,33,41
86,17,49,42
86,18,49,48
86,19,30,51
86,20,38,38
86,21,41,54
86,22,31,65
86,23,31,44
86,24,38,49
86,25,40,49
86,26,32,39
86,27,47,61
86,28,48,45
86,29,41,51
86,30,28,42
86,31,34,60
86,32,46,54
86,33,53,53
86,34,41,50
86,35,43,55
86,36,52,47
86,37,50,58
86,38,51,67
86,39,38,48
86,40,24,58
86,41,37,55
86,42,41,68
86,43,65,29
86,44,50,40
86,45,54,46
86,46,53,34
86,47,36,55
86,48,52,37
86,49,51,60
86,50,58,48
86,51,35,42
86,52,46,59
86,53,30,48
86,54,41,64
86,55,51,62
86,56,45,69
86,57,39,36
86,58,43,38
86,59,41,37
86,60,48,40
86,61,48,53
86,62,57,49
86,63,53,57
86,64,29,41
86,65,41,39
86,66,40,52
86,67,33,59
86,68,51,51
86,69,54,68
86,70,41,67
86,71,64,35
86,72,49,43
86,73,46,52
86,74,53,41
86,75,53,50
86,76,37,32
86,77,54,53
86,78,44,49
86,79,44,50
86,80,55,69
86,81,42,69
86,82,40,56
86,83,54,59
86,84,37,58
86,85,54,31
86,86,68,40
86,87,44,57
86,88,60,42
86,89,53,51
86,90,41,43
86,91,36,51
86,92,46,40
86,93,63,37
86,94,45,63
86,95,45,56
86,96,54,63
86,97,53,39
86,98,64,54
86,99,62,47
86,100,49,46
86,101,43,47
86,102,53,47
86,103,45,49
86,104,32,59
86,105,51,37
86,106,55,59
86,107,60,53
86,108,38,65
86,109,52,56
86,110,43,45
86,111,42,48
86,112,58,58
86,113,50,32
86,114,34,33
86,115,47,45
86,116,44,41
86,117,56,43
86,118,41,56
86,119,64,32
86,120,64,51
86,121,63,38
86,122,51,47
86,123,39,50
86,124,49,60
86,125,45,59
86,126,63,61
86,127,45,43
86,128,66,32
86,129,50,37
86,130,48,52
86,131,46,44
86,132,55,34
86,133,64,50
86,134,42,45
86,135,45,44
86,136,49,63
86,137,66,57
86,138,44,58
86,139,42,75
86,140,40,59
86,141,53,27
86,142,49,40
86,143,42,71
86,144,50,48
86,145,55,41
86,146,54,48
86,147,76,50
86,148,51,64
86,149,54,51
86,150,62,60
86,151,48,61
86,152,48,48
86,153,38,54
86,154,59,61
86,155,61,41
86,156,52,38
86,157,52,41
86,158,49,45
86,159,69,45
86,160,67,50
86,161,54,56
86,162,46,42
86,163,64,49
86,164,63,53
86,165,49,49
86,166,43,50
86,167,59,47
86,168,38,53
86,169,59,46
86,170,42,50
86,171,61,49
86,172,65,44
86,173,59,55
86,174,61,50
86,175,60,44
86,176,59,51
86,177,52,42
86,178,69,60
86,179,46,65
86,180,53,55
86,181,66,65
86,182,58,53
86,183,49,52
86,184,67,56
86,185,41,36
86,186,64,60
86,187,46,48
86,188,58,65
86,189,61,47
86,190,64,45
86,191,34,58
86,192,52,39
86,193,53,56
86,194,56,51
86,195,64,57
86,196,63,56
87,1,54,32
87,2,52,55
87,3,36,59
87,4,41,45
87,5,31,53
87,6,41,38
87,7,45,52
87,8,45,50
87,9,27,59
87,10,23,65
87,11,38,60
87,12,39,61
87,13,59,43
87,14,47,66
87,15,37,44
87,16,32,40
87,17,48,41
87,18,50,47
87,19,30,52
87,20,38,39
87,21,42,55
87,22,30,65
87,23,32,44
87,24,39,48
87,25,39,49
87,26,33,39
87,27,48,60
87,28,48,44
87,29,42,52
87,30,27,42
87,31,33,60
87,32,46,53
87,33,53,54
87,34,40,49
87,35,44,55
87,36,52,46
87,37,49,59
87,38,50,68
87,39,39,47
87,40,25,59
87,41,38,56
87,42,40,69
87,43,66,28
87,44,49,41
87,45,55,45
87,46,53,35
87,47,37,54
87,48,53,37
87,49,52,59
87,50,58,47
87,51,34,42
87,52,47,59
87,53,31,48
87,54,42,63
87,55,51,61
87,56,45,70
87,57,40,37
87,58,42,39
87,59,40,38
87,60,47,41
87,61,49,54
87,62,58,48
87,63,52,57
87,64,30,42
87,65,40,39
87,66,41,52
87,67,32,58
87,68,52,51
87,69,54,67
87,70,42,68
87,71,64,36
87,72,49,44
87,73,47,53
87,74,52,40
87,75,52,50
87,76,36,33
87,77,54,54
87,78,45,48
87,79,44,51
87,80,54,69
87,81,43,68
87,82,41,57
87,83,53,60
87,84,38,59
87,85,53,31
87,86,67,41
87,87,45,58
87,88,61,42
87,89,54,52
87,90,42,43
87,91,37,52
87,92,45,41
87,93,62,36
87,94,46,62
87,95,45,55
87,96,53,63
87,97,53,38
87,98,65,54
87,99,63,47
87,100,48,47
87,101,43,46
87,102,53,48
87,103,44,50
87,104,31,58
87,105,50,36
87,106,54,59
87,107,60,52
87,108,39,65
87,109,51,55
87,110,44,46
87,111,43,47
87,112,59,57
87,113,50,31
87,114,35,32
87,115,47,44
87,116,45,42
87,117,57,44
87,118,40,55
87,119,65,33
87,120,63,50
87,121,63,39
87,122,52,48
87,123,40,50
87,124,49,61
87,125,45,60
87,126,62,62
87,127,46,43
87,128,65,32
87,129,49,38
87,130,49,53
87,131,45,45
87,132,56,34
87,133,63,51
87,134,42,44
87,135,46,44
87,136,50,64
87,137,65,58
87,138,44,59
87,139,43,75
87,140,41,60
87,141,52,26
87,142,50,41
87,143,43,70
87,144,50,49
87,145,55,42
87,146,54,47
87,147,77,51
87,148,51,65
87,149,54,50
87,150,62,59
87,151,49,62
87,152,49,48
87,153,37,53
87,154,59,60
87,155,61,40
87,156,51,37
87,157,53,41
87,158,50,44
87,159,68,45
87,160,66,50
87,161,55,56
87,162,45,43
87,163,65,48
87,164,64,53
87,165,48,48
87,166,43,49
87,167,60,46
87,168,38,54
87,169,60,47
87,170,43,50
87,171,60,48
87,172,66,45
87,173,60,55
87,174,60,49
87,175,61,43
87,176,60,50
87,177,52,43
87,178,70,59
87,179,46,66
87,180,52,56
87,181,65,66
87,182,58,54
87,183,50,53
87,184,67,55
87,185,42,36
87,186,64,59
87,187,47,47
87,188,59,64
87,189,62,47
87,190,63,46
87,191,33,57
87,192,53,40
87,193,54,55
87,194,57,50
87,195,63,57
87,196,64,56
88,1,55,31
88,2,51,56
88,3,35,60
88,4,40,46
88,5,32,54
88,6,42,37
88,7,45,53
88,8,46,49
88,9,26,58
88,10,22,65
88,11,37,61
88,12,38,60
88,13,58,44
88,14,48,67
88,15,36,45
88,16,31,40
88,17,47,42
88,18,50,46
88,19,30,53
88,20,38,40
88,21,41,54
88,22,30,64
88,23,31,43
88,24,40,47
88,25,38,49
88,26,32,38
88,27,48,61
88,28,49,45
88,29,43,53
88,30,28,41
88,31,32,60
88,32,47,54
88,33,52,54
88,34,39,49
88,35,44,56
88,36,51,45
88,37,50,60
88,38,49,69
88,39,40,48
88,40,24,58
88,41,37,56
88,42,41,70
88,43,67,27
88,44,50,42
88,45,56,44
88,46,52,36
88,47,36,54
88,48,52,38
88,49,51,60
88,50,59,47
88,51,35,43
88,52,48,58
88,53,32,49
88,54,43,63
88,55,52,60
88,56,44,69
88,57,39,37
88,58,43,40
88,59,40,37
88,60,48,42
88,61,49,55
88,62,57,47
88,63,53,56
88,64,29,42
88,65,39,40
88,66,41,53
88,67,33,59
88,68,53,50
88,69,54,68
88,70,41,67
88,71,63,36
88,72,48,43
88,73,46,54
88,74,52,39
88,75,51,49
88,76,36,34
88,77,55,54
88,78,45,47
88,79,45,52
88,80,53,68
88,81,43,69
88,82,42,56
88,83,53,61
88,84,37,58
88,85,52,31
88,86,66,41
88,87,44,58
88,88,61,41
88,89,53,53
88,90,43,42
88,91,38,51
88,92,46,41
88,93,61,36
88,94,45,62
88,95,45,54
88,96,53,62
88,97,53,37
88,98,66,55
88,99,64,48
88,100,49,46
88,101,44,45
88,102,52,49
88,103,45,49
88,104,32,58
88,105,50,35
88,106,53,59
88,107,60,51
88,108,38,66
88,109,50,56
88,110,45,46
88,111,42,47
88,112,59,56
88,113,50,30
88,114,36,32
88,115,48,45
88,116,44,42
88,117,57,43
88,118,39,55
88,119,64,32
88,120,62,51
88,121,63,40
88,122,51,47
88,123,39,51
88,124,50,61
88,125,45,59
88,126,62,61
88,127,47,43
88,128,65,33
88,129,50,39
88,130,49,52
88,131,46,45
88,132,57,35
88,133,64,51
88,134,41,45
88,135,45,44
88,136,50,63
88,137,65,57
88,138,43,59
88,139,42,75
88,140,40,60
88,141,53,25
88,142,50,40
88,143,42,69
88,144,51,48
88,145,54,42
88,146,53,48
88,147,78,51
88,148,51,64
88,149,53,51
88,150,63,60
88,151,48,62
88,152,50,49
88,153,38,52
88,154,60,59
88,155,60,40
88,156,50,37
88,157,54,41
88,158,49,44
88,159,67,45
88,160,65,49
88,161,54,56
88,162,46,42
88,163,66,47
88,164,63,53
88,165,47,48
88,166,42,49
88,167,59,46
88,168,37,54
88,169,59,48
88,170,44,49
88,171,59,49
88,172,66,44
88,173,60,54
88,174,61,49
88,175,62,44
88,176,60,49
88,177,51,42
88,178,69,59
88,179,45,66
88,180,52,57
88,181,66,67
88,182,57,55
88,183,51,54
88,184,66,54
88,185,42,35
88,186,63,59
88,187,46,46
88,188,59,65
88,189,61,48
88,190,62,45
88,191,32,57
88,192,53,39
88,193,53,54
88,194,56,51
88,195,62,56
88,196,63,57
89,1,54,30
89,2,50,57
89,3,36,60
89,4,39,46
89,5,33,54
89,6,42,38
89,7,44,54
89,8,45,48
89,9,27,57
89,10,22,66
89,11,36,61
89,12,37,61
89,13,58,43
89,14,49,66
89,15,35,44
89,16,32,40
89,17,47,41
89,18,49,47
89,19,30,52
89,20,39,39
89,21,42,54
89,22,29,64
89,23,31,44
89,24,40,46
89,25,37,50
89,26,31,39
89,27,47,62
89,28,50,45
89,29,44,53
89,30,29,41
89,31,32,61
89,32,48,55
89,33,51,53
89,34,39,50
89,35,43,56
89,36,50,44
89,37,49,61
89,38,49,68
89,39,41,48
89,40,25,57
89,41,38,56
89,42,40,70
89,43,68,26
89,44,49,42
89,45,56,45
89,46,52,35
89,47,36,53
89,48,51,39
89,49,50,59
89,50,60,48
89,51,36,43
89,52,47,59
89,53,33,50
89,54,42,62
89,55,51,61
89,56,45,70
89,57,38,37
89,58,42,39
89,59,40,36
89,60,49,41
89,61,49,54
89,62,56,48
89,63,52,56
89,64,30,43
89,65,40,39
89,66,42,53
89,67,34,58
89,68,53,49
89,69,54,67
89,70,42,68
89,71,62,35
89,72,47,42
89,73,47,55
89,74,53,40
89,75,52,48
89,76,36,35
89,77,54,54
89,78,44,47
89,79,46,53
89,80,52,68
89,81,43,70
89,82,42,57
89,83,54,62
89,84,37,59
89,85,51,32
89,86,65,42
89,87,44,59
89,88,60,42
89,89,52,54
89,90,44,41
89,91,39,52
89,92,45,40
89,93,62,36
89,94,44,62
89,95,45,53
89,96,52,63
89,97,54,37
89,98,67,56
89,99,63,49
89,100,48,47
89,101,43,46
89,102,53,50
89,103,44,48
89,104,32,59
89,105,50,34
89,106,54,59
89,107,60,50
89,108,39,67
89,109,51,55
89,110,44,46
89,111,43,47
89,112,58,55
89,113,50,29
89,114,37,32
89,115,49,45
89,116,44,43
89,117,58,44
89,118,38,55
89,119,64,33
89,120,63,50
89,121,62,40
89,122,52,47
89,123,40,51
89,124,51,62
89,125,44,60
89,126,63,62
89,127,46,43
89,128,66,32
89,129,50,38
89,130,48,52
89,131,47,45
89,132,56,35
89,133,63,51
89,134,42,46
89,135,45,43
89,136,49,63
89,137,66,58
89,138,43,60
89,139,41,74
89,140,41,60
89,141,52,26
89,142,49,40
89,143,41,69
89,144,52,49
89,145,55,41
89,146,54,47
89,147,77,50
89,148,50,65
89,149,52,50
89,150,63,61
89,151,48,63
89,152,49,49
89,153,39,51
89,154,59,60
89,155,59,41
89,156,49,38
89,157,53,41
89,158,48,45
89,159,66,46
89,160,65,50
89,161,53,55
89,162,46,41
89,163,65,47
89,164,62,52
89,165,46,47
89,166,41,50
89,167,58,45
89,168,36,54
89,169,58,47
89,170,45,49
89,171,58,50
89,172,65,43
89,173,60,53
89,174,62,49
89,175,63,45
89,176,61,49
89,177,52,41
89,178,69,60
89,179,46,67
89,180,53,58
89,181,65,68
89,182,56,54
89,183,52,55
89,184,67,54
89,185,43,35
89,186,63,58
89,187,45,46
89,188,59,66
89,189,62,47
89,190,62,44
89,191,33,57
89,192,52,40
89,193,52,53
89,194,57,51
89,195,61,55
89,196,63,56
90,1,54,31
90,2,51,56
90,3,35,60
90,4,38,47
90,5,34,55
90,6,41,37
90,7,43,55
90,8,46,48
90,9,26,57
90,10,23,66
90,11,37,62
90,12,38,62
90,13,57,42
90,14,49,65
90,15,36,44
90,16,31,41
90,17,46,42
90,18,48,48
90,19,31,52
90,20,40,38
90,21,43,53
90,22,28,64
90,23,32,44
90,24,39,47
90,25,38,51
90,26,32,40
90,27,46,63
90,28,51,44
90,29,44,52
90,30,30,40
90,31,32,62
90,32,49,56
90,33,51,52
90,34,40,50
90,35,44,56
90,36,50,43
90,37,48,60
90,38,48,67
90,39,41,49
90,40,24,56
90,41,37,57
90,42,39,69
90,43,69,27
90,44,48,41
90,45,57,44
90,46,52,36
90,47,37,52
90,48,50,40
90,49,50,60
90,50,60,49
90,51,35,43
90,52,47,58
90,53,32,50
90,54,43,62
90,55,50,61
90,56,45,71
90,57,37,36
90,58,42,40
90,59,40,37
90,60,48,40
90,61,48,55
90,62,55,48
90,63,53,56
90,64,31,44
90,65,39,39
90,66,42,52
90,67,35,57
90,68,53,48
90,69,55,68
90,70,41,68
90,71,63,36
90,72,47,43
90,73,46,54
90,74,52,39
90,75,51,48
90,76,36,36
90,77,54,53
90,78,45,47
90,79,47,54
90,80,51,69
90,81,44,69
90,82,42,56
90,83,55,61
90,84,36,59
90,85,50,31
90,86,64,42
90,87,45,59
90,88,61,43
90,89,51,53
90,90,43,40
90,91,40,52
90,92,46,39
90,93,61,35
90,94,43,61
90,95,45,52
90,96,53,62
90,97,53,38
90,98,66,55
90,99,62,48
90,100,49,47
90,101,43,45
90,102,54,50
90,103,45,48
90,104,31,58
90,105,49,35
90,106,55,58
90,107,60,51
90,108,40,66
90,109,50,55
90,110,43,46
90,111,44,48
90,112,57,55
90,113,49,30
90,114,36,31
90,115,49,46
90,116,43,43
90,117,58,43
90,118,37,54
90,119,64,32
90,120,64,49
90,121,62,39
90,122,53,46
90,123,41,52
90,124,51,61
90,125,44,61
90,126,64,61
90,127,45,44
90,128,67,32
90,129,50,37
90,130,47,53
90,131,47,44
90,132,56,36
90,133,64,50
90,134,43,47
90,135,46,44
90,136,49,64
90,137,65,58
90,138,42,61
90,139,41,75
90,140,41,59
90,141,53,26
90,142,49,41
90,143,42,68
90,144,52,48
90,145,56,41
90,146,54,46
90,147,78,51
90,148,51,65
90,149,53,49
90,150,62,60
90,151,47,64
90,152,48,49
90,153,38,50
90,154,59,61
90,155,58,42
90,156,50,38
90,157,53,42
90,158,47,46
90,159,67,45
90,160,66,51
90,161,54,56
90,162,45,40
90,163,64,48
90,164,63,52
90,165,47,48
90,166,42,51
90,167,58,46
90,168,37,53
90,169,58,48
90,170,44,49
90,171,59,49
90,172,66,42
90,173,59,54
90,174,62,50
90,175,63,46
90,176,62,49
90,177,51,42
90,178,68,60
90,179,45,68
90,180,52,57
90,181,66,67
90,182,55,55
90,183,52,56
90,184,68,55
90,185,43,34
90,186,62,57
90,187,46,45
90,188,60,65
90,189,63,47
90,190,63,43
90,191,33,56
90,192,52,41
90,193,52,52
90,194,56,50
90,195,60,54
90,196,64,57
91,1,54,30
91,2,52,55
91,3,35,61
91,4,39,46
91,5,35,54
91,6,42,36
91,7,43,56
91,8,47,47
91,9,25,58
91,10,22,65
91,11,37,61
91,12,38,61
91,13,57,41
91,14,49,66
91,15,37,44
91,16,30,42
91,17,46,41
91,18,49,49
91,19,32,51
91,20,41,39
91,21,42,54
91,22,28,63
91,23,32,45
91,24,40,48
91,25,39,51
91,26,32,41
91,27,45,64
91,28,52,45
91,29,45,51
91,30,31,39
91,31,32,61
91,32,50,57
91,33,50,53
91,34,39,50
91,35,45,56
91,36,50,44
91,37,47,59
91,38,48,66
91,39,42,50
91,40,24,55
91,41,36,57
91,42,40,69
91,43,68,28
91,44,47,40
91,45,56,45
91,46,51,37
91,47,38,53
91,48,51,40
91,49,50,59
91,50,60,50
91,51,34,44
91,52,46,58
91,53,33,51
91,54,43,63
91,55,50,62
91,56,44,71
91,57,36,37
91,58,42,39
91,59,40,36
91,60,48,41
91,61,47,55
91,62,55,49
91,63,53,57
91,64,32,43
91,65,38,39
91,66,43,52
91,67,36,56
91,68,53,47
91,69,54,69
91,70,42,69
91,71,62,36
91,72,46,43
91,73,45,53
91,74,51,38
91,75,52,49
91,76,35,37
91,77,55,52
91,78,44,47
91,79,48,55
91,80,50,69
91,81,44,70
91,82,43,55
91,83,54,62
91,84,37,59
91,85,49,31
91,86,65,43
91,87,44,58
91,88,60,42
91,89,52,53
91,90,44,41
91,91,39,53
91,92,47,39
91,93,62,34
91,94,43,62
91,95,44,51
91,96,52,61
91,97,53,39
91,98,67,55
91,99,62,47
91,100,50,48
91,101,44,44
91,102,53,51
91,103,46,49
91,104,31,57
91,105,49,34
91,106,54,58
91,107,59,52
91,108,39,66
91,109,51,54
91,110,44,45
91,111,45,47
91,112,56,56
91,113,48,30
91,114,36,32
91,115,50,47
91,116,44,42
91,117,59,43
91,118,38,54
91,119,63,32
91,120,63,48
91,121,63,38
91,122,54,45
91,123,41,53
91,124,50,60
91,125,45,60
91,126,63,60
91,127,44,43
91,128,66,32
91,129,49,36
91,130,48,53
91,131,47,43
91,132,56,35
91,133,65,50
91,134,44,48
91,135,47,44
91,136,50,64
91,137,65,59
91,138,42,62
91,139,40,74
91,140,41,58
91,141,54,26
91,142,48,42
91,143,43,67
91,144,52,47
91,145,55,42
91,146,55,47
91,147,77,51
91,148,52,64
91,149,54,50
91,150,62,61
91,151,47,65
91,152,49,50
91,153,38,51
91,154,59,60
91,155,59,42
91,156,50,39
91,157,54,42
91,158,46,47
91,159,66,45
91,160,67,50
91,161,54,55
91,162,44,40
91,163,65,48
91,164,62,51
91,165,48,47
91,166,42,52
91,167,59,46
91,168,37,54
91,169,59,47
91,170,43,49
91,171,59,50
91,172,67,41
91,173,59,53
91,174,61,50
91,175,62,46
91,176,62,48
91,177,52,43
91,178,69,61
91,179,44,69
91,180,51,57
91,181,67,67
91,182,54,56
91,183,51,55
91,184,69,55
91,185,43,35
91,186,63,57
91,187,46,46
91,188,61,66
91,189,64,46
91,190,64,43
91,191,34,57
91,192,53,40
91,193,53,52
91,194,57,49
91,195,61,54
91,196,63,56
92,1,53,30
92,2,53,56
92,3,35,62
92,4,39,45
92,5,36,53
92,6,43,37
92,7,43,57
92,8,47,48
92,9,26,58
92,10,21,64
92,11,36,60
92,12,39,60
92,13,56,42
92,14,49,65
92,15,36,43
92,16,29,42
92,17,47,42
92,18,49,48
92,19,32,52
92,20,40,39
92,21,43,54
92,22,27,63
92,23,33,45
92,24,41,48
92,25,38,52
92,26,33,42
92,27,44,65
92,28,52,44
92,29,44,52
92,30,30,40
92,31,31,60
92,32,50,56
92,33,50,52
92,34,38,49
92,35,46,56
92,36,49,45
92,37,47,58
92,38,48,67
92,39,41,51
92,40,24,54
92,41,35,58
92,42,39,68
92,43,67,27
92,44,48,40
92,45,56,44
92,46,51,36
92,47,39,54
92,48,52,39
92,49,50,58
92,50,60,51
92,51,34,43
92,52,46,59
92,53,34,51
92,54,43,64
92,55,51,61
92,56,44,72
92,57,35,38
92,58,43,38
92,59,39,37
92,60,49,42
92,61,46,55
92,62,55,48
92,63,54,57
92,64,31,44
92,65,39,39
92,66,43,51
92,67,37,56
92,68,54,47
92,69,53,68
92,70,41,68
92,71,61,36
92,72,46,44
92,73,44,54
92,74,52,37
92,75,53,48
92,76,36,36
92,77,54,52
92,78,44,46
92,79,49,55
92,80,49,70
92,81,43,70
92,82,42,55
92,83,55,62
92,84,36,59
92,85,49,30
92,86,66,42
92,87,43,58
92,88,59,41
92,89,52,54
92,90,45,41
92,91,40,53
92,92,48,39
92,93,63,33
92,94,44,63
92,95,45,50
92,96,53,61
92,97,54,40
92,98,66,55
92,99,63,46
92,100,51,49
92,101,45,43
92,102,52,50
92,103,45,48
92,104,32,56
92,105,48,35
92,106,53,57
92,107,60,53
92,108,40,67
92,109,50,54
92,110,45,46
92,111,44,47
92,112,57,57
92,113,48,29
92,114,37,33
92,115,49,46
92,116,45,42
92,117,58,42
92,118,39,53
92,119,64,32
92,120,63,47
92,121,62,37
92,122,54,44
92,123,41,52
92,124,51,59
92,125,44,61
92,126,63,59
92,127,43,43
92,128,67,32
92,129,50,36
92,130,49,54
92,131,48,44
92,132,57,34
92,133,65,51
92,134,44,49
92,135,46,45
92,136,51,63
92,137,66,59
92,138,41,62
92,139,39,75
92,140,42,58
92,141,53,25
92,142,49,43
92,143,44,66
92,144,51,48
92,145,55,41
92,146,56,48
92,147,76,51
92,148,52,63
92,149,53,51
92,150,62,62
92,151,47,64
92,152,48,50
92,153,39,50
92,154,60,60
92,155,59,43
92,156,50,38
92,157,55,42
92,158,47,47
92,159,67,44
92,160,66,50
92,161,55,55
92,162,45,39
92,163,66,48
92,164,63,50
92,165,49,47
92,166,43,52
92,167,60,45
92,168,38,54
92,169,60,46
92,170,42,49
92,171,59,51
92,172,66,40
92,173,58,54
92,174,62,51
92,175,61,46
92,176,61,47
92,177,53,42
92,178,70,61
92,179,44,68
92,180,51,56
92,181,66,67
92,182,54,55
92,183,50,55
92,184,68,54
92,185,44,35
92,186,62,57
92,187,46,47
92,188,62,67
92,189,64,45
92,190,64,42
92,191,33,58
92,192,53,39
92,193,52,53
92,194,58,49
92,195,62,54
92,196,64,55
93,1,54,29
93,2,52,57
93,3,35,63
93,4,39,46
93,5,35,54
93,6,42,37
93,7,44,56
93,8,48,49
93,9,25,57
93,10,21,63
93,11,35,60
93,12,38,60
93,13,57,42
93,14,48,65
93,15,35,42
93,16,28,42
93,17,47,43
93,18,50,48
93,19,31,52
93,20,41,39
93,21,42,54
93,22,28,62
93,23,32,46
93,24,41,47
93,25,38,51
93,26,34,41
93,27,45,65
93,28,53,44
93,29,45,52
93,30,30,41
93,31,31,59
93,32,49,57
93,33,50,51
93,34,37,48
93,35,45,56
93,36,50,44
93,37,48,59
93,38,48,68
93,39,42,51
93,40,24,53
93,41,34,59
93,42,38,68
93,43,66,28
93,44,47,41
93,45,55,44
93,46,52,35
93,47,40,54
93,48,53,38
93,49,49,58
93,50,61,50
93,51,34,44
93,52,45,60
93,53,34,52
93,54,43,63
93,55,51,62
93,56,45,71
93,57,34,39
93,58,44,37
93,59,38,38
93,60,50,43
93,61,47,55
93,62,54,48
93,63,55,57
93,64,30,45
93,65,38,40
93,66,42,52
93,67,37,55
93,68,55,47
93,69,53,67
93,70,42,69
93,71,62,36
93,72,47,45
93,73,44,55
93,74,53,37
93,75,52,48
93,76,37,37
93,77,54,53
93,78,43,47
93,79,48,56
93,80,48,71
93,81,44,70
93,82,41,55
93,83,55,63
93,84,37,58
93,85,49,29
93,86,67,42
93,87,43,57
93,88,60,42
93,89,53,54
93,90,46,41
93,91,41,54
93,92,48,40
93,93,64,33
93,94,43,62
93,95,45,51
93,96,52,62
93,97,53,41
93,98,66,54
93,99,64,47
93,100,50,49
93,101,46,43
93,102,51,50
93,103,46,49
93,104,33,55
93,105,49,36
93,106,53,58
93,107,60,54
93,108,41,68
93,109,51,55
93,110,44,46
93,111,45,46
93,112,56,58
93,113,47,30
93,114,36,34
93,115,48,45
93,116,44,42
93,117,59,42
93,118,38,53
93,119,63,32
93,120,64,48
93,121,63,38
93,122,54,45
93,123,41,53
93,124,52,60
93,125,43,61
93,126,63,58
93,127,43,44
93,128,66,32
93,129,49,35
93,130,49,55
93,131,47,44
93,132,58,35
93,133,64,51
93,134,45,50
93,135,45,45
93,136,50,63
93,137,65,59
93,138,40,62
93,139,38,75
93,140,43,58
93,141,52,24
93,142,49,44
93,143,45,67
93,144,52,47
93,145,56,41
93,146,56,47
93,147,75,51
93,148,53,64
93,149,53,52
93,150,61,61
93,151,47,65
93,152,47,51
93,153,40,49
93,154,61,59
93,155,60,43
93,156,51,37
93,157,55,41
93,158,48,46
93,159,68,44
93,160,65,51
93,161,54,54
93,162,46,39
93,163,67,48
93,164,64,49
93,165,49,48
93,166,44,52
93,167,59,46
93,168,39,55
93,169,60,47
93,170,42,48
93,171,60,51
93,172,65,40
93,173,57,55
93,174,63,50
93,175,60,46
93,176,62,46
93,177,52,42
93,178,69,60
93,179,44,67
93,180,51,57
93,181,65,66
93,182,55,55
93,183,51,56
93,184,67,55
93,185,45,36
93,186,63,57
93,187,47,48
93,188,63,66
93,189,64,44
93,190,64,41
93,191,32,58
93,192,52,39
93,193,52,54
93,194,59,50
93,195,62,53
93,196,63,54
94,1,53,30
94,2,51,58
94,3,36,64
94,4,38,46
94,5,34,54
94,6,41,36
94,7,43,56
94,8,49,49
94,9,26,58
94,10,22,62
94,11,36,60
94,12,39,61
94,13,56,43
94,14,48,64
94,15,36,41
94,16,29,43
94,17,46,42
94,18,51,47
94,19,31,53
94,20,41,40
94,21,42,53
94,22,27,61
94,23,32,47
94,24,40,47
94,25,39,51
94,26,33,42
94,27,44,66
94,28,52,43
94,29,46,51
94,30,29,40
94,31,32,60
94,32,50,57
94,33,49,51
94,34,38,49
94,35,46,56
94,36,51,44
94,37,48,58
94,38,49,69
94,39,41,51
94,40,24,52
94,41,35,58
94,42,37,68
94,43,65,29
94,44,48,41
94,45,54,44
94,46,51,35
94,47,40,55
94,48,54,38
94,49,48,59
94,50,61,51
94,51,34,45
94,52,46,59
94,53,33,52
94,54,42,64
94,55,52,63
94,56,45,70
94,57,35,40
94,58,44,38
94,59,39,38
94,60,49,42
94,61,48,54
94,62,55,48
94,63,56,56
94,64,29,44
94,65,37,40
94,66,43,53
94,67,36,54
94,68,54,46
94,69,54,67
94,70,41,69
94,71,63,35
94,72,46,44
94,73,44,56
94,74,54,36
94,75,51,49
94,76,36,37
94,77,54,52
94,78,44,47
94,79,48,57
94,80,47,72
94,81,44,69
94,82,42,55
94,83,55,64
94,84,38,59
94,85,49,28
94,86,68,43
94,87,42,57
94,88,61,41
94,89,53,55
94,90,47,40
94,91,42,54
94,92,47,41
94,93,65,34
94,94,42,62
94,95,46,52
94,96,52,61
94,97,52,40
94,98,66,53
94,99,63,46
94,100,50,50
94,101,45,42
94,102,51,51
94,103,45,48
94,104,34,56
94,105,50,37
94,106,54,59
94,107,60,55
94,108,40,69
94,109,51,54
94,110,43,45
94,111,46,47
94,112,57,57
94,113,48,29
94,114,35,35
94,115,48,44
94,116,45,41
94,117,60,41
94,118,37,54
94,119,64,33
94,120,63,48
94,121,62,37
94,122,55,46
94,123,41,54
94,124,51,61
94,125,44,61
94,126,62,58
94,127,44,44
94,128,67,32
94,129,50,35
94,130,49,54
94,131,48,43
94,132,59,36
94,133,63,52
94,134,44,50
94,135,46,45
94,136,51,63
94,137,65,58
94,138,40,63
94,139,37,74
94,140,42,59
94,141,51,24
94,142,50,44
94,143,45,66
94,144,52,46
94,145,55,40
94,146,57,48
94,147,76,52
94,148,54,63
94,149,54,51
94,150,60,62
94,151,46,64
94,152,47,52
94,153,41,49
94,154,60,60
94,155,61,42
94,156,51,36
94,157,55,42
94,158,49,45
94,159,67,44
94,160,64,52
94,161,55,53
94,162,46,40
94,163,67,49
94,164,65,50
94,165,50,48
94,166,43,51
94,167,58,46
94,168,39,56
94,169,60,48
94,170,43,47
94,171,59,51
94,172,65,41
94,173,57,54
94,174,64,49
94,175,61,46
94,176,62,47
94,177,53,41
94,178,70,60
94,179,43,66
94,180,50,58
94,181,64,67
94,182,56,55
94,183,51,55
94,184,66,54
94,185,45,37
94,186,62,56
94,187,46,48
94,188,62,67
94,189,63,44
94,190,63,42
94,191,32,57
94,192,51,38
94,193,52,53
94,194,59,49
94,195,63,53
94,196,64,55
95,1,53,29
95,2,52,57
95,3,36,65
95,4,37,45
95,5,33,53
95,6,40,35
95,7,44,57
95,8,48,49
95,9,25,57
95,10,22,61
95,11,37,60
95,12,38,62
95,13,57,44
95,14,47,63
95,15,37,42
95,16,30,43
95,17,46,41
95,18,50,46
95,19,31,54
95,20,40,40
95,21,42,52
95,22,26,60
95,23,32,48
95,24,39,48
95,25,38,50
95,26,33,43
95,27,45,67
95,28,53,43
95,29,47,51
95,30,28,41
95,31,31,61
95,32,51,56
95,33,48,50
95,34,39,49
95,35,45,56
95,36,52,45
95,37,47,57
95,38,48,68
95,39,42,51
95,40,24,51
95,41,35,59
95,42,38,67
95,43,65,30
95,44,47,42
95,45,53,44
95,46,50,34
95,47,39,55
95,48,53,37
95,49,48,58
95,50,62,52
95,51,33,45
95,52,46,60
95,53,34,51
95,54,41,63
95,55,52,62
95,56,45,71
95,57,36,40
95,58,45,39
95,59,38,37
95,60,48,41
95,61,47,53
95,62,54,47
95,63,55,57
95,64,28,43
95,65,36,39
95,66,44,52
95,67,36,53
95,68,55,47
95,69,54,66
95,70,41,68
95,71,62,35
95,72,45,43
95,73,43,57
95,74,53,36
95,75,51,50
95,76,35,37
95,77,54,53
95,78,45,47
95,79,48,56
95,80,48,73
95,81,45,69
95,82,43,55
95,83,56,65
95,84,39,59
95,85,48,28
95,86,67,43
95,87,43,56
95,88,60,42
95,89,54,56
95,90,47,39
95,91,41,53
95,92,48,42
95,93,66,33
95,94,43,62
95,95,46,53
95,96,53,62
95,97,52,39
95,98,67,52
95,99,62,46
95,100,49,51
95,101,44,43
95,102,52,52
95,103,45,49
95,104,33,56
95,105,50,36
95,106,55,59
95,107,61,56
95,108,40,70
95,109,51,53
95,110,42,44
95,111,47,48
95,112,58,56
95,113,49,30
95,114,36,35
95,115,49,43
95,116,46,42
95,117,61,40
95,118,38,54
95,119,65,32
95,120,62,48
95,121,61,38
95,122,56,47
95,123,40,54
95,124,50,60
95,125,45,61
95,126,61,59
95,127,44,45
95,128,68,33
95,129,49,35
95,130,48,54
95,131,49,42
95,132,60,36
95,133,62,51
95,134,45,50
95,135,47,46
95,136,51,62
95,137,65,59
95,138,40,62
95,139,38,74
95,140,41,60
95,141,51,25
95,142,50,45
95,143,44,67
95,144,51,45
95,145,56,39
95,146,57,49
95,147,75,52
95,148,55,63
95,149,55,52
95,150,61,62
95,151,47,65
95,152,46,52
95,153,40,48
95,154,61,60
95,155,61,41
95,156,52,36
95,157,55,43
95,158,49,46
95,159,66,44
95,160,63,51
95,161,54,52
95,162,45,40
95,163,68,49
95,164,66,50
95,165,49,49
95,166,44,51
95,167,57,45
95,168,40,57
95,169,59,48
95,170,44,47
95,171,60,50
95,172,65,40
95,173,58,54
95,174,63,48
95,175,60,46
95,176,61,47
95,177,52,41
95,178,71,59
95,179,44,65
95,180,49,59
95,181,64,66
95,182,55,55
95,183,51,54
95,184,65,54
95,185,45,36
95,186,61,57
95,187,45,48
95,188,62,68
95,189,64,45
95,190,64,43
95,191,32,56
95,192,51,39
95,193,52,54
95,194,60,49
95,195,64,52
95,196,64,54
96,1,52,29
96,2,53,56
96,3,35,65
96,4,38,45
96,5,34,54
96,6,41,36
96,7,43,58
96,8,47,50
96,9,24,57
96,10,22,60
96,11,36,60
96,12,39,61
96,13,56,45
96,14,46,62
96,15,38,42
96,16,30,44
96,17,45,42
96,18,51,47
96,19,32,53
96,20,41,41
96,21,43,53
96,22,27,59
96,23,33,47
96,24,38,48
96,25,39,50
96,26,32,44
96,27,44,66
96,28,54,43
96,29,48,52
96,30,28,42
96,31,31,60
96,32,51,57
96,33,48,49
96,34,39,48
96,35,46,57
96,36,51,46
96,37,46,56
96,38,48,67
96,39,41,50
96,40,23,52
96,41,35,60
96,42,38,66
96,43,64,29
96,44,48,43
96,45,53,45
96,46,50,35
96,47,40,55
96,48,52,37
96,49,49,57
96,50,61,51
96,51,34,44
96,52,45,60
96,53,35,51
96,54,42,64
96,55,52,61
96,56,46,70
96,57,37,41
96,58,44,39
96,59,38,36
96,60,49,41
96,61,48,53
96,62,55,48
96,63,55,56
96,64,29,42
96,65,35,38
96,66,44,53
96,67,36,52
96,68,54,47
96,69,53,67
96,70,42,68
96,71,61,35
96,72,46,43
96,73,44,58
96,74,53,35
96,75,50,51
96,76,35,36
96,77,53,54
96,78,46,48
96,79,47,57
96,80,47,72
96,81,44,68
96,82,44,54
96,83,55,64
96,84,40,59
96,85,49,29
96,86,68,44
96,87,42,57
96,88,60,41
96,89,53,57
96,90,46,39
96,91,42,52
96,92,47,43
96,93,66,32
96,94,42,63
96,95,47,53
96,96,53,63
96,97,53,39
96,98,68,52
96,99,61,46
96,100,50,52
96,101,43,43
96,102,52,53
96,103,44,49
96,104,32,55
96,105,51,35
96,106,54,60
96,107,60,56
96,108,41,70
96,109,50,53
96,110,41,43
96,111,48,47
96,112,59,55
96,113,48,31
96,114,37,36
96,115,48,44
96,116,46,41
96,117,62,40
96,118,39,55
96,119,65,31
96,120,63,47
96,121,62,37
96,122,57,46
96,123,41,53
96,124,51,60
96,125,46,60
96,126,61,58
96,127,44,46
96,128,68,34
96,129,50,36
96,130,47,55
96,131,50,42
96,132,61,36
96,133,62,50
96,134,44,50
96,135,46,46
96,136,50,61
96,137,66,58
96,138,41,61
96,139,37,75
96,140,40,60
96,141,50,24
96,142,49,45
96,143,43,68
96,144,52,45
96,145,57,38
96,146,56,48
96,147,74,53
96,148,56,62
96,149,55,53
96,150,62,63
96,151,47,66
96,152,46,51
96,153,41,47
96,154,60,61
96,155,60,42
96,156,51,36
96,157,56,44
96,158,50,45
96,159,65,45
96,160,63,50
96,161,54,51
96,162,45,41
96,163,68,50
96,164,67,51
96,165,50,48
96,166,43,50
96,167,58,45
96,168,41,57
96,169,60,47
96,170,43,47
96,171,59,50
96,172,66,40
96,173,59,53
96,174,62,47
96,175,59,45
96,176,61,48
96,177,51,41
96,178,70,59
96,179,45,65
96,180,48,59
96,181,63,66
96,182,56,54
96,183,50,55
96,184,64,55
96,185,46,35
96,186,62,58
96,187,44,47
96,188,62,67
96,189,63,45
96,190,65,44
96,191,33,55
96,192,52,40
96,193,51,54
96,194,60,48
96,195,64,53
96,196,63,53
97,1,53,30
97,2,52,56
97,3,34,66
97,4,39,46
97,5,34,55
97,6,42,37
97,7,44,59
97,8,48,51
97,9,25,58
97,10,23,59
97,11,37,59
97,12,38,62
97,13,56,46
97,14,46,61
97,15,39,41
97,16,29,45
97,17,44,42
97,18,50,46
97,19,33,52
97,20,41,40
97,21,42,54
97,22,26,60
97,23,32,48
97,24,39,47
97,25,40,49
97,26,33,45
97,27,43,67
97,28,53,43
97,29,49,52
97,30,29,43
97,31,32,61
97,32,51,58
97,33,49,50
97,34,40,48
97,35,45,56
97,36,51,45
97,37,47,56
97,38,49,67
97,39,41,49
97,40,22,52
97,41,34,61
97,42,38,65
97,43,63,28
97,44,48,42
97,45,53,44
97,46,51,34
97,47,40,54
97,48,53,38
97,49,49,56
97,50,60,50
97,51,34,43
97,52,45,61
97,53,34,51
97,54,43,63
97,55,53,60
97,56,46,69
97,57,36,40
97,58,45,39
97,59,37,35
97,60,50,41
97,61,49,53
97,62,55,49
97,63,56,55
97,64,29,41
97,65,36,39
97,66,44,52
97,67,37,51
97,68,55,48
97,69,54,67
97,70,42,67
97,71,62,36
97,72,46,44
97,73,45,59
97,74,54,34
97,75,50,50
97,76,35,37
97,77,54,55
97,78,45,48
97,79,46,56
97,80,46,72
97,81,45,67
97,82,44,53
97,83,54,63
97,84,41,58
97,85,49,30
97,86,67,43
97,87,43,58
97,88,60,40
97,89,54,56
97,90,46,40
97,91,43,53
97,92,46,42
97,93,66,33
97,94,41,64
97,95,48,52
97,96,53,62
97,97,54,40
97,98,68,53
97,99,62,46
97,100,50,51
97,101,42,42
97,102,53,52
97,103,45,49
97,104,31,54
97,105,52,34
97,106,53,59
97,107,60,55
97,108,42,70
97,109,50,54
97,110,40,43
97,111,47,46
97,112,60,54
97,113,49,32
97,114,38,37
97,115,49,44
97,116,47,41
97,117,61,39
97,118,38,55
97,119,66,31
97,120,63,48
97,121,63,36
97,122,57,47
97,123,41,54
97,124,52,59
97,125,45,60
97,126,60,58
97,127,45,46
97,128,69,35
97,129,49,37
97,130,48,55
97,131,49,43
97,132,61,35
97,133,61,51
97,134,44,49
97,135,45,47
97,136,51,62
97,137,66,57
97,138,42,62
97,139,36,74
97,140,41,60
97,141,50,25
97,142,48,46
97,143,43,69
97,144,53,45
97,145,57,39
97,146,56,49
97,147,74,54
97,148,56,61
97,149,54,54
97,150,63,64
97,151,48,65
97,152,45,51
97,153,41,46
97,154,59,60
97,155,59,42
97,156,50,35
97,157,57,44
97,158,49,45
97,159,65,46
97,160,64,49
97,161,55,52
97,162,45,40
97,163,67,49
97,164,68,51
97,165,49,49
97,166,42,50
97,167,59,44
97,168,42,58
97,169,61,46
97,170,42,47
97,171,58,49
97,172,65,40
97,173,59,54
97,174,62,48
97,175,60,46
97,176,60,47
97,177,50,42
97,178,71,59
97,179,46,65
97,180,48,58
97,181,64,65
97,182,55,54
97,183,49,55
97,184,65,55
97,185,45,36
97,186,61,58
97,187,43,46
97,188,63,66
97,189,64,44
97,190,65,43
97,191,33,56
97,192,51,40
97,193,51,55
97,194,59,49
97,195,63,52
97,196,62,53
98,1,54,29
98,2,52,57
98,3,35,67
98,4,40,47
98,5,33,55
98,6,41,36
98,7,43,59
98,8,47,52
98,9,24,59
98,10,24,60
98,11,36,59
98,12,38,63
98,13,55,45
98,14,47,60
98,15,38,40
98,16,28,45
98,17,43,42
98,18,51,47
98,19,34,52
98,20,40,39
98,21,42,55
98,22,27,61
98,23,33,49
98,24,39,48
98,25,39,49
98,26,34,45
98,27,44,66
98,28,52,43
98,29,48,51
98,30,30,42
98,31,31,60
98,32,50,58
98,33,48,50
98,34,41,47
98,35,44,57
98,36,50,45
98,37,46,55
98,38,49,68
98,39,40,48
98,40,21,52
98,41,33,62
98,42,39,66
98,43,64,28
98,44,48,41
98,45,54,44
98,46,50,34
98,47,40,53
98,48,52,38
98,49,50,57
98,50,59,51
98,51,33,44
98,52,44,60
98,53,35,50
98,54,42,64
98,55,54,61
98,56,45,70
98,57,37,41
98,58,44,40
98,59,36,34
98,60,51,42
98,61,49,54
98,62,55,50
98,63,57,56
98,64,30,40
98,65,35,40
98,66,43,51
98,67,37,52
98,68,54,47
98,69,53,66
98,70,43,68
98,71,61,37
98,72,45,45
98,73,46,60
98,74,55,35
98,75,51,50
98,76,34,36
98,77,53,55
98,78,46,47
98,79,46,57
98,80,47,73
98,81,46,66
98,82,43,52
98,83,55,62
98,84,40,58
98,85,48,30
98,86,68,44
98,87,42,59
98,88,59,41
98,89,55,56
98,90,45,39
98,91,44,52
98,92,45,42
98,93,67,34
98,94,41,63
98,95,49,52
98,96,53,63
98,97,53,40
98,98,69,53
98,99,61,47
98,100,51,51
98,101,43,41
98,102,53,53
98,103,45,50
98,104,31,53
98,105,53,35
98,106,54,59
98,107,61,56
98,108,42,71
98,109,50,55
98,110,39,42
98,111,47,45
98,112,59,55
98,113,48,31
98,114,39,38
98,115,48,43
98,116,46,40
98,117,60,40
98,118,38,56
98,119,67,32
98,120,64,47
98,121,63,37
98,122,58,48
98,123,42,53
98,124,53,59
98,125,45,61
98,126,59,57
98,127,44,45
98,128,70,34
98,129,50,37
98,130,48,56
98,131,48,44
98,132,62,35
98,133,61,52
98,134,43,49
98,135,46,46
98,136,52,61
98,137,67,56
98,138,43,61
98,139,37,73
98,140,41,59
98,141,50,26
98,142,47,47
98,143,43,70
98,144,54,45
98,145,56,38
98,146,55,48
98,147,75,55
98,148,56,60
98,149,54,55
98,150,64,64
98,151,47,65
98,152,46,50
98,153,42,45
98,154,60,60
98,155,60,42
98,156,49,35
98,157,56,43
98,158,50,44
98,159,66,45
98,160,63,48
98,161,55,53
98,162,45,41
98,163,67,48
98,164,67,51
98,165,49,48
98,166,43,50
98,167,58,43
98,168,43,58
98,169,62,47
98,170,41,46
98,171,59,48
98,172,66,40
98,173,60,54
98,174,63,47
98,175,59,45
98,176,61,46
98,177,49,42
98,178,70,58
98,179,46,64
98,180,47,57
98,181,65,66
98,182,54,54
98,183,48,54
98,184,66,56
98,185,46,36
98,186,61,57
98,187,44,47
98,188,62,67
98,189,65,45
98,190,64,44
98,191,34,57
98,192,52,40
98,193,52,54
98,194,58,50
98,195,63,51
98,196,62,54
99,1,53,28
99,2,53,57
99,3,36,67
99,4,40,46
99,5,32,55
99,6,42,35
99,7,42,60
99,8,46,51
99,9,23,60
99,10,24,59
99,11,35,60
99,12,39,64
99,13,56,46
99,14,48,60
99,15,38,41
99,16,28,44
99,17,44,41
99,18,52,47
99,19,34,51
99,20,41,38
99,21,42,56
99,22,27,62
99,23,34,50
99,24,38,47
99,25,38,50
99,26,35,44
99,27,45,66
99,28,53,43
99,29,48,52
99,30,31,41
99,31,31,59
99,32,51,57
99,33,47,51
99,34,42,48
99,35,45,57
99,36,49,46
99,37,47,54
99,38,50,67
99,39,39,49
99,40,21,53
99,41,32,61
99,42,39,67
99,43,64,27
99,44,48,42
99,45,53,44
99,46,51,33
99,47,41,54
99,48,51,38
99,49,49,57
99,50,58,52
99,51,33,43
99,52,44,59
99,53,34,49
99,54,43,65
99,55,53,62
99,56,46,69
99,57,36,42
99,58,43,39
99,59,37,34
99,60,51,43
99,61,49,55
99,62,55,51
99,63,58,55
99,64,29,39
99,65,35,41
99,66,42,52
99,67,36,53
99,68,54,48
99,69,52,66
99,70,42,67
99,71,62,38
99,72,45,46
99,73,45,59
99,74,54,35
99,75,50,49
99,76,34,35
99,77,54,56
99,78,47,48
99,79,46,56
99,80,48,73
99,81,45,67
99,82,43,51
99,83,54,61
99,84,39,59
99,85,49,29
99,86,68,45
99,87,41,58
99,88,58,42
99,89,55,57
99,90,45,38
99,91,44,51
99,92,46,41
99,93,67,33
99,94,41,62
99,95,50,51
99,96,53,64
99,97,54,40
99,98,68,52
99,99,60,47
99,100,52,50
99,101,42,40
99,102,54,53
99,103,45,51
99,104,30,54
99,105,52,36
99,106,53,58
99,107,62,57
99,108,41,71
99,109,51,56
99,110,40,43
99,111,46,44
99,112,60,55
99,113,49,31
99,114,40,37
99,115,47,44
99,116,46,39
99,117,61,41
99,118,37,56
99,119,66,32
99,120,65,47
99,121,64,37
99,122,57,48
99,123,41,53
99,124,54,60
99,125,45,62
99,126,60,56
99,127,44,44
99,128,69,35
99,129,50,38
99,130,48,55
99,131,49,44
99,132,62,34
99,133,61,53
99,134,44,50
99,135,45,47
99,136,52,62
99,137,67,57
99,138,42,62
99,139,36,74
99,140,40,58
99,141,49,26
99,142,48,47
99,143,44,70
99,144,54,44
99,145,56,39
99,146,56,47
99,147,75,54
99,148,57,61
99,149,53,55
99,150,64,65
99,151,47,66
99,152,45,49
99,153,42,46
99,154,59,59
99,155,59,42
99,156,50,34
99,157,55,42
99,158,49,45
99,159,65,46
99,160,64,48
99,161,55,54
99,162,45,40
99,163,66,49
99,164,67,50
99,165,49,49
99,166,43,49
99,167,57,43
99,168,44,58
99,169,62,46
99,170,42,47
99,171,59,47
99,172,66,41
99,173,60,53
99,174,63,46
99,175,59,44
99,176,61,45
99,177,50,43
99,178,71,58
99,179,47,64
99,180,48,57
99,181,65,67
99,182,53,53
99,183,49,53
99,184,66,57
99,185,45,35
99,186,60,57
99,187,44,48
99,188,63,67
99,189,65,44
99,190,63,45
99,191,35,57
99,192,53,40
99,193,53,54
99,194,59,49
99,195,64,52
99,196,62,55
100,1,53,27
100,2,54,58
100,3,36,66
100,4,41,46
100,5,31,55
100,6,43,34
100,7,43,60
100,8,47,50
100,9,22,59
100,10,25,59
100,11,35,59
100,12,40,63
100,13,55,47
100,14,47,61
100,15,39,40
100,16,28,45
100,17,45,41
100,18,53,48
100,19,33,52
100,20,42,39
100,21,41,56
100,22,26,63
100,23,33,51
100,24,37,46
100,25,37,51
100,26,36,45
100,27,44,66
100,28,54,42
100,29,47,53
100,30,30,42
100,31,32,58
100,32,50,56
100,33,46,51
100,34,43,47
100,35,44,56
100,36,48,46
100,37,48,53
100,38,51,67
100,39,40,49
100,40,20,52
100,41,33,61
100,42,39,68
100,43,63,28
100,44,48,41
100,45,52,43
100,46,51,34
100,47,40,53
100,48,50,39
100,49,50,57
100,50,59,51
100,51,33,44
100,52,45,60
100,53,34,50
100,54,44,64
100,55,54,63
100,56,47,70
100,57,36,41
100,58,44,38
100,59,38,33
100,60,50,42
100,61,49,56
100,62,54,51
100,63,59,56
100,64,28,40
100,65,35,42
100,66,43,52
100,67,37,52
100,68,54,49
100,69,52,67
100,70,42,66
100,71,61,39
100,72,44,45
100,73,46,59
100,74,53,34
100,75,50,50
100,76,34,36
100,77,53,56
100,78,46,47
100,79,47,56
100,80,49,73
100,81,45,66
100,82,42,52
100,83,54,62
100,84,38,59
100,85,49,28
100,86,68,44
100,87,42,58
100,88,59,41
100,89,56,57
100,90,45,37
100,91,45,52
100,92,47,42
100,93,66,33
100,94,40,61
100,95,49,52
100,96,52,64
100,97,55,40
100,98,67,53
100,99,60,48
100,100,53,49
100,101,41,41
100,102,53,52
100,103,44,52
100,104,29,53
100,105,51,35
100,106,53,59
100,107,63,57
100,108,40,70
100,109,51,55
100,110,41,43
100,111,47,45
100,112,61,55
100,113,49,32
100,114,39,37
100,115,46,44
100,116,47,38
100,117,62,41
100,118,36,56
100,119,65,33
100,120,65,48
100,121,64,36
100,122,57,49
100,123,40,54
100,124,53,61
100,125,44,62
100,126,61,57
100,127,43,43
100,128,70,36
100,129,49,38
100,130,47,54
100,131,49,43
100,132,61,33
100,133,61,52
100,134,44,51
100,135,45,48
100,136,52,61
100,137,68,56
100,138,43,62
100,139,36,73
100,140,40,59
100,141,48,26
100,142,49,46
100,143,45,69
100,144,54,45
100,145,55,38
100,146,57,48
100,147,74,54
100,148,58,60
100,149,54,54
100,150,65,66
100,151,46,65
100,152,46,50
100,153,43,46
100,154,60,59
100,155,58,43
100,156,51,33
100,157,56,43
100,158,50,46
100,159,65,45
100,160,63,49
100,161,54,53
100,162,46,39
100,163,65,50
100,164,68,50
100,165,48,48
100,166,42,48
100,167,56,42
100,168,45,58
100,169,61,47
100,170,43,48
100,171,59,46
100,172,66,42
100,173,60,54
100,174,62,45
100,175,59,45
100,176,62,46
100,177,50,44
100,178,70,57
100,179,46,63
100,180,49,57
100,181,65,68
100,182,52,52
100,183,48,52
100,184,66,58
100,185,46,34
100,186,59,57
100,187,45,47
100,188,63,68
100,189,64,43
100,190,64,44
100,191,34,56
100,192,52,39
100,193,52,54
100,194,58,49
100,195,65,53
100,196,62,56
101,1,54,28
101,2,55,57
101,3,37,65
101,4,40,46
101,5,32,55
101,6,42,33
101,7,43,61
101,8,48,51
101,9,22,60
101,10,24,59
101,11,34,60
101,12,41,62
101,13,54,47
101,14,47,60
101,15,40,39
101,16,27,45
101,17,44,40
101,18,52,48
101,19,33,53
101,20,42,40
101,21,42,55
101,22,27,63
101,23,34,51
101,24,37,45
101,25,38,51
101,26,36,46
101,27,43,67
101,28,55,42
101,29,47,52
101,30,30,41
101,31,31,59
101,32,51,56
101,33,47,50
101,34,42,46
101,35,44,55
101,36,49,45
101,37,48,54
101,38,51,68
101,39,39,48
101,40,19,52
101,41,32,60
101,42,38,67
101,43,63,27
101,44,48,42
101,45,51,44
101,46,50,33
101,47,41,53
101,48,51,39
101,49,49,58
101,50,58,52
101,51,32,43
101,52,44,60
101,53,35,49
101,54,44,65
101,55,54,64
101,56,48,71
101,57,35,40
101,58,43,39
101,59,37,34
101,60,51,41
101,61,50,57
101,62,54,50
101,63,60,56
101,64,27,40
101,65,35,41
101,66,42,53
101,67,37,51
101,68,54,48
101,69,53,66
101,70,43,66
101,71,60,40
101,72,45,46
101,73,45,59
101,74,53,33
101,75,49,49
101,76,34,37
101,77,52,57
101,78,47,47
101,79,48,57
101,80,50,72
101,81,45,65
101,82,42,51
101,83,55,63
101,84,38,60
101,85,48,27
101,86,67,43
101,87,42,57
101,88,58,42
101,89,56,58
101,90,44,37
101,91,45,53
101,92,46,41
101,93,66,32
101,94,39,60
101,95,50,52
101,96,51,65
101,97,55,41
101,98,66,54
101,99,59,49
101,100,53,50
101,101,40,41
101,102,53,53
101,103,43,51
101,104,30,53
101,105,51,36
101,106,53,58
101,107,62,57
101,108,39,71
101,109,50,56
101,110,42,43
101,111,48,45
101,112,62,54
101,113,50,32
101,114,38,38
101,115,46,43
101,116,48,37
101,117,61,40
101,118,36,55
101,119,64,33
101,120,65,49
101,121,63,35
101,122,57,50
101,123,40,53
101,124,52,60
101,125,44,61
101,126,61,56
101,127,42,42
101,128,71,35
101,129,48,38
101,130,48,53
101,131,49,44
101,132,62,32
101,133,62,53
101,134,44,50
101,135,46,49
101,136,51,61
101,137,69,57
101,138,42,61
101,139,36,74
101,140,41,59
101,141,47,25
101,142,48,46
101,143,45,70
101,144,55,44
101,145,54,39
101,146,56,47
101,147,75,53
101,148,57,60
101,149,54,55
101,150,65,67
101,151,47,66
101,152,47,51
101,153,44,45
101,154,60,58
101,155,59,42
101,156,51,34
101,157,57,42
101,158,51,47
101,159,64,45
101,160,62,49
101,161,55,54
101,162,47,40
101,163,66,51
101,164,67,51
101,165,47,48
101,166,41,49
101,167,57,43
101,168,46,59
101,169,60,46
101,170,44,47
101,171,58,45
101,172,65,42
101,173,59,55
101,174,61,44
101,175,58,44
101,176,63,45
101,177,50,43
101,178,69,58
101,179,47,63
101,180,48,56
101,181,66,69
101,182,51,53
101,183,49,52
101,184,65,59
101,185,45,33
101,186,59,58
101,187,46,47
101,188,64,69
101,189,63,44
101,190,63,43
101,191,34,55
101,192,51,40
101,193,52,53
101,194,58,50
101,195,66,52
101,196,61,55
102,1,55,27
102,2,56,57
102,3,36,65
102,4,40,45
102,5,33,54
102,6,41,32
102,7,43,60
102,8,48,52
102,9,21,59
102,10,25,60
102,11,33,60
102,12,41,63
102,13,54,46
102,14,48,59
102,15,39,39
102,16,26,45
102,17,43,41
102,18,51,48
102,19,34,53
102,20,42,41
102,21,41,54
102,22,26,64
102,23,35,52
102,24,36,45
102,25,38,50
102,26,36,47
102,27,42,66
102,28,54,43
102,29,46,51
102,30,30,42
102,31,31,60
102,32,50,55
102,33,48,50
102,34,42,47
102,35,44,54
102,36,50,46
102,37,49,54
102,38,52,67
102,39,40,47
102,40,20,53
102,41,31,61
102,42,38,66
102,43,62,26
102,44,48,43
102,45,52,44
102,46,51,33
102,47,42,54
102,48,52,39
102,49,50,59
102,50,57,51
102,51,33,42
102,52,43,59
102,53,34,48
102,54,43,65
102,55,53,63
102,56,49,70
102,57,35,39
102,58,43,38
102,59,36,35
102,60,52,41
102,61,49,56
102,62,53,51
102,63,59,56
102,64,28,39
102,65,35,40
102,66,41,53
102,67,37,52
102,68,53,47
102,69,52,65
102,70,42,65
102,71,59,39
102,72,46,45
102,73,46,60
102,74,54,34
102,75,49,50
102,76,33,37
102,77,51,57
102,78,47,46
102,79,47,56
102,80,51,72
102,81,46,65
102,82,42,50
102,83,56,62
102,84,38,59
102,85,49,26
102,86,68,43
102,87,42,58
102,88,59,43
102,89,55,59
102,90,43,36
102,91,46,53
102,92,46,42
102,93,67,32
102,94,40,61
102,95,49,53
102,96,50,65
102,97,56,41
102,98,65,54
102,99,58,48
102,100,54,50
102,101,40,40
102,102,52,52
102,103,43,50
102,104,29,52
102,105,52,37
102,106,52,59
102,107,63,56
102,108,40,72
102,109,50,57
102,110,43,43
102,111,49,45
102,112,63,53
102,113,49,32
102,114,37,38
102,115,47,42
102,116,49,36
102,117,62,39
102,118,35,54
102,119,63,34
102,120,66,50
102,121,64,36
102,122,58,49
102,123,39,54
102,124,52,61
102,125,44,62
102,126,60,56
102,127,41,42
102,128,72,35
102,129,47,38
102,130,48,54
102,131,50,44
102,132,62,33
102,133,62,54
102,134,43,49
102,135,46,48
102,136,50,62
102,137,68,57
102,138,42,60
102,139,35,75
102,140,40,58
102,141,47,24
102,142,47,47
102,143,44,69
102,144,54,45
102,145,55,38
102,146,55,47
102,147,74,52
102,148,56,59
102,149,53,54
102,150,65,68
102,151,48,67
102,152,47,52
102,153,45,45
102,154,59,57
102,155,58,42
102,156,52,34
102,157,57,41
102,158,50,48
102,159,64,46
102,160,61,50
102,161,55,53
102,162,46,40
102,163,67,50
102,164,66,51
102,165,48,47
102,166,40,50
102,167,56,43
102,168,47,60
102,169,60,47
102,170,43,46
102,171,59,46
102,172,64,41
102,173,59,54
102,174,60,44
102,175,58,45
102,176,64,44
102,177,49,44
102,178,68,59
102,179,46,64
102,180,49,55
102,181,66,68
102,182,51,52
102,183,48,51
102,184,65,58
102,185,45,34
102,186,60,57
102,187,45,47
102,188,64,68
102,189,62,45
102,190,63,44
102,191,33,55
102,192,52,40
102,193,52,54
102,194,59,49
102,195,65,53
102,196,61,56
103,1,55,26
103,2,55,58
103,3,35,65
103,4,40,44
103,5,32,53
103,6,42,33
103,7,44,59
103,8,49,52
103,9,20,59
103,10,24,59
103,11,34,61
103,12,40,62
103,13,55,45
103,14,48,60
103,15,39,40
103,16,25,45
103,17,44,40
103,18,50,49
103,19,33,53
103,20,43,40
103,21,41,55
103,22,25,65
103,23,34,52
103,24,37,44
103,25,39,50
103,26,37,46
103,27,41,67
103,28,53,42
103,29,45,50
103,30,31,42
103,31,32,60
103,32,51,55
103,33,47,49
103,34,43,47
103,35,44,55
103,36,50,47
103,37,50,53
103,38,51,67
103,39,40,46
103,40,21,52
103,41,30,61
103,42,37,67
103,43,61,25
103,44,47,43
103,45,53,45
103,46,50,34
103,47,42,53
103,48,51,39
103,49,50,60
103,50,58,50
103,51,33,43
103,52,42,59
103,53,35,47
103,54,42,64
103,55,53,64
103,56,50,69
103,57,36,38
103,58,43,39
103,59,35,35
103,60,51,40
103,61,48,57
103,62,52,51
103,63,60,55
103,64,27,39
103,65,35,41
103,66,42,54
103,67,37,51
103,68,52,46
103,69,51,65
103,70,43,66
103,71,59,40
103,72,46,44
103,73,45,61
103,74,54,33
103,75,49,49
103,76,32,37
103,77,52,58
103,78,46,45
103,79,46,55
103,80,52,73
103,81,47,64
103,82,42,51
103,83,55,62
103,84,39,60
103,85,48,26
103,86,68,44
103,87,43,58
103,88,58,44
103,89,54,58
103,90,44,35
103,91,45,54
103,92,46,43
103,93,67,33
103,94,41,61
103,95,48,53
103,96,51,66
103,97,55,42
103,98,64,54
103,99,57,49
103,100,53,50
103,101,41,39
103,102,53,52
103,103,44,50
103,104,28,53
103,105,51,36
103,106,53,59
103,107,62,55
103,108,39,72
103,109,50,56
103,110,43,42
103,111,50,45
103,112,63,54
103,113,50,31
103,114,38,37
103,115,48,41
103,116,49,35
103,117,62,40
103,118,34,53
103,119,64,33
103,120,66,49
103,121,65,37
103,122,59,50
103,123,38,53
103,124,53,62
103,125,45,62
103,126,59,56
103,127,41,43
103,128,72,34
103,129,46,38
103,130,48,55
103,131,51,44
103,132,61,33
103,133,61,55
103,134,43,50
103,135,45,49
103,136,51,61
103,137,68,58
103,138,42,61
103,139,36,74
103,140,40,57
103,141,46,24
103,142,48,48
103,143,45,68
103,144,54,44
103,145,56,38
103,146,55,48
103,147,74,53
103,148,57,58
103,149,52,53
103,150,64,69
103,151,48,68
103,152,46,53
103,153,44,45
103,154,60,58
103,155,57,43
103,156,51,35
103,157,57,42
103,158,49,48
103,159,65,46
103,160,62,49
103,161,54,54
103,162,47,41
103,163,66,50
103,164,65,52
103,165,47,47
103,166,40,51
103,167,56,42
103,168,47,59
103,169,59,48
103,170,43,45
103,171,60,46
103,172,63,41
103,173,59,53
103,174,60,45
103,175,57,46
103,176,65,43
103,177,49,45
103,178,69,59
103,179,46,63
103,180,48,56
103,181,65,69
103,182,52,52
103,183,49,51
103,184,64,58
103,185,46,34
103,186,61,57
103,187,45,46
103,188,64,67
103,189,62,46
103,190,62,45
103,191,34,56
103,192,53,40
103,193,51,53
103,194,58,48
103,195,64,52
103,196,62,57
104,1,56,27
104,2,54,59
104,3,35,66
104,4,39,44
104,5,31,52
104,6,41,32
104,7,43,60
104,8,48,51
104,9,20,60
104,10,25,59
104,11,33,60
104,12,39,61
104,13,56,45
104,14,49,59
104,15,39,41
104,16,25,46
104,17,45,39
104,18,49,50
104,19,33,54
104,20,42,40
104,21,41,56
104,22,25,66
104,23,35,51
104,24,38,45
104,25,39,51
104,26,38,47
104,27,42,66
104,28,54,41
104,29,46,49
104,30,32,41
104,31,33,59
104,32,50,55
104,33,46,50
104,34,44,46
104,35,43,56
104,36,49,46
104,37,51,54
104,38,51,68
104,39,41,47
104,40,20,51
104,41,30,60
104,42,36,68
104,43,61,26
104,44,47,42
104,45,53,44
104,46,49,33
104,47,43,52
104,48,52,38
104,49,49,60
104,50,58,49
104,51,32,43
104,52,41,59
104,53,36,47
104,54,42,63
104,55,53,65
104,56,50,68
104,57,37,39
104,58,44,40
104,59,34,34
104,60,52,39
104,61,47,56
104,62,51,52
104,63,59,55
104,64,27,40
104,65,34,40
104,66,43,55
104,67,38,52
104,68,51,47
104,69,52,65
104,70,43,67
104,71,58,41
104,72,45,44
104,73,46,62
104,74,53,33
104,75,48,50
104,76,33,37
104,77,51,59
104,78,47,45
104,79,45,55
104,80,52,74
104,81,47,63
104,82,42,50
104,83,56,61
104,84,38,60
104,85,49,27
104,86,67,43
104,87,42,59
104,88,58,45
104,89,55,57
104,90,43,35
104,91,46,54
104,92,45,42
104,93,66,33
104,94,41,60
104,95,49,52
104,96,52,67
104,97,54,43
104,98,64,55
104,99,56,48
104,100,52,49
104,101,42,38
104,102,53,51
104,103,44,51
104,104,27,52
104,105,50,35
104,106,52,60
104,107,62,56
104,108,39,73
104,109,49,57
104,110,44,41
104,111,51,46
104,112,62,53
104,113,51,31
104,114,37,38
104,115,48,42
104,116,49,36
104,117,62,39
104,118,33,53
104,119,63,32
104,120,65,50
104,121,64,37
104,122,59,51
104,123,38,54
104,124,53,63
104,125,46,61
104,126,60,56
104,127,40,44
104,128,71,33
104,129,47,37
104,130,48,54
104,131,50,43
104,132,60,33
104,133,61,54
104,134,43,49
104,135,44,50
104,136,50,62
104,137,67,57
104,138,41,61
104,139,37,75
104,140,39,56
104,141,46,25
104,142,49,47
104,143,46,68
104,144,53,45
104,145,56,37
104,146,54,48
104,147,75,54
104,148,58,58
104,149,53,54
104,150,63,68
104,151,47,67
104,152,46,52
104,153,43,46
104,154,61,59
104,155,58,44
104,156,51,36
104,157,56,41
104,158,48,47
104,159,64,46
104,160,61,48
104,161,55,53
104,162,48,40
104,163,67,51
104,164,65,51
104,165,46,46
104,166,40,50
104,167,55,43
104,168,48,60
104,169,60,49
104,170,42,44
104,171,59,47
104,172,64,40
104,173,60,54
104,174,59,45
104,175,58,46
104,176,64,42
104,177,49,44
104,178,68,60
104,179,45,64
104,180,49,56
104,181,65,70
104,182,53,52
104,183,50,51
104,184,64,57
104,185,45,33
104,186,62,58
104,187,45,45
104,188,65,66
104,189,63,46
104,190,61,45
104,191,34,55
104,192,53,41
104,193,50,53
104,194,57,47
104,195,65,52
104,196,61,58
105,1,55,26
105,2,55,58
105,3,36,66
105,4,38,43
105,5,30,51
105,6,40,31
105,7,44,61
105,8,49,51
105,9,20,59
105,10,26,58
105,11,32,59
105,12,39,62
105,13,57,45
105,14,50,59
105,15,40,40
105,16,26,47
105,17,46,38
105,18,49,49
105,19,33,55
105,20,43,41
105,21,41,57
105,22,26,65
105,23,36,50
105,24,37,46
105,25,38,50
105,26,39,47
105,27,41,66
105,28,54,40
105,29,45,48
105,30,33,42
105,31,32,60
105,32,49,54
105,33,45,50
105,34,44,45
105,35,43,57
105,36,50,45
105,37,50,54
105,38,50,67
105,39,41,48
105,40,20,52
105,41,31,60
105,42,35,67
105,43,62,25
105,44,46,42
105,45,52,43
105,46,48,34
105,47,42,53
105,48,52,37
105,49,50,60
105,50,59,50
105,51,31,42
105,52,42,58
105,53,35,47
105,54,42,64
105,55,53,64
105,56,51,68
105,57,36,38
105,58,43,40
105,59,33,35
105,60,53,39
105,61,46,56
105,62,52,52
105,63,60,55
105,64,28,39
105,65,33,39
105,66,43,56
105,67,37,53
105,68,50,46
105,69,51,65
105,70,44,67
105,71,57,41
105,72,44,44
105,73,46,63
105,74,54,32
105,75,47,50
105,76,33,36
105,77,52,58
105,78,46,45
105,79,44,55
105,80,53,75
105,81,48,63
105,82,41,49
105,83,55,60
105,84,37,60
105,85,50,27
105,86,68,44
105,87,43,58
105,88,57,46
105,89,54,57
105,90,44,34
105,91,45,53
105,92,45,41
105,93,67,32
105,94,40,61
105,95,50,52
105,96,52,68
105,97,54,44
105,98,65,56
105,99,55,48
105,100,51,49
105,101,43,38
105,102,54,50
105,103,43,50
105,104,26,52
105,105,51,34
105,106,52,61
105,107,62,57
105,108,39,74
105,109,48,58
105,110,43,42
105,111,52,47
105,112,61,52
105,113,51,32
105,114,36,37
105,115,49,42
105,116,48,36
105,117,62,38
105,118,34,53
105,119,62,31
105,120,66,49
105,121,63,38
105,122,58,50
105,123,39,55
105,124,54,64
105,125,46,62
105,126,61,57
105,127,39,45
105,128,70,32
105,129,46,37
105,130,47,55
105,131,50,44
105,132,61,34
105,133,62,55
105,134,44,48
105,135,43,51
105,136,51,62
105,137,68,58
105,138,41,62
105,139,38,74
105,140,38,55
105,141,45,24
105,142,48,46
105,143,45,68
105,144,52,46
105,145,57,37
105,146,55,49
105,147,74,55
105,148,58,57
105,149,54,54
105,150,62,69
105,151,47,68
105,152,47,53
105,153,44,47
105,154,62,60
105,155,57,43
105,156,50,36
105,157,55,40
105,158,47,46
105,159,63,45
105,160,60,48
105,161,56,52
105,162,49,41
105,163,66,52
105,164,64,51
105,165,47,45
105,166,39,49
105,167,56,43
105,168,48,61
105,169,61,48
105,170,43,44
105,171,59,48
105,172,65,40
105,173,61,53
105,174,59,46
105,175,59,47
105,176,64,43
105,177,48,43
105,178,67,60
105,179,46,65
105,180,50,56
105,181,66,70
105,182,52,51
105,183,49,52
105,184,63,58
105,185,45,32
105,186,63,59
105,187,45,44
105,188,65,65
105,189,64,47
105,190,60,45
105,191,35,54
105,192,53,40
105,193,51,52
105,194,58,46
105,195,65,53
105,196,60,59
106,1,55,25
106,2,54,59
106,3,37,67
106,4,39,44
106,5,30,50
106,6,41,30
106,7,43,62
106,8,49,50
106,9,21,59
106,10,27,58
106,11,31,59
106,12,39,63
106,13,56,46
106,14,51,59
106,15,39,40
106,16,25,46
106,17,45,37
106,18,48,49
106,19,34,54
106,20,44,42
106,21,41,58
106,22,26,64
106,23,35,49
106,24,37,45
106,25,38,51
106,26,38,47
106,27,41,67
106,28,55,41
106,29,46,48
106,30,34,42
106,31,31,61
106,32,48,53
106,33,44,49
106,34,44,46
106,35,44,58
106,36,49,45
106,37,49,55
106,38,49,66
106,39,40,49
106,40,19,51
106,41,32,60
106,42,34,67
106,43,61,24
106,44,45,43
106,45,53,42
106,46,47,33
106,47,41,54
106,48,51,37
106,49,51,61
106,50,59,49
106,51,30,43
106,52,42,57
106,53,35,48
106,54,42,63
106,55,53,65
106,56,52,69
106,57,36,39
106,58,42,40
106,59,32,36
106,60,54,38
106,61,45,56
106,62,51,51
106,63,59,54
106,64,27,39
106,65,33,40
106,66,43,55
106,67,37,54
106,68,50,45
106,69,51,64
106,70,44,68
106,71,57,42
106,72,43,43
106,73,47,63
106,74,55,33
106,75,46,49
106,76,34,36
106,77,51,57
106,78,47,44
106,79,44,54
106,80,52,74
106,81,48,64
106,82,42,49
106,83,55,61
106,84,36,60
106,85,50,26
106,86,67,44
106,87,44,59
106,88,56,47
106,89,55,57
106,90,45,35
106,91,46,54
106,92,44,41
106,93,67,33
106,94,41,61
106,95,50,51
106,96,51,68
106,97,55,45
106,98,64,56
106,99,54,47
106,100,52,49
106,101,44,38
106,102,55,51
106,103,43,49
106,104,27,51
106,105,50,34
106,106,51,60
106,107,62,56
106,108,40,75
106,109,49,59
106,110,42,41
106,111,51,47
106,112,60,52
106,113,50,32
106,114,35,36
106,115,50,43
106,116,49,37
106,117,63,37
106,118,33,52
106,119,61,32
106,120,66,48
106,121,62,39
106,122,57,50
106,123,39,56
106,124,54,63
106,125,47,61
106,126,60,56
106,127,40,45
106,128,69,32
106,129,47,36
106,130,47,54
106,131,49,43
106,132,60,35
106,133,63,54
106,134,43,47
106,135,44,51
106,136,52,63
106,137,67,57
106,138,42,61
106,139,39,73
106,140,39,54
106,141,46,25
106,142,49,46
106,143,45,69
106,144,53,46
106,145,56,36
106,146,56,49
106,147,75,54
106,148,57,56
106,149,55,55
106,150,61,69
106,151,46,67
106,152,48,54
106,153,43,46
106,154,61,59
106,155,58,44
106,156,49,35
106,157,55,39
106,158,48,46
106,159,62,46
106,160,60,49
106,161,56,51
106,162,50,40
106,163,66,51
106,164,64,50
106,165,48,44
106,166,40,50
106,167,56,44
106,168,49,61
106,169,62,48
106,170,42,45
106,171,58,49
106,172,66,41
106,173,62,54
106,174,59,45
106,175,59,48
106,176,63,43
106,177,49,44
106,178,68,60
106,179,47,65
106,180,50,57
106,181,67,71
106,182,53,52
106,183,48,52
106,184,63,57
106,185,46,31
106,186,62,58
106,187,44,43
106,188,66,64
106,189,65,46
106,190,60,44
106,191,36,54
106,192,52,40
106,193,51,53
106,194,59,46
106,195,64,54
106,196,59,60
107,1,55,26
107,2,53,59
107,3,36,67
107,4,39,45
107,5,29,51
107,6,41,31
107,7,44,62
107,8,48,50
107,9,22,58
107,10,27,57
107,11,30,59
107,12,40,62
107,13,55,46
107,14,52,60
107,15,38,40
107,16,24,46
107,17,45,36
107,18,49,48
107,19,34,55
107,20,45,42
107,21,40,57
107,22,27,65
107,23,36,49
107,24,36,44
107,25,37,50
107,26,39,46
107,27,40,68
107,28,54,41
107,29,45,49
107,30,34,43
107,31,32,62
107,32,47,52
107,33,43,48
107,34,45,47
107,35,45,58
107,36,48,45
107,37,48,55
107,38,48,66
107,39,41,49
107,40,19,50
107,41,31,61
107,42,33,66
107,43,60,23
107,44,46,43
107,45,53,41
107,46,46,33
107,47,40,55
107,48,50,38
107,49,52,61
107,50,60,50
107,51,30,44
107,52,41,57
107,53,34,48
107,54,43,64
107,55,52,65
107,56,52,68
107,57,36,40
107,58,42,39
107,59,33,36
107,60,54,39
107,61,46,55
107,62,50,52
107,63,58,53
107,64,28,38
107,65,32,40
107,66,43,56
107,67,37,55
107,68,51,44
107,69,50,64
107,70,43,69
107,71,57,41
107,72,44,42
107,73,48,63
107,74,56,34
107,75,46,48
107,76,34,35
107,77,52,58
107,78,48,43
107,79,45,55
107,80,51,74
107,81,49,65
107,82,41,48
107,83,56,61
107,84,36,59
107,85,50,27
107,86,66,43
107,87,45,60
107,88,56,46
107,89,56,56
107,90,44,36
107,91,45,53
107,92,45,40
107,93,66,32
107,94,41,62
107,95,51,50
107,96,50,67
107,97,54,45
107,98,64,57
107,99,53,48
107,100,52,48
107,101,45,39
107,102,56,52
107,103,44,48
107,104,28,52
107,105,51,35
107,106,50,59
107,107,62,55
107,108,40,76
107,109,50,58
107,110,43,41
107,111,52,47
107,112,60,53
107,113,51,31
107,114,35,37
107,115,51,43
107,116,50,37
107,117,64,36
107,118,32,51
107,119,60,31
107,120,65,47
107,121,62,40
107,122,58,51
107,123,39,57
107,124,54,62
107,125,46,62
107,126,59,57
107,127,40,44
107,128,68,31
107,129,48,35
107,130,46,53
107,131,49,42
107,132,60,36
107,133,64,53
107,134,42,47
107,135,43,52
107,136,53,62
107,137,68,57
107,138,42,60
107,139,39,72
107,140,38,55
107,141,47,25
107,142,50,46
107,143,44,69
107,144,52,45
107,145,57,35
107,146,55,48
107,147,76,54
107,148,57,57
107,149,54,55
107,150,60,70
107,151,46,66
107,152,49,54
107,153,44,45
107,154,60,59
107,155,58,45
107,156,48,36
107,157,55,40
107,158,47,45
107,159,61,47
107,160,61,48
107,161,55,50
107,162,51,41
107,163,65,50
107,164,65,51
107,165,49,45
107,166,41,51
107,167,56,43
107,168,49,62
107,169,63,48
107,170,42,46
107,171,59,50
107,172,65,41
107,173,61,53
107,174,58,46
107,175,60,48
107,176,62,44
107,177,50,45
107,178,69,60
107,179,48,64
107,180,49,57
107,181,66,72
107,182,53,53
107,183,49,53
107,184,62,57
107,185,45,30
107,186,62,59
107,187,45,43
107,188,66,65
107,189,65,45
107,190,59,45
107,191,37,53
107,192,52,41
107,193,52,54
107,194,60,45
107,195,65,55
107,196,58,60
108,1,54,27
108,2,53,58
108,3,35,68
108,4,38,46
108,5,30,50
108,6,41,30
108,7,44,61
108,8,47,50
108,9,21,57
108,10,28,56
108,11,30,60
108,12,39,63
108,13,55,47
108,14,51,59
108,15,37,40
108,16,24,47
108,17,46,37
108,18,50,49
108,19,33,56
108,20,44,43
108,21,39,56
108,22,28,66
108,23,36,50
108,24,36,45
108,25,37,51
108,26,40,45
108,27,41,68
108,28,53,40
108,29,45,48
108,30,34,44
108,31,33,61
108,32,46,52
108,33,43,47
108,34,45,46
108,35,44,58
108,36,48,44
108,37,47,55
108,38,49,66
108,39,42,49
108,40,20,51
108,41,31,62
108,42,32,65
108,43,61,23
108,44,45,42
108,45,54,40
108,46,47,33
108,47,40,56
108,48,51,38
108,49,52,62
108,50,59,49
108,51,29,45
108,52,40,58
108,53,35,49
108,54,44,64
108,55,51,65
108,56,51,68
108,57,35,39
108,58,43,39
108,59,33,35
108,60,54,38
108,61,45,56
108,62,50,51
108,63,59,54
108,64,28,39
108,65,33,39
108,66,42,55
108,67,36,54
108,68,50,44
108,69,50,63
108,70,42,69
108,71,58,40
108,72,43,42
108,73,47,64
108,74,57,33
108,75,47,48
108,76,35,34
108,77,51,57
108,78,48,42
108,79,44,54
108,80,50,74
108,81,50,66
108,82,42,48
108,83,57,62
108,84,37,59
108,85,50,26
108,86,65,42
108,87,46,60
108,88,57,46
108,89,56,57
108,90,45,35
108,91,44,52
108,92,46,39
108,93,67,31
108,94,42,63
108,95,51,49
108,96,51,67
108,97,53,45
108,98,65,56
108,99,54,47
108,100,51,47
108,101,45,40
108,102,55,51
108,103,43,49
108,104,29,52
108,105,52,36
108,106,49,58
108,107,63,55
108,108,41,75
108,109,50,59
108,110,44,40
108,111,52,48
108,112,59,52
108,113,52,32
108,114,35,38
108,115,51,44
108,116,51,37
108,117,63,37
108,118,32,50
108,119,60,30
108,120,65,46
108,121,61,39
108,122,59,51
108,123,38,58
108,124,53,61
108,125,45,61
108,126,60,57
108,127,40,43
108,128,68,32
108,129,48,34
108,130,45,53
108,131,48,41
108,132,61,36
108,133,64,54
108,134,41,48
108,135,43,51
108,136,53,63
108,137,67,58
108,138,43,60
108,139,40,73
108,140,37,56
108,141,48,26
108,142,51,45
108,143,44,68
108,144,51,46
108,145,58,36
108,146,55,49
108,147,77,55
108,148,57,56
108,149,55,56
108,150,60,69
108,151,46,65
108,152,48,53
108,153,44,46
108,154,60,60
108,155,57,45
108,156,47,36
108,157,56,41
108,158,46,44
108,159,61,46
108,160,60,47
108,161,54,50
108,162,52,42
108,163,66,51
108,164,64,51
108,165,50,46
108,166,41,50
108,167,55,44
108,168,50,62
108,169,62,47
108,170,43,46
108,171,58,49
108,172,64,41
108,173,62,53
108,174,59,46
108,175,59,47
108,176,61,43
108,177,49,45
108,178,70,59
108,179,49,64
108,180,48,58
108,181,67,73
108,182,53,52
108,183,50,53
108,184,62,58
108,185,45,29
108,186,61,59
108,187,44,44
108,188,67,66
108,189,64,46
108,190,58,45
108,191,38,53
108,192,51,42
108,193,53,54
108,194,59,44
108,195,64,56
108,196,59,59
109,1,55,27
109,2,54,58
109,3,36,67
109,4,39,46
109,5,31,49
109,6,40,30
109,7,45,62
109,8,48,51
109,9,22,57
109,10,27,57
109,11,29,61
109,12,40,62
109,13,55,48
109,14,52,59
109,15,37,39
109,16,25,46
109,17,45,37
109,18,49,48
109,19,32,55
109,20,43,43
109,21,38,56
109,22,27,67
109,23,35,50
109,24,35,46
109,25,38,52
109,26,40,44
109,27,41,69
109,28,53,39
109,29,46,48
109,30,33,45
109,31,33,60
109,32,46,53
109,33,43,48
109,34,46,47
109,35,45,57
109,36,47,44
109,37,46,55
109,38,49,65
109,39,41,49
109,40,19,52
109,41,30,62
109,42,33,64
109,43,60,24
109,44,44,43
109,45,53,40
109,46,47,32
109,47,39,57
109,48,52,39
109,49,52,63
109,50,59,50
109,51,28,45
109,52,40,59
109,53,36,49
109,54,44,63
109,55,50,65
109,56,52,68
109,57,35,40
109,58,42,38
109,59,34,35
109,60,53,37
109,61,46,57
109,62,51,50
109,63,60,55
109,64,29,40
109,65,33,40
109,66,43,54
109,67,37,54
109,68,50,43
109,69,51,64
109,70,42,70
109,71,57,41
109,72,43,41
109,73,47,65
109,74,56,32
109,75,47,47
109,76,34,34
109,77,50,56
109,78,47,41
109,79,45,54
109,80,51,74
109,81,51,66
109,82,43,47
109,83,58,61
109,84,36,60
109,85,50,25
109,86,66,43
109,87,45,60
109,88,57,47
109,89,55,58
109,90,44,36
109,91,43,53
109,92,46,38
109,93,66,30
109,94,42,62
109,95,50,49
109,96,52,66
109,97,53,46
109,98,66,56
109,99,53,48
109,100,51,48
109,101,44,41
109,102,55,50
109,103,42,49
109,104,29,51
109,105,53,35
109,106,48,57
109,107,63,54
109,108,42,76
109,109,49,58
109,110,45,40
109,111,51,47
109,112,58,52
109,113,53,33
109,114,36,38
109,115,52,43
109,116,52,38
109,117,62,37
109,118,31,50
109,119,61,30
109,120,64,47
109,121,60,40
109,122,58,51
109,123,37,59
109,124,54,61
109,125,44,60
109,126,61,57
109,127,41,44
109,128,69,31
109,129,48,33
109,130,44,52
109,131,49,40
109,132,60,37
109,133,63,55
109,134,41,47
109,135,44,50
109,136,52,62
109,137,67,59
109,138,42,61
109,139,39,74
109,140,36,56
109,141,48,27
109,142,50,45
109,143,44,67
109,144,50,47
109,145,59,37
109,146,56,48
109,147,77,56
109,148,57,57
109,149,56,55
109,150,59,70
109,151,45,64
109,152,49,54
109,153,45,47
109,154,61,61
109,155,56,44
109,156,48,35
109,157,55,42
109,158,46,43
109,159,61,45
109,160,60,46
109,161,53,50
109,162,51,41
109,163,67,50
109,164,63,52
109,165,51,46
109,166,40,49
109,167,55,45
109,168,51,61
109,169,63,47
109,170,42,47
109,171,57,49
109,172,64,42
109,173,61,53
109,174,60,47
109,175,60,48
109,176,60,44
109,177,50,46
109,178,70,60
109,179,49,63
109,180,47,58
109,181,66,74
109,182,54,53
109,183,51,54
109,184,63,58
109,185,44,30
109,186,61,58
109,187,45,44
109,188,67,67
109,189,65,47
109,190,58,44
109,191,37,52
109,192,52,42
109,193,54,55
109,194,60,45
109,195,63,57
109,196,59,60
110,1,54,28
110,2,54,57
110,3,37,68
110,4,40,46
110,5,32,50
110,6,40,29
110,7,45,61
110,8,48,52
110,9,23,56
110,10,26,57
110,11,29,62
110,12,39,63
110,13,56,49
110,14,52,58
110,15,38,39
110,16,25,47
110,17,44,38
110,18,49,47
110,19,31,54
110,20,42,44
110,21,39,55
110,22,26,66
110,23,35,49
110,24,35,47
110,25,39,52
110,26,39,43
110,27,40,68
110,28,52,40
110,29,47,49
110,30,34,44
110,31,32,61
110,32,46,52
110,33,44,48
110,34,45,46
110,35,46,58
110,36,48,44
110,37,47,55
110,38,48,65
110,39,40,48
110,40,20,52
110,41,29,61
110,42,33,63
110,43,59,23
110,44,44,42
110,45,53,39
110,46,47,33
110,47,38,57
110,48,51,38
110,49,53,62
110,50,60,50
110,51,28,44
110,52,41,58
110,53,37,49
110,54,44,62
110,55,50,64
110,56,51,67
110,57,36,39
110,58,43,37
110,59,34,36
110,60,52,37
110,61,45,57
110,62,50,50
110,63,59,56
110,64,28,39
110,65,34,39
110,66,44,53
110,67,37,53
110,68,49,44
110,69,50,65
110,70,41,70
110,71,57,42
110,72,43,42
110,73,48,64
110,74,56,31
110,75,48,48
110,76,34,35
110,77,51,56
110,78,46,41
110,79,46,55
110,80,50,74
110,81,50,66
110,82,42,48
110,83,59,62
110,84,36,59
110,85,50,24
110,86,67,43
110,87,44,59
110,88,58,47
110,89,54,59
110,90,45,37
110,91,43,52
110,92,45,38
110,93,67,30
110,94,41,62
110,95,51,49
110,96,53,65
110,97,54,47
110,98,67,56
110,99,52,47
110,100,52,49
110,101,44,40
110,102,55,49
110,103,43,50
110,104,30,52
110,105,54,35
110,106,48,58
110,107,63,53
110,108,43,75
110,109,49,57
110,110,45,39
110,111,52,46
110,112,57,53
110,113,52,34
110,114,37,37
110,115,51,44
110,116,52,39
110,117,61,37
110,118,31,51
110,119,60,30
110,120,63,48
110,121,61,41
110,122,59,50
110,123,36,58
110,124,55,60
110,125,43,59
110,126,62,58
110,127,40,45
110,128,69,32
110,129,47,32
110,130,45,52
110,131,48,41
110,132,61,38
110,133,63,56
110,134,41,46
110,135,45,49
110,136,53,61
110,137,66,60
110,138,43,60
110,139,40,74
110,140,37,55
110,141,47,28
110,142,50,44
110,143,44,66
110,144,49,46
110,145,58,37
110,146,57,48
110,147,76,57
110,148,57,58
110,149,55,56
110,150,59,69
110,151,46,63
110,152,49,55
110,153,45,48
110,154,62,61
110,155,55,44
110,156,47,36
110,157,56,42
110,158,47,42
110,159,62,45
110,160,61,46
110,161,52,51
110,162,51,40
110,163,66,49
110,164,64,52
110,165,50,47
110,166,39,49
110,167,54,46
110,168,50,62
110,169,64,48
110,170,42,46
110,171,56,50
110,172,64,41
110,173,62,53
110,174,61,47
110,175,60,47
110,176,60,43
110,177,51,46
110,178,71,60
110,179,48,63
110,180,48,57
110,181,65,73
110,182,55,54
110,183,50,53
110,184,64,59
110,185,43,30
110,186,60,58
110,187,45,45
110,188,68,66
110,189,64,46
110,190,57,45
110,191,36,53
110,192,53,43
110,193,55,55
110,194,59,45
110,195,63,58
110,196,60,59
111,1,53,27
111,2,53,56
111,3,38,68
111,4,39,45
111,5,33,49
111,6,39,29
111,7,45,62
111,8,47,53
111,9,22,55
111,10,26,56
111,11,30,62
111,12,38,62
111,13,56,48
111,14,52,57
111,15,39,38
111,16,25,46
111,17,43,38
111,18,48,46
111,19,32,54
111,20,41,44
111,21,39,54
111,22,27,65
111,23,36,48
111,24,34,46
111,25,40,51
111,26,40,44
111,27,40,69
111,28,51,41
111,29,48,49
111,30,34,43
111,31,33,60
111,32,46,53
111,33,44,49
111,34,46,45
111,35,45,59
111,36,49,43
111,37,46,54
111,38,48,66
111,39,41,49
111,40,20,53
111,41,28,60
111,42,32,63
111,43,59,22
111,44,44,43
111,45,52,40
111,46,47,34
111,47,37,56
111,48,50,38
111,49,52,63
111,50,60,51
111,51,28,43
111,52,42,59
111,53,37,48
111,54,45,63
111,55,51,64
111,56,52,67
111,57,36,38
111,58,44,36
111,59,35,36
111,60,52,38
111,61,44,58
111,62,49,50
111,63,60,56
111,64,28,38
111,65,33,40
111,66,45,54
111,67,38,53
111,68,49,45
111,69,50,64
111,70,40,71
111,71,58,41
111,72,43,43
111,73,47,64
111,74,55,32
111,75,47,47
111,76,33,35
111,77,52,55
111,78,46,42
111,79,45,55
111,80,49,74
111,81,50,67
111,82,41,48
111,83,60,63
111,84,37,60
111,85,50,23
111,86,66,43
111,87,43,58
111,88,59,47
111,89,54,58
111,90,44,37
111,91,42,53
111,92,44,38
111,93,66,31
111,94,42,62
111,95,50,48
111,96,54,64
111,97,55,47
111,98,68,57
111,99,53,46
111,100,53,50
111,101,43,41
111,102,54,48
111,103,43,51
111,104,31,52
111,105,54,34
111,106,49,58
111,107,62,54
111,108,42,75
111,109,50,56
111,110,45,38
111,111,53,47
111,112,58,54
111,113,53,34
111,114,37,38
111,115,52,44
111,116,53,38
111,117,60,37
111,118,32,52
111,119,60,29
111,120,64,47
111,121,60,40
111,122,59,49
111,123,37,57
111,124,54,61
111,125,44,60
111,126,61,58
111,127,39,46
111,128,70,31
111,129,46,31
111,130,46,51
111,131,48,42
111,132,61,37
111,133,63,57
111,134,41,45
111,135,44,48
111,136,53,62
111,137,65,59
111,138,42,60
111,139,39,74
111,140,36,56
111,141,46,27
111,142,49,44
111,143,45,65
111,144,48,47
111,145,58,36
111,146,57,49
111,147,77,57
111,148,56,57
111,149,54,56
111,150,58,70
111,151,45,64
111,152,48,56
111,153,46,47
111,154,61,61
111,155,55,43
111,156,48,37
111,157,57,42
111,158,46,41
111,159,63,46
111,160,62,46
111,161,53,51
111,162,50,39
111,163,67,49
111,164,64,51
111,165,51,47
111,166,38,48
111,167,55,45
111,168,51,62
111,169,64,49
111,170,42,47
111,171,57,50
111,172,63,41
111,173,63,52
111,174,61,48
111,175,59,48
111,176,59,43
111,177,50,45
111,178,72,59
111,179,48,62
111,180,49,57
111,181,64,72
111,182,56,55
111,183,51,52
111,184,63,59
111,185,42,29
111,186,61,57
111,187,46,44
111,188,69,67
111,189,63,45
111,190,58,46
111,191,37,52
111,192,54,44
111,193,55,54
111,194,60,45
111,195,62,59
111,196,61,60
112,1,54,26
112,2,52,56
112,3,38,67
112,4,39,44
112,5,34,48
112,6,38,29
112,7,44,62
112,8,48,53
112,9,21,56
112,10,27,57
112,11,30,61
112,12,38,63
112,13,56,47
112,14,51,56
112,15,38,37
112,16,25,45
112,17,42,37
112,18,48,45
112,19,31,53
112,20,41,43
112,21,39,53
112,22,28,64
112,23,37,47
112,24,35,46
112,25,39,51
112,26,40,45
112,27,41,68
112,28,50,41
112,29,48,48
112,30,35,44
112,31,32,61
112,32,45,52
112,33,44,50
112,34,47,44
112,35,44,59
112,36,49,42
112,37,46,53
112,38,47,66
112,39,40,48
112,40,19,53
112,41,29,61
112,42,33,64
112,43,58,21
112,44,45,44
112,45,51,41
112,46,48,33
112,47,38,55
112,48,51,38
112,49,53,63
112,50,60,50
112,51,27,44
112,52,43,60
112,53,36,48
112,54,46,64
112,55,50,65
112,56,53,68
112,57,35,39
112,58,43,35
112,59,34,35
112,60,51,39
112,61,45,57
112,62,48,50
112,63,59,56
112,64,28,37
112,65,34,39
112,66,44,53
112,67,37,53
112,68,50,44
112,69,49,65
112,70,39,70
112,71,57,41
112,72,44,42
112,73,46,63
112,74,54,32
112,75,47,48
112,76,33,34
112,77,51,54
112,78,46,43
112,79,44,55
112,80,48,74
112,81,49,68
112,82,40,49
112,83,59,64
112,84,36,61
112,85,50,22
112,86,67,42
112,87,42,59
112,88,60,48
112,89,53,58
112,90,43,36
112,91,43,53
112,92,43,38
112,93,67,30
112,94,42,61
112,95,50,47
112,96,53,65
112,97,55,46
112,98,68,56
112,99,54,46
112,100,52,51
112,101,43,40
112,102,55,48
112,103,43,52
112,104,32,51
112,105,53,33
112,106,48,58
112,107,61,54
112,108,41,75
112,109,50,55
112,110,44,38
112,111,54,48
112,112,59,54
112,113,54,34
112,114,37,37
112,115,51,43
112,116,52,37
112,117,61,36
112,118,33,53
112,119,61,29
112,120,65,46
112,121,61,40
112,122,60,49
112,123,36,58
112,124,53,60
112,125,45,61
112,126,60,57
112,127,38,45
112,128,71,31
112,129,45,30
112,130,45,50
112,131,47,43
112,132,60,38
112,133,64,57
112,134,42,45
112,135,45,47
112,136,52,62
112,137,64,58
112,138,41,60
112,139,38,74
112,140,36,57
112,141,47,28
112,142,49,45
112,143,46,65
112,144,49,46
112,145,58,35
112,146,56,49
112,147,76,56
112,148,57,58
112,149,54,57
112,150,58,69
112,151,44,63
112,152,48,55
112,153,46,46
112,154,60,60
112,155,55,42
112,156,47,37
112,157,58,42
112,158,46,42
112,159,64,46
112,160,63,46
112,161,54,50
112,162,51,40
112,163,68,49
112,164,63,50
112,165,50,46
112,166,37,49
112,167,56,44
112,168,50,62
112,169,64,48
112,170,43,46
112,171,58,51
112,172,64,42
112,173,62,53
112,174,62,48
112,175,59,47
112,176,60,44
112,177,49,44
112,178,73,58
112,179,48,61
112,180,48,57
112,181,65,72
112,182,56,56
112,183,50,52
112,184,62,58
112,185,42,30
112,186,60,58
112,187,47,45
112,188,68,68
112,189,63,44
112,190,57,45
112,191,36,52
112,192,55,43
112,193,55,55
112,194,60,46
112,195,63,60
112,196,60,59
113,1,54,27
113,2,52,55
113,3,37,66
113,4,38,43
113,5,35,47
113,6,39,29
113,7,45,62
113,8,47,52
113,9,20,57
113,10,27,58
113,11,31,62
113,12,39,62
113,13,57,47
113,14,51,57
113,15,37,36
113,16,26,46
113,17,42,38
113,18,47,46
113,19,30,52
113,20,40,42
113,21,38,54
113,22,27,63
113,23,37,46
113,24,34,47
113,25,38,50
113,26,39,45
113,27,41,69
113,28,50,42
113,29,48,47
113,30,34,44
113,31,32,62
113,32,45,53
113,33,43,51
113,34,46,44
113,35,43,59
113,36,49,41
113,37,46,54
113,38,47,67
113,39,39,47
113,40,20,52
113,41,30,60
113,42,34,64
113,43,57,21
113,44,44,44
113,45,50,40
113,46,49,32
113,47,39,54
113,48,52,38
113,49,52,63
113,50,59,49
113,51,27,45
113,52,42,60
113,53,35,48
113,54,47,63
113,55,50,66
113,56,53,69
113,57,36,40
113,58,43,34
113,59,33,35
113,60,52,40
113,61,44,57
113,62,47,49
113,63,60,55
113,64,29,36
113,65,33,40
113,66,44,52
113,67,37,54
113,68,51,45
113,69,48,65
113,70,40,69
113,71,57,40
113,72,45,42
113,73,47,64
113,74,55,31
113,75,46,48
113,76,32,34
113,77,51,53
113,78,45,44
113,79,44,54
113,80,48,75
113,81,50,67
113,82,39,50
113,83,60,65
113,84,37,60
113,85,50,21
113,86,66,43
113,87,43,60
113,88,60,47
113,89,53,57
113,90,44,37
113,91,44,53
113,92,43,39
113,93,67,31
113,94,41,61
113,95,49,48
113,96,54,64
113,97,56,47
113,98,67,55
113,99,55,45
113,100,53,50
113,101,44,39
113,102,55,49
113,103,43,53
113,104,32,52
113,105,52,34
113,106,47,59
113,107,60,53
113,108,40,75
113,109,49,56
113,110,45,38
113,111,53,48
113,112,58,53
113,113,55,35
113,114,36,37
113,115,50,43
113,116,51,38
113,117,62,35
113,118,34,54
113,119,62,29
113,120,65,47
113,121,62,41
113,122,59,48
113,123,35,58
113,124,53,59
113,125,46,61
113,126,59,57
113,127,37,45
113,128,71,30
113,129,45,31
113,130,45,51
113,131,48,43
113,132,60,37
113,133,63,58
113,134,41,45
113,135,44,46
113,136,53,61
113,137,64,57
113,138,41,59
113,139,37,73
113,140,36,58
113,141,46,27
113,142,50,44
113,143,46,66
113,144,49,45
113,145,59,34
113,146,55,50
113,147,77,55
113,148,57,59
113,149,55,58
113,150,59,69
113,151,45,64
113,152,47,55
113,153,45,46
113,154,61,60
113,155,56,41
113,156,46,38
113,157,57,43
113,158,46,43
113,159,64,47
113,160,62,47
113,161,53,49
113,162,52,39
113,163,67,50
113,164,62,49
113,165,50,45
113,166,38,49
113,167,56,45
113,168,49,63
113,169,65,49
113,170,42,45
113,171,57,52
113,172,63,43
113,173,62,54
113,174,61,49
113,175,58,47
113,176,59,44
113,177,48,45
113,178,74,59
113,179,48,60
113,180,47,56
113,181,65,71
113,182,57,57
113,183,49,51
113,184,61,59
113,185,43,30
113,186,61,57
113,187,46,46
113,188,69,69
113,189,64,43
113,190,58,45
113,191,35,51
113,192,56,42
113,193,56,55
113,194,59,45
113,195,62,59
113,196,60,58
114,1,53,26
114,2,51,54
114,3,38,66
114,4,39,44
114,5,35,46
114,6,39,28
114,7,44,62
114,8,47,53
114,9,21,57
114,10,26,59
114,11,32,63
114,12,38,62
114,13,58,46
114,14,51,56
114,15,36,35
114,16,25,45
114,17,41,39
114,18,48,46
114,19,31,51
114,20,39,41
114,21,38,55
114,22,27,62
114,23,38,45
114,24,33,46
114,25,37,51
114,26,40,45
114,27,42,69
114,28,51,43
114,29,49,46
114,30,35,44
114,31,32,61
114,32,46,53
114,33,43,52
114,34,47,43
114,35,42,58
114,36,48,40
114,37,45,53
114,38,47,68
114,39,38,47
114,40,20,53
114,41,29,61
114,42,35,63
114,43,56,22
114,44,43,45
114,45,50,41
114,46,49,31
114,47,39,55
114,48,53,39
114,49,51,62
114,50,60,48
114,51,26,46
114,52,42,59
114,53,34,48
114,54,46,63
114,55,50,65
114,56,54,70
114,57,36,41
114,58,44,33
114,59,34,36
114,60,51,39
114,61,44,58
114,62,47,48
114,63,60,54
114,64,28,36
114,65,34,40
114,66,44,51
114,67,37,53
114,68,52,45
114,69,49,64
114,70,41,69
114,71,58,39
114,72,44,43
114,73,47,63
114,74,55,32
114,75,46,47
114,76,31,33
114,77,50,54
114,78,46,45
114,79,43,54
114,80,49,76
114,81,50,68
114,82,40,50
114,83,60,66
114,84,37,59
114,85,49,20
114,86,67,44
114,87,42,61
114,88,61,48
114,89,54,58
114,90,45,37
114,91,44,52
114,92,43,40
114,93,66,32
114,94,40,61
114,95,48,49
114,96,53,63
114,97,57,48
114,98,68,56
114,99,56,46
114,100,53,51
114,101,45,39
114,102,54,50
114,103,42,52
114,104,32,51
114,105,51,34
114,106,46,58
114,107,59,52
114,108,41,76
114,109,48,57
114,110,46,39
114,111,52,47
114,112,57,54
114,113,56,35
114,114,37,37
114,115,50,42
114,116,51,37
114,117,63,35
114,118,34,53
114,119,61,28
114,120,64,46
114,121,61,41
114,122,60,49
114,123,36,57
114,124,52,58
114,125,46,62
114,126,58,57
114,127,38,46
114,128,71,29
114,129,45,32
114,130,45,50
114,131,47,42
114,132,60,36
114,133,62,58
114,134,42,46
114,135,44,45
114,136,52,60
114,137,65,56
114,138,41,58
114,139,37,74
114,140,35,58
114,141,45,26
114,142,49,43
114,143,47,66
114,144,49,44
114,145,60,35
114,146,55,49
114,147,76,56
114,148,58,58
114,149,54,57
114,150,58,69
114,151,46,64
114,152,46,55
114,153,44,47
114,154,61,61
114,155,56,40
114,156,47,37
114,157,57,42
114,158,45,42
114,159,63,47
114,160,62,46
114,161,54,49
114,162,51,38
114,163,67,49
114,164,63,48
114,165,51,46
114,166,39,48
114,167,55,44
114,168,48,64
114,169,65,48
114,170,43,46
114,171,56,51
114,172,63,44
114,173,61,53
114,174,62,48
114,175,59,46
114,176,59,43
114,177,47,46
114,178,74,58
114,179,47,61
114,180,47,55
114,181,64,70
114,182,56,56
114,183,48,51
114,184,61,60
114,185,43,31
114,186,62,57
114,187,45,45
114,188,70,69
114,189,64,42
114,190,59,44
114,191,35,50
114,192,56,41
114,193,57,56
114,194,60,44
114,195,63,60
114,196,59,58
115,1,53,27
115,2,52,53
115,3,39,67
115,4,38,43
115,5,34,46
115,6,40,29
115,7,45,61
115,8,47,54
115,9,22,58
115,10,25,58
115,11,31,63
115,12,39,62
115,13,58,47
115,14,52,55
115,15,37,36
115,16,26,45
115,17,41,38
115,18,49,47
115,19,31,52
115,20,40,41
115,21,37,56
115,22,26,62
115,23,37,44
115,24,32,45
115,25,38,51
115,26,39,46
115,27,43,70
115,28,52,44
115,29,50,46
115,30,36,44
115,31,31,62
115,32,47,52
115,33,43,53
115,34,47,44
115,35,43,58
115,36,47,39
115,37,44,53
115,38,47,67
115,39,38,48
115,40,21,53
115,41,28,60
115,42,36,62
115,43,56,21
115,44,44,44
115,45,51,42
115,46,48,31
115,47,39,56
115,48,52,40
115,49,52,62
115,50,59,48
115,51,25,46
115,52,41,59
115,53,34,47
115,54,45,62
115,55,50,66
115,56,53,70
115,57,35,40
115,58,43,33
115,59,35,36
115,60,52,38
115,61,43,59
115,62,47,47
115,63,60,55
115,64,29,36
115,65,33,41
115,66,45,52
115,67,36,54
115,68,51,44
115,69,48,65
115,70,41,68
115,71,57,39
115,72,44,42
115,73,47,62
115,74,56,32
115,75,45,47
115,76,30,33
115,77,50,55
115,78,45,46
115,79,44,55
115,80,50,75
115,81,50,67
115,82,41,49
115,83,60,65
115,84,36,59
115,85,49,19
115,86,66,45
115,87,43,62
115,88,61,47
115,89,53,57
115,90,45,38
115,91,43,51
115,92,44,40
115,93,65,31
115,94,41,62
115,95,49,49
115,96,54,64
115,97,56,47
115,98,69,56
115,99,57,46
115,100,52,52
115,101,46,40
115,102,53,51
115,103,43,52
115,104,32,50
115,105,51,33
115,106,47,58
115,107,58,52
115,108,42,75
115,109,47,57
115,110,47,40
115,111,53,46
115,112,58,55
115,113,55,36
115,114,36,38
115,115,51,43
115,116,51,36
115,117,63,34
115,118,33,54
115,119,60,27
115,120,63,46
115,121,61,40
115,122,60,50
115,123,37,57
115,124,53,59
115,125,46,61
115,126,59,56
115,127,38,47
115,128,70,30
115,129,46,31
115,130,46,49
115,131,46,42
115,132,61,36
115,133,63,57
115,134,43,47
115,135,44,46
115,136,52,59
115,137,66,55
115,138,40,58
115,139,38,74
115,140,35,57
115,141,46,26
115,142,48,42
115,143,48,67
115,144,50,43
115,145,59,36
115,146,56,49
115,147,75,55
115,148,58,59
115,149,53,58
115,150,59,68
115,151,45,63
115,152,45,56
115,153,43,48
115,154,62,61
115,155,57,40
115,156,46,38
115,157,57,41
115,158,45,41
115,159,64,47
115,160,61,45
115,161,55,48
115,162,51,39
115,163,66,50
115,164,64,48
115,165,52,45
115,166,40,49
115,167,55,43
115,168,47,65
115,169,66,49
115,170,44,47
115,171,57,52
115,172,62,45
115,173,61,54
115,174,61,48
115,175,60,45
115,176,60,43
115,177,46,47
115,178,75,59
115,179,48,62
115,180,46,54
115,181,65,70
115,182,55,56
115,183,48,52
115,184,60,59
115,185,44,30
115,186,62,56
115,187,46,46
115,188,71,69
115,189,63,43
115,190,58,44
115,191,34,51
115,192,57,42
115,193,58,56
115,194,59,44
115,195,64,59
115,196,59,57
116,1,52,28
116,2,53,52
116,3,38,68
116,4,39,43
116,5,35,45
116,6,39,30
116,7,46,60
116,8,47,55
116,9,22,57
116,10,24,57
116,11,32,63
116,12,40,62
116,13,58,48
116,14,51,55
116,15,37,35
116,16,26,44
116,17,42,37
116,18,48,47
116,19,31,51
116,20,39,41
116,21,36,57
116,22,25,61
116,23,37,45
116,24,32,46
116,25,38,50
116,26,40,47
116,27,42,69
116,28,53,44
116,29,51,46
116,30,36,43
116,31,31,61
116,32,48,51
116,33,43,54
116,34,48,43
116,35,42,57
116,36,48,39
116,37,44,54
116,38,47,66
116,39,37,47
116,40,20,53
116,41,27,59
116,42,37,62
116,43,57,20
116,44,43,45
116,45,50,42
116,46,48,30
116,47,38,57
116,48,52,39
116,49,52,63
116,50,59,49
116,51,25,47
116,52,40,60
116,53,33,48
116,54,45,61
116,55,49,65
116,56,52,69
116,57,34,41
116,58,42,34
116,59,36,35
116,60,53,39
116,61,42,58
116,62,47,48
116,63,59,54
116,64,30,36
116,65,33,40
116,66,45,51
116,67,37,55
116,68,50,45
116,69,49,64
116,70,40,67
116,71,58,39
116,72,43,43
116,73,46,63
116,74,57,33
116,75,44,48
116,76,30,32
116,77,51,56
116,78,45,45
116,79,44,56
116,80,51,75
116,81,51,66
116,82,41,50
116,83,59,66
116,84,37,59
116,85,49,20
116,86,67,44
116,87,43,63
116,88,62,48
116,89,54,57
116,90,45,39
116,91,42,52
116,92,44,39
116,93,64,30
116,94,40,63
116,95,50,48
116,96,53,65
116,97,56,46
116,98,70,57
116,99,56,45
116,100,51,51
116,101,45,40
116,102,52,51
116,103,44,53
116,104,33,49
116,105,50,32
116,106,48,57
116,107,58,51
116,108,42,74
116,109,46,58
116,110,47,39
116,111,52,46
116,112,57,55
116,113,56,37
116,114,37,38
116,115,51,42
116,116,50,37
116,117,64,34
116,118,33,53
116,119,59,28
116,120,62,47
116,121,62,39
116,122,59,50
116,123,36,58
116,124,54,58
116,125,46,62
116,126,60,57
116,127,39,47
116,128,69,31
116,129,46,30
116,130,47,50
116,131,45,43
116,132,60,35
116,133,63,56
116,134,42,48
116,135,43,46
116,136,51,60
116,137,65,54
116,138,40,57
116,139,38,75
116,140,36,56
116,141,46,25
116,142,47,43
116,143,48,66
116,144,51,43
116,145,58,35
116,146,55,50
116,147,75,56
116,148,59,60
116,149,52,59
116,150,60,68
116,151,45,62
116,152,45,55
116,153,43,47
116,154,62,60
116,155,56,39
116,156,45,38
116,157,58,41
116,158,46,40
116,159,65,46
116,160,60,46
116,161,55,47
116,162,50,40
116,163,65,50
116,164,65,48
116,165,51,45
116,166,40,50
116,167,54,43
116,168,46,64
116,169,66,50
116,170,44,46
116,171,58,52
116,172,62,44
116,173,62,53
116,174,60,47
116,175,59,45
116,176,61,42
116,177,45,46
116,178,76,59
116,179,47,63
116,180,47,54
116,181,64,69
116,182,54,56
116,183,47,52
116,184,61,60
116,185,45,30
116,186,61,57
116,187,46,47
116,188,72,69
116,189,63,44
116,190,58,43
116,191,34,52
116,192,57,43
116,193,57,56
116,194,60,45
116,195,65,59
116,196,58,56
117,1,52,27
117,2,53,51
117,3,37,67
117,4,40,42
117,5,34,46
117,6,39,29
117,7,46,59
117,8,46,54
117,9,21,58
117,10,25,58
117,11,31,62
117,12,41,62
117,13,59,48
117,14,51,54
117,15,36,34
117,16,25,43
117,17,43,37
117,18,47,46
117,19,31,50
117,20,38,42
117,21,37,58
117,22,26,60
117,23,37,44
117,24,32,47
117,25,39,50
117,26,39,48
117,27,42,70
117,28,53,45
117,29,52,45
117,30,37,42
117,31,32,61
117,32,49,50
117,33,44,55
117,34,47,42
117,35,41,57
117,36,47,38
117,37,43,53
117,38,47,67
117,39,38,46
117,40,20,54
117,41,27,58
117,42,38,61
117,43,58,21
117,44,44,45
117,45,49,43
117,46,48,31
117,47,37,56
117,48,52,40
117,49,53,64
117,50,58,50
117,51,26,46
117,52,39,59
117,53,34,48
117,54,45,60
117,55,50,66
117,56,52,70
117,57,35,42
117,58,41,33
117,59,35,35
117,60,52,38
117,61,43,58
117,62,48,47
117,63,58,53
117,64,30,37
117,65,32,39
117,66,46,51
117,67,36,54
117,68,49,45
117,69,49,65
117,70,41,66
117,71,57,39
117,72,42,43
117,73,45,64
117,74,56,34
117,75,43,48
117,76,31,31
117,77,52,56
117,78,45,44
117,79,43,56
117,80,50,76
117,81,51,67
117,82,42,51
117,83,59,67
117,84,38,58
117,85,48,19
117,86,67,43
117,87,44,62
117,88,63,49
117,89,53,58
117,90,46,38
117,91,43,52
117,92,45,39
117,93,64,31
117,94,41,64
117,95,49,49
117,96,52,65
117,97,57,46
117,98,71,57
117,99,55,45
117,100,52,52
117,101,46,41
117,102,53,50
117,103,44,52
117,104,32,50
117,105,51,32
117,106,48,56
117,107,57,51
117,108,41,75
117,109,47,57
117,110,47,40
117,111,53,46
117,112,58,54
117,113,55,38
117,114,38,37
117,115,52,41
117,116,50,38
117,117,63,35
117,118,33,52
117,119,60,29
117,120,62,46
117,121,61,40
117,122,60,50
117,123,35,58
117,124,55,58
117,125,47,62
117,126,61,56
117,127,40,47
117,128,70,31
117,129,47,31
117,130,48,50
117,131,46,42
117,132,59,36
117,133,64,56
117,134,42,49
117,135,44,47
117,136,52,61
117,137,65,55
117,138,41,56
117,139,38,76
117,140,36,55
117,141,45,24
117,142,47,44
117,143,48,65
117,144,52,44
117,145,59,35
117,146,54,49
117,147,74,55
117,148,58,59
117,149,52,58
117,150,60,67
117,151,45,63
117,152,45,56
117,153,42,46
117,154,63,59
117,155,57,38
117,156,44,39
117,157,57,42
117,158,47,41
117,159,65,45
117,160,61,45
117,161,55,48
117,162,50,41
117,163,66,51
117,164,66,49
117,165,50,44
117,166,40,49
117,167,53,42
117,168,45,65
117,169,65,50
117,170,45,45
117,171,59,52
117,172,62,45
117,173,62,54
117,174,61,48
117,175,60,46
117,176,61,41
117,177,46,45
117,178,75,58
117,179,48,62
117,180,47,53
117,181,65,68
117,182,53,57
117,183,46,53
117,184,60,61
117,185,45,31
117,186,60,58
117,187,46,48
117,188,71,68
117,189,64,45
117,190,59,42
117,191,35,51
117,192,56,42
117,193,58,55
117,194,61,46
117,195,66,60
117,196,57,56
118,1,52,28
118,2,52,50
118,3,37,66
118,4,41,41
118,5,35,46
118,6,39,30
118,7,45,58
118,8,46,55
118,9,20,58
118,10,24,59
118,11,32,63
118,12,42,61
118,13,59,49
118,14,52,53
118,15,37,35
118,16,24,42
118,17,44,36
118,18,47,47
118,19,32,51
118,20,37,43
118,21,38,59
118,22,26,61
118,23,38,44
118,24,33,48
118,25,38,50
118,26,38,49
118,27,42,71
118,28,54,46
118,29,51,45
118,30,36,41
118,31,31,62
118,32,50,49
118,33,44,56
118,34,47,43
118,35,42,57
118,36,46,37
118,37,42,53
118,38,46,66
118,39,38,47
118,40,21,55
118,41,26,58
118,42,37,61
118,43,57,20
118,44,43,44
118,45,48,43
118,46,49,32
118,47,38,56
118,48,51,41
118,49,53,63
118,50,59,50
118,51,27,46
118,52,40,60
118,53,34,49
118,54,45,61
118,55,50,67
118,56,52,69
118,57,35,41
118,58,42,34
118,59,34,35
118,60,53,37
118,61,44,58
118,62,49,48
118,63,59,54
118,64,31,37
118,65,31,39
118,66,45,52
118,67,37,55
118,68,49,44
118,69,50,64
118,70,41,67
118,71,58,38
118,72,43,42
118,73,44,65
118,74,55,33
118,75,42,47
118,76,32,31
118,77,51,56
118,78,46,43
118,79,44,57
118,80,49,75
118,81,50,66
118,82,41,52
118,83,58,67
118,84,39,59
118,85,49,19
118,86,66,44
118,87,45,62
118,88,64,49
118,89,53,59
118,90,47,38
118,91,44,51
118,92,46,40
118,93,63,32
118,94,40,64
118,95,50,48
118,96,53,66
118,97,58,47
118,98,72,57
118,99,55,46
118,100,52,51
118,101,45,40
118,102,54,50
118,103,43,52
118,104,31,50
118,105,52,31
118,106,49,55
118,107,56,51
118,108,40,74
118,109,48,57
118,110,48,39
118,111,52,46
118,112,57,53
118,113,55,39
118,114,38,38
118,115,51,42
118,116,49,37
118,117,63,34
118,118,33,53
118,119,61,29
118,120,62,47
118,121,62,41
118,122,61,51
118,123,34,58
118,124,55,59
118,125,47,63
118,126,61,57
118,127,41,48
118,128,70,30
118,129,48,30
118,130,47,49
118,131,46,41
118,132,58,37
118,133,64,55
118,134,42,48
118,135,44,46
118,136,53,60
118,137,65,56
118,138,41,57
118,139,39,77
118,140,35,55
118,141,46,23
118,142,48,45
118,143,47,64
118,144,52,45
118,145,59,34
118,146,55,50
118,147,73,54
118,148,58,60
118,149,51,59
118,150,61,68
118,151,44,63
118,152,46,57
118,153,43,46
118,154,63,60
118,155,57,39
118,156,43,38
118,157,57,43
118,158,46,42
118,159,66,45
118,160,62,44
118,161,54,49
118,162,51,40
118,163,66,52
118,164,67,50
118,165,50,43
118,166,40,48
118,167,52,41
118,168,45,64
118,169,66,51
118,170,44,45
118,171,58,53
118,172,62,46
118,173,63,55
118,174,60,49
118,175,59,47
118,176,62,40
118,177,46,46
118,178,74,58
118,179,47,62
118,180,46,54
118,181,64,67
118,182,54,56
118,183,47,54
118,184,59,61
118,185,45,30
118,186,59,57
118,187,46,47
118,188,70,69
118,189,64,44
118,190,60,41
118,191,35,52
118,192,57,41
118,193,57,55
118,194,61,47
118,195,67,60
118,196,57,57
119,1,53,29
119,2,52,49
119,3,38,67
119,4,41,42
119,5,36,47
119,6,38,31
119,7,46,59
119,8,45,55
119,9,20,59
119,10,25,58
119,11,31,63
119,12,41,62
119,13,58,50
119,14,53,53
119,15,36,36
119,16,24,41
119,17,44,35
119,18,48,48
119,19,31,51
119,20,38,42
119,21,38,58
119,22,26,60
119,23,39,44
119,24,32,48
119,25,37,51
119,26,37,50
119,27,43,71
119,28,53,45
119,29,52,44
119,30,36,40
119,31,32,63
119,32,51,50
119,33,43,55
119,34,47,44
119,35,43,56
119,36,45,37
119,37,43,54
119,38,46,67
119,39,39,46
119,40,21,56
119,41,26,57
119,42,37,62
119,43,56,20
119,44,42,43
119,45,47,43
119,46,49,33
119,47,39,55
119,48,52,42
119,49,52,62
119,50,60,50
119,51,26,45
119,52,41,60
119,53,34,50
119,54,44,61
119,55,51,68
119,56,53,70
119,57,34,41
119,58,41,34
119,59,34,36
119,60,52,36
119,61,45,59
119,62,48,47
119,63,60,54
119,64,30,37
119,65,31,40
119,66,45,53
119,67,36,55
119,68,49,45
119,69,50,65
119,70,42,67
119,71,58,39
119,72,44,42
119,73,43,64
119,74,56,34
119,75,43,47
119,76,33,32
119,77,50,57
119,78,46,44
119,79,45,56
119,80,48,76
119,81,50,67
119,82,42,51
119,83,57,66
119,84,39,60
119,85,49,20
119,86,65,45
119,87,46,62
119,88,65,49
119,89,54,60
119,90,46,39
119,91,44,50
119,92,45,39
119,93,62,32
119,94,41,64
119,95,51,48
119,96,54,67
119,97,58,46
119,98,72,58
119,99,56,47
119,100,51,52
119,101,45,41
119,102,54,51
119,103,44,52
119,104,32,51
119,105,52,32
119,106,49,54
119,107,57,51
119,108,41,73
119,109,47,57
119,110,49,39
119,111,51,47
119,112,56,52
119,113,56,40
119,114,38,37
119,115,50,42
119,116,50,36
119,117,63,33
119,118,34,53
119,119,60,29
119,120,63,46
119,121,62,42
119,122,61,52
119,123,33,59
119,124,54,58
119,125,48,64
119,126,62,58
119,127,41,47
119,128,70,29
119,129,47,30
119,130,46,50
119,131,47,42
119,132,59,37
119,133,64,56
119,134,41,48
119,135,43,45
119,136,54,59
119,137,64,55
119,138,41,56
119,139,40,77
119,140,36,56
119,141,45,22
119,142,48,44
119,143,47,65
119,144,53,44
119,145,59,33
119,146,55,49
119,147,74,54
119,148,57,59
119,149,52,59
119,150,61,69
119,151,43,62
119,152,47,58
119,153,44,47
119,154,64,59
119,155,58,40
119,156,42,39
119,157,58,44
119,158,46,41
119,159,67,46
119,160,61,43
119,161,54,50
119,162,52,40
119,163,67,51
119,164,68,49
119,165,49,42
119,166,39,47
119,167,51,42
119,168,45,65
119,169,65,52
119,170,45,44
119,171,59,53
119,172,63,47
119,173,64,54
119,174,59,50
119,175,60,47
119,176,61,41
119,177,47,47
119,178,74,57
119,179,48,62
119,180,47,55
119,181,65,67
119,182,53,57
119,183,47,53
119,184,60,62
119,185,46,31
119,186,58,57
119,187,46,46
119,188,71,70
119,189,63,43
119,190,59,42
119,191,35,53
119,192,56,41
119,193,57,56
119,194,62,47
119,195,68,61
119,196,56,57
120,1,54,30
120,2,53,50
120,3,38,66
120,4,42,41
120,5,36,48
120,6,38,30
120,7,45,60
120,8,44,55
120,9,20,58
120,10,25,59
120,11,32,62
120,12,40,62
120,13,58,49
120,14,52,53
120,15,37,37
120,16,25,40
120,17,45,35
120,18,48,49
120,19,30,51
120,20,39,42
120,21,37,59
120,22,25,61
120,23,38,45
120,24,32,49
120,25,36,51
120,26,38,50
120,27,42,70
120,28,54,46
120,29,52,43
120,30,35,41
120,31,32,64
120,32,52,51
120,33,44,54
120,34,48,43
120,35,42,55
120,36,45,36
120,37,43,55
120,38,47,67
120,39,38,47
120,40,20,57
120,41,27,58
120,42,38,61
120,43,55,20
120,44,41,42
120,45,46,43
120,46,49,32
120,47,39,56
120,48,53,41
120,49,51,62
120,50,61,50
120,51,26,44
120,52,40,60
120,53,35,51
120,54,43,60
120,55,52,68
120,56,52,69
120,57,34,40
120,58,40,34
120,59,33,37
120,60,51,37
120,61,44,58
120,62,48,46
120,63,61,55
120,64,30,36
120,65,30,39
120,66,46,52
120,67,37,55
120,68,49,46
120,69,51,64
120,70,41,66
120,71,57,39
120,72,45,42
120,73,44,63
120,74,57,35
120,75,42,47
120,76,34,33
120,77,51,57
120,78,45,43
120,79,45,55
120,80,47,77
120,81,50,68
120,82,43,51
120,83,58,65
120,84,38,60
120,85,50,20
120,86,66,46
120,87,45,62
120,88,64,49
120,89,54,61
120,90,47,38
120,91,45,50
120,92,45,38
120,93,62,33
120,94,42,64
120,95,52,48
120,96,54,66
120,97,59,45
120,98,71,58
120,99,56,48
120,100,51,51
120,101,44,42
120,102,53,51
120,103,45,53
120,104,32,52
120,105,53,31
120,106,49,53
120,107,58,50
120,108,41,74
120,109,47,56
120,110,50,39
120,111,50,46
120,112,57,53
120,113,55,40
120,114,39,37
120,115,51,41
120,116,51,35
120,117,64,34
120,118,34,52
120,119,60,28
120,120,64,45
120,121,63,42
120,122,60,52
120,123,34,60
120,124,55,59
120,125,48,65
120,126,62,57
120,127,41,46
120,128,69,30
120,129,47,29
120,130,47,50
120,131,48,41
120,132,58,38
120,133,65,57
120,134,40,49
120,135,42,44
120,136,54,58
120,137,65,56
120,138,42,57
120,139,41,77
120,140,37,57
120,141,46,22
120,142,49,44
120,143,46,66
120,144,54,43
120,145,60,33
120,146,56,49
120,147,74,53
120,148,57,58
120,149,53,58
120,150,62,68
120,151,44,61
120,152,48,59
120,153,45,47
120,154,64,60
120,155,59,40
120,156,43,39
120,157,57,43
120,158,45,40
120,159,66,47
120,160,60,43
120,161,55,49
120,162,53,39
120,163,66,51
120,164,69,48
120,165,48,42
120,166,40,46
120,167,50,41
120,168,44,66
120,169,64,52
120,170,44,43
120,171,60,53
120,172,64,48
120,173,63,55
120,174,60,51
120,175,61,48
120,176,60,41
120,177,47,46
120,178,73,57
120,179,47,63
120,180,46,55
120,181,64,66
120,182,52,57
120,183,46,53
120,184,61,61
120,185,47,30
120,186,59,58
120,187,47,47
120,188,72,71
120,189,64,43
120,190,60,42
120,191,36,52
120,192,56,42
120,193,56,56
120,194,62,48
120,195,67,62
120,196,56,58
121,1,55,30
121,2,53,49
121,3,38,67
121,4,41,40
121,5,36,47
121,6,39,29
121,7,45,61
121,8,43,56
121,9,21,59
121,10,26,58
121,11,31,63
121,12,40,63
121,13,58,48
121,14,52,54
121,15,38,38
121,16,26,39
121,17,44,36
121,18,49,49
121,19,29,51
121,20,39,41
121,21,36,58
121,22,24,60
121,23,38,46
121,24,31,50
121,25,37,52
121,26,39,50
121,27,41,69
121,28,55,47
121,29,52,42
121,30,34,42
121,31,33,64
121,32,53,52
121,33,43,54
121,34,47,43
121,35,41,56
121,36,44,35
121,37,44,55
121,38,48,67
121,39,37,47
121,40,20,56
121,41,26,59
121,42,37,62
121,43,56,21
121,44,42,43
121,45,45,44
121,46,48,32
121,47,40,56
121,48,52,40
121,49,52,62
121,50,62,49
121,51,25,45
121,52,41,59
121,53,34,50
121,54,42,59
121,55,51,68
121,56,52,70
121,57,35,39
121,58,39,34
121,59,34,36
121,60,52,37
121,61,43,57
121,62,49,47
121,63,60,55
121,64,30,35
121,65,29,38
121,66,45,51
121,67,38,55
121,68,48,45
121,69,52,63
121,70,41,67
121,71,56,39
121,72,46,41
121,73,44,64
121,74,58,34
121,75,41,48
121,76,35,32
121,77,52,58
121,78,44,44
121,79,45,56
121,80,48,77
121,81,49,69
121,82,42,51
121,83,57,64
121,84,37,61
121,85,51,21
121,86,67,46
121,87,46,61
121,88,65,48
121,89,53,61
121,90,48,38
121,91,46,49
121,92,46,39
121,93,61,32
121,94,41,65
121,95,53,48
121,96,53,65
121,97,60,45
121,98,71,59
121,99,57,49
121,100,51,52
121,101,43,41
121,102,54,52
121,103,45,54
121,104,31,51
121,105,52,31
121,106,48,54
121,107,57,50
121,108,41,73
121,109,48,55
121,110,50,40
121,111,51,47
121,112,56,54
121,113,54,41
121,114,38,36
121,115,52,41
121,116,50,36
121,117,64,35
121,118,34,51
121,119,59,28
121,120,64,44
121,121,62,41
121,122,61,53
121,123,35,61
121,124,56,60
121,125,49,66
121,126,61,57
121,127,41,45
121,128,68,31
121,129,48,28
121,130,48,49
121,131,49,42
121,132,57,38
121,133,66,56
121,134,40,48
121,135,41,43
121,136,55,59
121,137,65,55
121,138,41,57
121,139,40,77
121,140,36,56
121,141,46,21
121,142,49,45
121,143,46,65
121,144,55,42
121,145,61,33
121,146,56,50
121,147,75,52
121,148,56,57
121,149,52,59
121,150,61,67
121,151,44,60
121,152,47,59
121,153,45,48
121,154,65,60
121,155,58,40
121,156,44,40
121,157,56,43
121,158,44,39
121,159,66,48
121,160,59,44
121,161,54,50
121,162,53,38
121,163,67,50
121,164,69,49
121,165,47,42
121,166,39,46
121,167,49,41
121,168,45,65
121,169,63,52
121,170,44,42
121,171,60,52
121,172,64,49
121,173,64,56
121,174,59,52
121,175,60,48
121,176,61,40
121,177,48,46
121,178,73,58
121,179,48,64
121,180,45,55
121,181,63,67
121,182,52,56
121,183,45,53
121,184,62,62
121,185,48,31
121,186,58,59
121,187,46,46
121,188,71,71
121,189,63,42
121,190,61,41
121,191,37,51
121,192,55,41
121,193,57,57
121,194,61,48
121,195,68,61
121,196,57,58
122,1,54,31
122,2,52,50
122,3,37,66
122,4,40,39
122,5,35,48
122,6,40,29
122,7,46,60
122,8,43,55
122,9,22,59
122,10,27,58
122,11,30,62
122,12,39,62
122,13,59,49
122,14,52,53
122,15,37,39
122,16,25,40
122,17,45,37
122,18,50,49
122,19,29,50
122,20,38,41
122,21,37,57
122,22,24,59
122,23,39,47
122,24,32,50
122,25,38,52
122,26,38,49
122,27,42,69
122,28,56,46
122,29,53,42
122,30,33,42
122,31,34,65
122,32,52,52
122,33,42,54
122,34,46,42
122,35,40,55
122,36,44,34
122,37,43,56
122,38,48,66
122,39,37,48
122,40,20,55
122,41,25,60
122,42,38,61
122,43,55,20
122,44,41,44
122,45,46,45
122,46,49,32
122,47,39,56
122,48,52,39
122,49,51,61
122,50,62,48
122,51,25,46
122,52,42,58
122,53,33,49
122,54,41,60
122,55,52,67
122,56,52,69
122,57,35,40
122,58,38,33
122,59,34,37
122,60,52,38
122,61,44,58
122,62,50,47
122,63,61,55
122,64,31,34
122,65,30,38
122,66,44,52
122,67,38,54
122,68,49,44
122,69,53,64
122,70,40,68
122,71,57,40
122,72,45,40
122,73,43,63
122,74,59,35
122,75,41,47
122,76,34,32
122,77,52,57
122,78,45,45
122,79,44,57
122,80,48,76
122,81,50,70
122,82,41,52
122,83,57,63
122,84,36,62
122,85,50,21
122,86,67,47
122,87,47,60
122,88,66,49
122,89,54,62
122,90,49,39
122,91,45,50
122,92,45,38
122,93,61,31
122,94,42,66
122,95,53,49
122,96,54,65
122,97,60,46
122,98,70,59
122,99,58,48
122,100,50,52
122,101,43,40
122,102,53,52
122,103,46,55
122,104,30,52
122,105,52,30
122,106,47,55
122,107,57,51
122,108,40,72
122,109,47,54
122,110,50,39
122,111,52,46
122,112,57,55
122,113,53,41
122,114,39,37
122,115,53,40
122,116,49,36
122,117,65,35
122,118,35,52
122,119,60,28
122,120,63,45
122,121,62,40
122,122,61,52
122,123,36,61
122,124,57,61
122,125,49,67
122,126,61,58
122,127,40,44
122,128,67,31
122,129,47,28
122,130,47,50
122,131,49,43
122,132,56,38
122,133,65,57
122,134,41,48
122,135,42,43
122,136,56,59
122,137,65,54
122,138,41,58
122,139,39,76
122,140,36,57
122,141,47,21
122,142,49,46
122,143,46,66
122,144,54,43
122,145,61,34
122,146,57,49
122,147,74,52
122,148,55,57
122,149,51,59
122,150,61,66
122,151,43,61
122,152,48,59
122,153,45,49
122,154,65,59
122,155,57,41
122,156,45,41
122,157,57,44
122,158,43,38
122,159,65,47
122,160,58,43
122,161,55,50
122,162,54,38
122,163,66,51
122,164,70,48
122,165,46,41
122,166,38,45
122,167,48,40
122,168,46,64
122,169,62,53
122,170,43,42
122,171,59,53
122,172,65,49
122,173,64,55
122,174,60,53
122,175,60,47
122,176,60,40
122,177,49,47
122,178,72,57
122,179,47,64
122,180,46,56
122,181,62,66
122,182,53,56
122,183,46,52
122,184,61,61
122,185,48,30
122,186,58,60
122,187,46,47
122,188,70,72
122,189,64,43
122,190,60,41
122,191,37,52
122,192,54,42
122,193,58,56
122,194,60,49
122,195,68,62
122,196,58,59
123,1,55,32
123,2,52,51
123,3,37,67
123,4,41,40
123,5,35,49
123,6,41,30
123,7,46,59
123,8,44,54
123,9,23,58
123,10,26,57
123,11,29,62
123,12,39,61
123,13,59,48
123,14,51,53
123,15,36,39
123,16,25,39
123,17,46,38
123,18,51,50
123,19,29,51
123,20,38,42
123,21,36,58
123,22,23,59
123,23,40,47
123,24,33,50
123,25,37,51
123,26,39,49
123,27,41,70
123,28,57,47
123,29,52,42
123,30,34,43
123,31,33,66
123,32,53,51
123,33,43,55
123,34,47,42
123,35,39,55
123,36,43,35
123,37,44,55
123,38,48,67
123,39,36,48
123,40,21,56
123,41,26,60
123,42,38,62
123,43,54,19
123,44,41,43
123,45,45,46
123,46,49,33
123,47,38,56
123,48,52,40
123,49,52,62
123,50,63,47
123,51,26,46
123,52,43,58
123,53,32,50
123,54,40,60
123,55,51,67
123,56,53,68
123,57,34,39
123,58,38,32
123,59,34,38
123,60,52,37
123,61,45,59
123,62,51,46
123,63,60,55
123,64,30,34
123,65,31,39
123,66,44,53
123,67,38,55
123,68,48,43
123,69,54,63
123,70,39,67
123,71,57,39
123,72,44,41
123,73,44,63
123,74,60,35
123,75,42,48
123,76,33,31
123,77,52,56
123,78,46,46
123,79,45,57
123,80,49,76
123,81,49,69
123,82,42,52
123,83,58,62
123,84,35,61
123,85,49,21
123,86,66,48
123,87,48,61
123,88,66,50
123,89,54,61
123,90,50,40
123,91,46,51
123,92,44,37
123,93,62,30
123,94,41,66
123,95,52,48
123,96,54,64
123,97,60,45
123,98,71,59
123,99,58,47
123,100,50,51
123,101,44,39
123,102,54,53
123,103,45,55
123,104,29,52
123,105,53,30
123,106,47,56
123,107,57,50
123,108,41,71
123,109,46,53
123,110,49,40
123,111,51,47
123,112,56,55
123,113,54,41
123,114,40,36
123,115,53,41
123,116,48,36
123,117,64,35
123,118,35,51
123,119,59,27
123,120,64,45
123,121,61,39
123,122,62,52
123,123,37,61
123,124,56,61
123,125,50,68
123,126,60,57
123,127,39,44
123,128,66,30
123,129,46,28
123,130,47,49
123,131,50,42
123,132,57,37
123,133,66,58
123,134,41,49
123,135,42,42
123,136,56,60
123,137,64,53
123,138,41,59
123,139,40,77
123,140,35,56
123,141,46,22
123,142,50,47
123,143,46,67
123,144,55,44
123,145,62,35
123,146,58,50
123,147,73,53
123,148,54,57
123,149,52,58
123,150,60,66
123,151,44,61
123,152,48,60
123,153,45,48
123,154,66,60
123,155,57,42
123,156,44,42
123,157,56,43
123,158,43,39
123,159,66,47
123,160,59,44
123,161,54,51
123,162,55,38
123,163,67,52
123,164,71,48
123,165,46,40
123,166,37,46
123,167,47,39
123,168,45,65
123,169,63,53
123,170,42,41
123,171,58,52
123,172,66,49
123,173,63,54
123,174,59,53
123,175,59,46
123,176,60,39
123,177,49,48
123,178,73,57
123,179,46,64
123,180,46,57
123,181,61,66
123,182,52,57
123,183,45,53
123,184,62,60
123,185,49,29
123,186,57,59
123,187,47,48
123,188,69,72
123,189,63,43
123,190,59,40
123,191,38,53
123,192,55,43
123,193,59,55
123,194,61,50
123,195,67,63
123,196,59,58
124,1,55,33
124,2,52,50
124,3,37,68
124,4,41,39
124,5,34,49
124,6,42,31
124,7,46,60
124,8,43,54
124,9,23,57
124,10,25,57
124,11,28,61
124,12,39,60
124,13,60,47
124,14,51,54
124,15,35,38
124,16,26,38
124,17,47,37
124,18,52,51
124,19,28,51
124,20,37,42
124,21,35,59
124,22,22,58
124,23,41,47
124,24,34,50
124,25,38,51
124,26,39,50
124,27,42,70
124,28,56,46
124,29,52,41
124,30,35,42
124,31,33,65
124,32,54,52
124,33,42,55
124,34,47,43
124,35,40,55
124,36,42,34
124,37,44,56
124,38,47,68
124,39,37,47
124,40,20,57
124,41,25,61
124,42,39,63
124,43,55,18
124,44,42,44
124,45,46,45
124,46,48,34
124,47,37,57
124,48,53,39
124,49,51,61
124,50,62,48
124,51,27,47
124,52,44,58
124,53,33,49
124,54,39,61
124,55,52,68
124,56,54,69
124,57,34,40
124,58,37,33
124,59,35,37
124,60,51,36
124,61,46,59
124,62,50,46
124,63,61,54
124,64,29,35
124,65,30,38
124,66,45,52
124,67,39,55
124,68,48,44
124,69,55,64
124,70,38,66
124,71,56,40
124,72,43,42
124,73,43,64
124,74,61,34
124,75,42,47
124,76,34,30
124,77,52,55
124,78,47,46
124,79,45,58
124,80,50,77
124,81,48,68
124,82,42,51
124,83,57,61
124,84,36,60
124,85,48,21
124,86,65,47
124,87,49,61
124,88,65,50
124,89,53,61
124,90,50,41
124,91,45,51
124,92,45,36
124,93,61,29
124,94,40,65
124,95,53,48
124,96,54,63
124,97,61,45
124,98,71,60
124,99,58,46
124,100,49,51
124,101,44,38
124,102,55,53
124,103,45,54
124,104,30,53
124,105,52,29
124,106,47,55
124,107,57,49
124,108,42,72
124,109,47,52
124,110,50,39
124,111,50,48
124,112,55,54
124,113,55,40
124,114,39,37
124,115,53,40
124,116,48,35
124,117,63,36
124,118,36,52
124,119,60,28
124,120,63,45
124,121,62,38
124,122,63,51
124,123,38,60
124,124,55,61
124,125,51,68
124,126,59,57
124,127,38,43
124,128,67,30
124,129,45,27
124,130,48,49
124,131,50,43
124,132,58,36
124,133,66,59
124,134,42,50
124,135,42,43
124,136,55,60
124,137,64,54
124,138,41,58
124,139,41,78
124,140,36,57
124,141,46,23
124,142,51,48
124,143,45,67
124,144,54,45
124,145,61,35
124,146,59,50
124,147,74,53
124,148,54,58
124,149,53,59
124,150,60,67
124,151,44,62
124,152,47,60
124,153,44,47
124,154,66,61
124,155,58,41
124,156,45,41
124,157,56,44
124,158,42,38
124,159,65,46
124,160,60,44
124,161,55,51
124,162,56,38
124,163,67,51
124,164,71,47
124,165,46,41
124,166,38,45
124,167,47,40
124,168,44,66
124,169,63,52
124,170,43,40
124,171,58,51
124,172,67,50
124,173,64,55
124,174,58,54
124,175,60,45
124,176,59,39
124,177,48,47
124,178,72,58
124,179,45,65
124,180,47,57
124,181,61,65
124,182,51,57
124,183,46,52
124,184,63,59
124,185,50,28
124,186,57,58
124,187,46,49
124,188,68,72
124,189,62,43
124,190,60,40
124,191,39,53
124,192,54,42
124,193,59,56
124,194,60,51
124,195,68,64
124,196,58,59
125,1,54,33
125,2,53,51
125,3,38,67
125,4,40,38
125,5,34,48
125,6,43,32
125,7,47,59
125,8,44,54
125,9,24,58
125,10,26,57
125,11,28,62
125,12,40,60
125,13,61,46
125,14,50,53
125,15,35,39
125,16,27,39
125,17,48,38
125,18,51,52
125,19,28,50
125,20,37,41
125,21,35,58
125,22,22,59
125,23,41,46
125,24,33,50
125,25,37,50
125,26,38,51
125,27,43,69
125,28,57,46
125,29,51,40
125,30,34,42
125,31,33,64
125,32,54,51
125,33,43,54
125,34,46,42
125,35,40,54
125,36,43,34
125,37,43,56
125,38,47,69
125,39,38,48
125,40,21,58
125,41,24,62
125,42,40,63
125,43,55,17
125,44,43,44
125,45,45,46
125,46,48,33
125,47,36,58
125,48,53,38
125,49,52,62
125,50,63,48
125,51,28,47
125,52,45,59
125,53,32,49
125,54,38,62
125,55,53,68
125,56,55,70
125,57,33,39
125,58,36,33
125,59,34,36
125,60,52,37
125,61,46,58
125,62,49,47
125,63,61,53
125,64,29,36
125,65,30,39
125,66,44,53
125,67,38,56
125,68,49,44
125,69,54,64
125,70,37,66
125,71,57,41
125,72,43,41
125,73,44,64
125,74,62,33
125,75,41,48
125,76,33,29
125,77,52,54
125,78,48,46
125,79,44,59
125,80,50,76
125,81,47,68
125,82,41,52
125,83,56,62
125,84,35,59
125,85,47,20
125,86,66,47
125,87,48,61
125,88,66,50
125,89,52,60
125,90,51,42
125,91,46,50
125,92,46,37
125,93,62,30
125,94,41,64
125,95,52,47
125,96,54,62
125,97,62,45
125,98,72,60
125,99,57,45
125,100,50,50
125,101,43,39
125,102,56,52
125,103,45,53
125,104,29,54
125,105,51,30
125,106,47,54
125,107,56,49
125,108,43,71
125,109,48,53
125,110,50,40
125,111,51,47
125,112,56,53
125,113,54,39
125,114,38,37
125,115,54,41
125,116,49,36
125,117,64,35
125,118,36,51
125,119,59,29
125,120,63,44
125,121,61,38
125,122,63,50
125,123,38,59
125,124,54,61
125,125,52,67
125,126,60,58
125,127,38,42
125,128,66,30
125,129,46,26
125,130,47,48
125,131,49,42
125,132,59,35
125,133,66,60
125,134,41,51
125,135,43,43
125,136,56,59
125,137,63,53
125,138,42,58
125,139,40,79
125,140,36,56
125,141,45,22
125,142,50,47
125,143,45,68
125,144,55,45
125,145,62,34
125,146,58,50
125,147,74,52
125,148,55,57
125,149,53,58
125,150,61,67
125,151,43,62
125,152,48,60
125,153,44,46
125,154,67,61
125,155,57,40
125,156,44,42
125,157,57,43
125,158,41,39
125,159,66,45
125,160,61,45
125,161,55,50
125,162,56,39
125,163,68,51
125,164,71,46
125,165,47,42
125,166,39,44
125,167,47,39
125,168,43,67
125,169,64,53
125,170,42,39
125,171,59,52
125,172,68,49
125,173,65,55
125,174,57,55
125,175,61,44
125,176,58,39
125,177,49,48
125,178,71,59
125,179,45,66
125,180,48,56
125,181,61,66
125,182,51,58
125,183,46,51
125,184,64,59
125,185,50,29
125,186,56,58
125,187,45,50
125,188,69,72
125,189,61,42
125,190,59,40
125,191,40,53
125,192,53,41
125,193,60,56
125,194,61,52
125,195,69,65
125,196,59,60
126,1,53,32
126,2,52,51
126,3,38,68
126,4,40,39
126,5,35,49
126,6,43,33
126,7,47,60
126,8,43,55
126,9,23,58
126,10,26,58
126,11,29,63
126,12,39,59
126,13,60,47
126,14,49,54
126,15,36,39
126,16,26,38
126,17,49,37
126,18,51,51
126,19,27,49
126,20,37,40
126,21,34,58
126,22,22,60
126,23,42,47
126,24,32,50
126,25,38,50
126,26,37,51
126,27,43,70
126,28,56,47
126,29,51,39
126,30,33,41
126,31,32,65
126,32,53,51
126,33,42,55
126,34,45,41
126,35,41,54
126,36,42,35
126,37,42,57
126,38,48,68
126,39,38,49
126,40,20,59
126,41,25,61
126,42,39,64
126,43,56,16
126,44,44,44
126,45,44,47
126,46,49,33
126,47,37,57
126,48,53,37
126,49,51,61
126,50,63,49
126,51,28,46
126,52,46,59
126,53,33,49
126,54,37,62
126,55,54,68
126,56,55,69
126,57,34,40
126,58,36,34
126,59,35,35
126,60,52,38
126,61,45,59
126,62,48,47
126,63,60,52
126,64,30,35
126,65,29,39
126,66,44,52
126,67,38,55
126,68,48,43
126,69,53,65
126,70,37,65
126,71,58,42
126,72,43,42
126,73,44,63
126,74,62,32
126,75,41,47
126,76,34,30
126,77,51,53
126,78,49,47
126,79,44,58
126,80,49,76
126,81,46,67
126,82,42,52
126,83,57,63
126,84,36,59
126,85,48,20
126,86,65,48
126,87,49,62
126,88,67,50
126,89,52,61
126,90,50,42
126,91,46,49
126,92,46,38
126,93,62,31
126,94,42,64
126,95,53,46
126,96,54,63
126,97,61,46
126,98,73,61
126,99,58,46
126,100,49,50
126,101,42,38
126,102,57,53
126,103,44,53
126,104,29,55
126,105,52,31
126,106,46,54
126,107,57,48
126,108,44,72
126,109,49,53
126,110,49,40
126,111,51,46
126,112,55,54
126,113,55,40
126,114,37,36
126,115,54,42
126,116,48,36
126,117,65,34
126,118,35,51
126,119,60,30
126,120,62,45
126,121,60,39
126,122,63,51
126,123,37,60
126,124,55,62
126,125,51,66
126,126,59,57
126,127,37,43
126,128,65,29
126,129,45,27
126,130,47,47
126,131,48,41
126,132,60,35
126,133,65,61
126,134,41,52
126,135,42,44
126,136,57,60
126,137,64,52
126,138,43,57
126,139,40,80
126,140,35,55
126,141,45,21
126,142,50,48
126,143,46,69
126,144,54,45
126,145,62,35
126,146,57,51
126,147,73,52
126,148,55,58
126,149,54,59
126,150,62,68
126,151,42,61
126,152,49,61
126,153,45,47
126,154,67,62
126,155,56,41
126,156,43,41
126,157,56,42
126,158,41,40
126,159,67,45
126,160,60,45
126,161,55,51
126,162,55,39
126,163,68,52
126,164,71,45
126,165,47,43
126,166,39,45
126,167,46,39
126,168,42,67
126,169,65,52
126,170,43,38
126,171,58,53
126,172,68,50
126,173,65,56
126,174,58,56
126,175,60,43
126,176,58,40
126,177,50,49
126,178,72,59
126,179,44,65
126,180,47,56
126,181,61,65
126,182,51,59
126,183,47,51
126,184,65,60
126,185,49,30
126,186,57,58
126,187,45,51
126,188,69,71
126,189,62,43
126,190,58,39
126,191,40,52
126,192,52,41
126,193,61,57
126,194,60,53
126,195,70,65
126,196,59,59
127,1,52,33
127,2,52,50
127,3,39,69
127,4,40,38
127,5,35,50
127,6,44,32
127,7,46,60
127,8,43,54
127,9,24,57
127,10,25,59
127,11,29,62
127,12,40,58
127,13,61,47
127,14,50,54
127,15,36,38
127,16,27,37
127,17,48,37
127,18,51,52
127,19,26,49
127,20,37,41
127,21,34,59
127,22,23,60
127,23,43,47
127,24,32,51
127,25,37,50
127,26,36,51
127,27,43,69
127,28,55,46
127,29,50,39
127,30,32,42
127,31,31,66
127,32,54,52
127,33,42,56
127,34,44,40
127,35,40,54
127,36,43,34
127,37,41,56
127,38,47,69
127,39,38,50
127,40,19,59
127,41,24,60
127,42,39,65
127,43,55,16
127,44,43,45
127,45,45,48
127,46,50,33
127,47,38,57
127,48,52,37
127,49,51,62
127,50,63,50
127,51,28,45
127,52,47,58
127,53,32,50
127,54,36,61
127,55,53,67
127,56,55,68
127,57,34,39
127,58,37,33
127,59,34,34
127,60,51,39
127,61,45,58
127,62,49,46
127,63,61,52
127,64,30,34
127,65,28,38
127,66,43,51
127,67,38,54
127,68,48,44
127,69,54,64
127,70,37,64
127,71,58,43
127,72,44,43
127,73,44,62
127,74,63,31
127,75,40,48
127,76,33,31
127,77,50,52
127,78,49,48
127,79,44,59
127,80,49,75
127,81,46,68
127,82,41,51
127,83,56,64
127,84,37,58
127,85,47,20
127,86,65,49
127,87,48,63
127,88,67,49
127,89,52,60
127,90,50,41
127,91,45,50
127,92,45,37
127,93,61,32
127,94,43,64
127,95,54,47
127,96,55,64
127,97,62,47
127,98,74,60
127,99,57,46
127,100,49,51
127,101,42,39
127,102,56,54
127,103,45,52
127,104,28,55
127,105,52,30
127,106,47,54
127,107,58,47
127,108,44,73
127,109,48,52
127,110,50,40
127,111,50,45
127,112,56,53
127,113,56,39
127,114,37,37
127,115,55,43
127,116,47,35
127,117,64,35
127,118,36,52
127,119,60,31
127,120,62,46
127,121,61,38
127,122,64,51
127,123,36,59
127,124,56,63
127,125,52,66
127,126,60,57
127,127,38,42
127,128,64,29
127,129,44,26
127,130,48,46
127,131,47,42
127,132,61,36
127,133,64,61
127,134,41,53
127,135,41,44
127,136,56,59
127,137,63,52
127,138,42,57
127,139,41,81
127,140,36,54
127,141,44,20
127,142,50,47
127,143,45,68
127,144,53,46
127,145,61,34
127,146,57,50
127,147,72,51
127,148,54,57
127,149,54,58
127,150,62,69
127,151,41,60
127,152,50,60
127,153,46,47
127,154,67,63
127,155,55,40
127,156,44,42
127,157,55,41
127,158,42,40
127,159,66,44
127,160,61,44
127,161,55,52
127,162,56,40
127,163,67,52
127,164,72,44
127,165,48,43
127,166,40,46
127,167,45,39
127,168,43,67
127,169,66,52
127,170,44,37
127,171,57,53
127,172,69,51
127,173,66,56
127,174,59,57
127,175,60,42
127,176,58,41
127,177,49,49
127,178,72,58
127,179,43,66
127,180,48,56
127,181,61,64
127,182,52,58
127,183,48,50
127,184,64,60
127,185,48,29
127,186,56,57
127,187,46,52
127,188,68,70
127,189,63,44
127,190,59,39
127,191,40,51
127,192,53,41
127,193,62,57
127,194,61,53
127,195,69,66
127,196,60,60
128,1,53,32
128,2,51,49
128,3,38,70
128,4,40,39
128,5,34,50
128,6,44,33
128,7,47,59
128,8,43,55
128,9,25,57
128,10,24,58
128,11,30,61
128,12,41,57
128,13,61,48
128,14,49,53
128,15,36,39
128,16,28,36
128,17,47,36
128,18,51,53
128,19,26,50
128,20,36,41
128,21,35,60
128,22,24,61
128,23,42,47
128,24,32,52
128,25,36,50
128,26,35,51
128,27,44,68
128,28,54,46
128,29,50,38
128,30,33,41
128,31,30,67
128,32,55,51
128,33,42,55
128,34,44,41
128,35,41,55
128,36,43,35
128,37,40,55
128,38,47,70
128,39,39,51
128,40,20,59
128,41,25,61
128,42,40,64
128,43,54,15
128,44,44,46
128,45,44,49
128,46,51,34
128,47,38,58
128,48,53,36
128,49,50,61
128,50,62,51
128,51,27,46
128,52,46,58
128,53,33,51
128,54,36,60
128,55,54,68
128,56,54,69
128,57,33,39
128,58,38,34
128,59,34,33
128,60,50,39
128,61,46,59
128,62,50,46
128,63,60,51
128,64,30,35
128,65,29,37
128,66,43,52
128,67,37,54
128,68,47,45
128,69,53,64
128,70,38,64
128,71,57,44
128,72,43,44
128,73,44,61
128,74,62,31
128,75,39,49
128,76,34,31
128,77,50,53
128,78,49,47
128,79,44,58
128,80,48,75
128,81,46,69
128,82,40,50
128,83,56,65
128,84,37,59
128,85,48,19
128,86,65,48
128,87,48,64
128,88,66,48
128,89,51,59
128,90,51,41
128,91,44,51
128,92,45,38
128,93,62,33
128,94,44,65
128,95,55,46
128,96,54,64
128,97,63,46
128,98,74,59
128,99,56,45
128,100,50,52
128,101,43,40
128,102,57,55
128,103,45,51
128,104,29,54
128,105,53,31
128,106,46,55
128,107,57,48
128,108,43,73
128,109,47,51
128,110,49,40
128,111,49,45
128,112,56,52
128,113,57,39
128,114,38,37
128,115,54,43
128,116,47,34
128,117,65,36
128,118,35,53
128,119,59,30
128,120,62,45
128,121,60,39
128,122,64,50
128,123,36,58
128,124,57,64
128,125,53,65
128,126,59,58
128,127,39,43
128,128,63,28
128,129,44,27
128,130,47,46
128,131,46,42
128,132,60,37
128,133,64,62
128,134,40,52
128,135,40,44
128,136,55,60
128,137,64,51
128,138,43,57
128,139,40,80
128,140,37,53
128,141,43,21
128,142,49,48
128,143,44,69
128,144,53,45
128,145,62,35
128,146,56,49
128,147,73,50
128,148,53,56
128,149,55,58
128,150,62,68
128,151,40,59
128,152,50,59
128,153,45,48
128,154,66,62
128,155,56,41
128,156,43,43
128,157,55,40
128,158,41,39
128,159,67,43
128,160,61,45
128,161,54,51
128,162,55,41
128,163,67,51
128,164,73,43
128,165,47,42
128,166,41,46
128,167,46,38
128,168,42,66
128,169,65,51
128,170,45,37
128,171,58,52
128,172,68,51
128,173,67,57
128,174,60,58
128,175,61,42
128,176,58,42
128,177,50,48
128,178,73,59
128,179,44,67
128,180,47,55
128,181,60,63
128,182,53,57
128,183,49,49
128,184,63,61
128,185,47,29
128,186,57,56
128,187,45,52
128,188,69,70
128,189,63,45
128,190,59,38
128,191,41,51
128,192,53,42
128,193,61,57
128,194,60,53
128,195,68,66
128,196,61,61
129,1,52,32
129,2,50,50
129,3,38,71
129,4,40,40
129,5,33,49
129,6,43,33
129,7,48,59
129,8,44,56
129,9,26,56
129,10,25,58
129,11,30,60
129,12,40,56
129,13,62,49
129,14,50,54
129,15,35,39
129,16,29,35
129,17,48,36
129,18,52,52
129,19,27,51
129,20,37,41
129,21,36,59
129,22,23,61
129,23,43,47
129,24,33,52
129,25,37,49
129,26,36,51
129,27,43,68
129,28,53,46
129,29,49,38
129,30,32,42
129,31,29,66
129,32,56,51
129,33,43,56
129,34,43,41
129,35,42,54
129,36,44,36
129,37,39,54
129,38,48,69
129,39,38,51
129,40,19,58
129,41,24,60
129,42,41,65
129,43,55,16
129,44,43,46
129,45,45,50
129,46,52,33
129,47,37,57
129,48,53,35
129,49,49,61
129,50,61,51
129,51,27,45
129,52,47,59
129,53,32,52
129,54,37,60
129,55,53,67
129,56,55,70
129,57,34,40
129,58,39,35
129,59,35,32
129,60,50,38
129,61,47,60
129,62,51,46
129,63,59,52
129,64,29,36
129,65,29,38
129,66,42,51
129,67,36,54
129,68,48,46
129,69,54,65
129,70,37,64
129,71,58,44
129,72,42,43
129,73,43,60
129,74,61,32
129,75,38,50
129,76,33,30
129,77,51,52
129,78,50,46
129,79,45,58
129,80,47,75
129,81,46,70
129,82,39,49
129,83,56,64
129,84,38,58
129,85,49,18
129,86,66,47
129,87,49,63
129,88,65,48
129,89,52,60
129,90,51,42
129,91,44,52
129,92,45,39
129,93,63,34
129,94,45,65
129,95,54,45
129,96,55,63
129,97,63,47
129,98,75,59
129,99,56,44
129,100,50,51
129,101,42,41
129,102,58,55
129,103,44,50
129,104,29,53
129,105,53,32
129,106,45,55
129,107,57,47
129,108,44,74
129,109,46,52
129,110,48,39
129,111,50,45
129,112,56,53
129,113,57,38
129,114,39,36
129,115,55,44
129,116,47,35
129,117,66,37
129,118,35,52
129,119,58,31
129,120,62,44
129,121,60,38
129,122,63,51
129,123,37,58
129,124,57,65
129,125,52,66
129,126,60,57
129,127,39,42
129,128,62,27
129,129,43,28
129,130,47,47
129,131,47,43
129,132,61,36
129,133,64,63
129,134,40,51
129,135,40,45
129,136,55,59
129,137,65,52
129,138,44,57
129,139,41,81
129,140,37,52
129,141,44,22
129,142,48,48
129,143,44,70
129,144,53,44
129,145,62,34
129,146,56,50
129,147,72,51
129,148,54,55
129,149,54,57
129,150,62,67
129,151,41,59
129,152,50,60
129,153,46,47
129,154,66,61
129,155,56,42
129,156,43,42
129,157,56,40
129,158,41,38
129,159,68,42
129,160,61,46
129,161,54,52
129,162,54,40
129,163,66,50
129,164,74,44
129,165,46,42
129,166,41,45
129,167,45,38
129,168,41,67
129,169,66,52
129,170,45,36
129,171,59,53
129,172,69,52
129,173,68,57
129,174,59,57
129,175,60,41
129,176,58,43
129,177,51,48
129,178,74,59
129,179,44,66
129,180,48,54
129,181,61,62
129,182,52,58
129,183,50,49
129,184,63,60
129,185,47,30
129,186,56,56
129,187,44,53
129,188,68,71
129,189,64,46
129,190,60,39
129,191,41,52
129,192,53,43
129,193,60,58
129,194,61,53
129,195,69,66
129,196,62,62
130,1,53,31
130,2,51,51
130,3,39,71
130,4,40,41
130,5,32,48
130,6,44,34
130,7,48,58
130,8,43,57
130,9,27,55
130,10,24,59
130,11,30,61
130,12,41,55
130,13,63,49
130,14,51,53
130,15,35,40
130,16,28,35
130,17,47,37
130,18,53,51
130,19,26,50
130,20,37,40
130,21,36,60
130,22,22,61
130,23,42,46
130,24,33,51
130,25,37,48
130,26,37,50
130,27,44,67
130,28,54,46
130,29,49,39
130,30,32,41
130,31,28,67
130,32,57,51
130,33,42,56
130,34,44,40
130,35,42,53
130,36,43,35
130,37,39,53
130,38,48,70
130,39,39,51
130,40,20,58
130,41,25,60
130,42,41,66
130,43,55,15
130,44,44,46
130,45,45,49
130,46,51,33
130,47,38,57
130,48,53,36
130,49,50,62
130,50,60,50
130,51,26,46
130,52,46,60
130,53,31,52
130,54,38,59
130,55,54,66
130,56,54,69
130,57,33,41
130,58,38,36
130,59,35,33
130,60,50,37
130,61,47,61
130,62,52,46
130,63,58,51
130,64,29,35
130,65,30,39
130,66,41,50
130,67,35,55
130,68,49,47
130,69,55,66
130,70,38,65
130,71,57,44
130,72,41,42
130,73,44,60
130,74,62,33
130,75,39,50
130,76,34,30
130,77,52,52
130,78,49,45
130,79,45,57
130,80,48,76
130,81,47,71
130,82,38,49
130,83,56,65
130,84,39,58
130,85,48,19
130,86,65,46
130,87,49,62
130,88,65,47
130,89,53,61
130,90,52,42
130,91,44,51
130,92,46,39
130,93,64,34
130,94,45,66
130,95,53,46
130,96,56,62
130,97,64,47
130,98,76,60
130,99,57,45
130,100,50,52
130,101,43,40
130,102,59,54
130,103,43,51
130,104,28,53
130,105,52,33
130,106,45,56
130,107,58,47
130,108,45,75
130,109,47,51
130,110,48,40
130,111,51,45
130,112,56,54
130,113,57,37
130,114,40,35
130,115,54,44
130,116,46,36
130,117,65,38
130,118,35,53
130,119,57,32
130,120,61,44
130,121,59,39
130,122,63,50
130,123,38,58
130,124,58,64
130,125,52,65
130,126,61,58
130,127,38,42
130,128,61,27
130,129,44,28
130,130,48,47
130,131,47,42
130,132,61,35
130,133,65,62
130,134,39,52
130,135,41,46
130,136,56,58
130,137,64,53
130,138,45,58
130,139,41,80
130,140,36,53
130,141,45,22
130,142,47,48
130,143,45,69
130,144,52,44
130,145,62,35
130,146,57,50
130,147,73,51
130,148,53,56
130,149,55,57
130,150,62,66
130,151,42,59
130,152,51,61
130,153,46,48
130,154,67,60
130,155,55,42
130,156,44,43
130,157,56,41
130,158,40,39
130,159,67,41
130,160,60,47
130,161,54,53
130,162,53,41
130,163,66,51
130,164,74,43
130,165,46,43
130,166,40,45
130,167,45,39
130,168,42,66
130,169,67,53
130,170,46,37
130,171,58,53
130,172,70,52
130,173,68,58
130,174,58,57
130,175,60,42
130,176,59,42
130,177,51,47
130,178,74,60
130,179,43,66
130,180,49,53
130,181,60,62
130,182,53,57
130,183,51,48
130,184,62,61
130,185,48,31
130,186,55,55
130,187,44,54
130,188,67,71
130,189,63,47
130,190,60,38
130,191,40,53
130,192,52,43
130,193,60,57
130,194,60,52
130,195,70,65
130,196,62,63
131,1,53,30
131,2,52,51
131,3,40,71
131,4,40,40
131,5,31,49
131,6,43,34
131,7,47,58
131,8,42,57
131,9,28,55
131,10,23,58
131,11,31,60
131,12,42,54
131,13,64,49
131,14,50,54
131,15,36,39
131,16,28,36
131,17,47,38
131,18,53,52
131,19,25,51
131,20,38,41
131,21,35,60
131,22,21,61
131,23,41,45
131,24,34,51
131,25,38,47
131,26,37,51
131,27,44,68
131,28,55,46
131,29,48,39
131,30,31,40
131,31,28,68
131,32,57,52
131,33,41,56
131,34,43,41
131,35,42,52
131,36,44,36
131,37,40,52
131,38,48,69
131,39,38,52
131,40,21,59
131,41,24,60
131,42,40,67
131,43,56,14
131,44,43,47
131,45,45,50
131,46,52,34
131,47,39,56
131,48,53,35
131,49,51,62
131,50,60,49
131,51,27,45
131,52,47,59
131,53,30,52
131,54,39,60
131,55,55,65
131,56,53,69
131,57,32,40
131,58,39,35
131,59,34,33
131,60,51,37
131,61,47,60
131,62,53,47
131,63,57,51
131,64,29,34
131,65,31,39
131,66,40,50
131,67,36,54
131,68,48,46
131,69,56,66
131,70,38,66
131,71,58,44
131,72,42,41
131,73,45,61
131,74,61,34
131,75,40,51
131,76,33,29
131,77,51,52
131,78,49,46
131,79,46,56
131,80,47,75
131,81,46,72
131,82,38,48
131,83,56,64
131,84,40,59
131,85,49,19
131,86,64,45
131,87,50,62
131,88,64,46
131,89,54,61
131,90,51,41
131,91,45,51
131,92,47,40
131,93,65,33
131,94,44,67
131,95,52,46
131,96,55,61
131,97,65,48
131,98,76,61
131,99,56,45
131,100,50,51
131,101,44,39
131,102,60,55
131,103,44,52
131,104,27,52
131,105,51,32
131,106,44,56
131,107,58,48
131,108,46,76
131,109,48,50
131,110,49,40
131,111,51,46
131,112,55,53
131,113,56,37
131,114,41,34
131,115,53,45
131,116,45,36
131,117,65,39
131,118,36,52
131,119,57,33
131,120,62,45
131,121,58,39
131,122,64,50
131,123,38,59
131,124,57,64
131,125,52,66
131,126,61,57
131,127,37,43
131,128,60,26
131,129,45,29
131,130,49,48
131,131,46,41
131,132,60,34
131,133,65,63
131,134,39,53
131,135,42,45
131,136,55,59
131,137,63,53
131,138,46,59
131,139,42,80
131,140,35,54
131,141,46,22
131,142,47,49
131,143,44,69
131,144,53,44
131,145,61,35
131,146,58,50
131,147,73,52
131,148,54,56
131,149,56,56
131,150,61,66
131,151,41,58
131,152,52,62
131,153,45,48
131,154,68,60
131,155,54,41
131,156,45,43
131,157,56,40
131,158,40,38
131,159,66,41
131,160,59,46
131,161,53,54
131,162,53,40
131,163,67,52
131,164,75,44
131,165,45,44
131,166,41,46
131,167,46,38
131,168,41,66
131,169,68,53
131,170,47,37
131,171,57,53
131,172,69,52
131,173,67,57
131,174,57,58
131,175,60,43
131,176,58,41
131,177,50,46
131,178,75,60
131,179,42,65
131,180,48,52
131,181,59,63
131,182,52,56
131,183,52,49
131,184,62,60
131,185,47,31
131,186,55,56
131,187,43,54
131,188,67,70
131,189,64,47
131,190,60,39
131,191,40,54
131,192,53,42
131,193,60,58
131,194,59,53
131,195,70,64
131,196,61,63
132,1,53,29
132,2,51,51
132,3,39,70
132,4,40,41
132,5,32,48
132,6,42,35
132,7,47,57
132,8,42,56
132,9,29,55
132,10,24,57
132,11,32,60
132,12,41,53
132,13,63,50
132,14,49,55
132,15,36,38
132,16,28,37
132,17,46,37
132,18,54,51
132,19,26,52
132,20,38,42
132,21,34,60
132,22,22,62
132,23,40,45
132,24,35,50
132,25,39,48
132,26,38,50
132,27,43,67
132,28,55,47
132,29,48,38
132,30,31,41
132,31,27,67
132,32,56,52
132,33,42,55
132,34,43,42
132,35,42,51
132,36,44,35
132,37,41,52
132,38,49,70
132,39,39,51
132,40,20,58
132,41,24,61
132,42,41,67
132,43,56,15
132,44,42,48
132,45,44,50
132,46,52,33
132,47,38,56
132,48,54,36
132,49,50,61
132,50,61,49
132,51,27,44
132,52,48,60
132,53,29,53
132,54,39,59
132,55,54,66
132,56,52,69
132,57,33,40
132,58,39,36
132,59,34,32
132,60,52,37
132,61,47,61
132,62,54,46
132,63,58,51
132,64,29,33
132,65,32,38
132,66,39,49
132,67,36,55
132,68,48,47
132,69,57,65
132,70,37,65
132,71,59,45
132,72,42,42
132,73,46,62
132,74,61,33
132,75,39,50
132,76,33,28
132,77,52,53
132,78,49,45
132,79,46,55
132,80,48,74
132,81,47,72
132,82,38,49
132,83,55,63
132,84,40,60
132,85,50,20
132,86,63,44
132,87,49,61
132,88,63,45
132,89,53,60
132,90,51,42
132,91,46,50
132,92,48,39
132,93,66,33
132,94,43,66
132,95,51,47
132,96,54,60
132,97,66,49
132,98,77,62
132,99,57,45
132,100,49,50
132,101,43,39
132,102,59,54
132,103,44,51
132,104,28,52
132,105,51,33
132,106,45,57
132,107,57,48
132,108,45,76
132,109,48,51
132,110,48,41
132,111,51,45
132,112,55,52
132,113,56,36
132,114,41,33
132,115,53,46
132,116,44,36
132,117,64,39
132,118,35,53
132,119,58,32
132,120,61,44
132,121,59,39
132,122,65,51
132,123,39,60
132,124,58,65
132,125,51,67
132,126,62,57
132,127,37,44
132,128,59,26
132,129,44,30
132,130,49,47
132,131,47,41
132,132,59,34
132,133,64,62
132,134,38,53
132,135,43,44
132,136,55,60
132,137,62,52
132,138,46,60
132,139,42,81
132,140,34,53
132,141,46,23
132,142,48,50
132,143,44,70
132,144,54,44
132,145,60,34
132,146,59,51
132,147,72,51
132,148,54,55
132,149,55,55
132,150,60,67
132,151,42,58
132,152,53,63
132,153,46,49
132,154,67,60
132,155,54,42
132,156,45,42
132,157,56,41
132,158,41,37
132,159,65,40
132,160,59,47
132,161,54,53
132,162,52,39
132,163,67,51
132,164,76,44
132,165,46,43
132,166,41,45
132,167,45,38
132,168,40,66
132,169,68,52
132,170,47,38
132,171,56,53
132,172,68,53
132,173,68,58
132,174,57,57
132,175,60,42
132,176,58,42
132,177,51,46
132,178,76,60
132,179,42,64
132,180,47,52
132,181,60,64
132,182,51,55
132,183,51,48
132,184,61,59
132,185,47,30
132,186,56,57
132,187,43,53
132,188,68,71
132,189,65,48
132,190,61,38
132,191,40,55
132,192,53,41
132,193,59,59
132,194,60,52
132,195,69,65
132,196,61,64
133,1,52,28
133,2,50,51
133,3,40,69
133,4,39,41
133,5,31,47
133,6,43,34
133,7,46,58
133,8,43,56
133,9,28,55
133,10,23,57
133,11,33,59
133,12,40,54
133,13,63,51
133,14,49,56
133,15,35,37
133,16,29,38
133,17,45,37
133,18,53,51
133,19,25,52
133,20,39,42
133,21,35,59
133,22,22,63
133,23,40,44
133,24,34,49
133,25,40,49
133,26,38,51
133,27,44,67
133,28,56,46
133,29,47,37
133,30,30,40
133,31,28,66
133,32,57,53
133,33,43,54
133,34,42,43
133,35,41,50
133,36,45,35
133,37,41,53
133,38,50,70
133,39,38,50
133,40,20,59
133,41,25,62
133,42,42,67
133,43,56,14
133,44,43,48
133,45,45,51
133,46,51,34
133,47,37,55
133,48,53,36
133,49,51,62
133,50,60,48
133,51,27,43
133,52,47,60
133,53,30,52
133,54,39,58
133,55,53,65
133,56,53,70
133,57,32,41
133,58,39,35
133,59,34,33
133,60,53,37
133,61,47,62
133,62,55,46
133,63,57,52
133,64,28,34
133,65,32,37
133,66,38,48
133,67,37,54
133,68,49,46
133,69,58,66
133,70,36,66
133,71,59,46
133,72,43,43
133,73,46,63
133,74,61,32
133,75,40,51
133,76,32,28
133,77,51,52
133,78,48,45
133,79,46,56
133,80,49,74
133,81,46,71
133,82,39,50
133,83,55,62
133,84,41,59
133,85,49,21
133,86,62,45
133,87,48,62
133,88,64,45
133,89,53,61
133,90,50,41
133,91,45,50
133,92,47,40
133,93,67,33
133,94,44,65
133,95,52,46
133,96,54,61
133,97,66,50
133,98,78,63
133,99,57,44
133,100,49,51
133,101,43,38
133,102,60,54
133,103,44,50
133,104,27,52
133,105,51,32
133,106,44,56
133,107,56,47
133,108,44,75
133,109,48,52
133,110,48,42
133,111,50,44
133,112,55,51
133,113,57,36
133,114,41,32
133,115,54,46
133,116,44,35
133,117,63,38
133,118,35,52
133,119,57,32
133,120,60,45
133,121,58,40
133,122,64,50
133,123,40,60
133,124,57,66
133,125,50,67
133,126,62,58
133,127,37,43
133,128,58,27
133,129,45,29
133,130,48,47
133,131,47,42
133,132,58,33
133,133,63,63
133,134,39,53
133,135,44,44
133,136,54,60
133,137,62,53
133,138,45,59
133,139,42,80
133,140,33,53
133,141,47,23
133,142,48,49
133,143,45,71
133,144,55,43
133,145,60,35
133,146,58,51
133,147,73,51
133,148,55,54
133,149,54,54
133,150,59,66
133,151,43,57
133,152,54,63
133,153,47,48
133,154,68,61
133,155,55,42
133,156,44,42
133,157,57,42
133,158,40,36
133,159,66,39
133,160,60,46
133,161,55,52
133,162,53,39
133,163,68,50
133,164,77,44
133,165,46,44
133,166,41,44
133,167,46,38
133,168,40,67
133,169,69,51
133,170,46,37
133,171,57,54
133,172,69,53
133,173,69,58
133,174,57,56
133,175,59,41
133,176,58,41
133,177,50,47
133,178,75,61
133,179,42,65
133,180,47,51
133,181,59,65
133,182,51,56
133,183,50,48
133,184,62,60
133,185,48,31
133,186,57,57
133,187,44,54
133,188,67,72
133,189,64,49
133,190,62,37
133,191,40,56
133,192,54,41
133,193,60,59
133,194,60,53
133,195,68,66
133,196,60,65
134,1,52,29
134,2,51,50
134,3,41,69
134,4,40,42
134,5,30,46
134,6,42,33
134,7,47,57
134,8,42,57
134,9,27,55
134,10,22,58
134,11,34,58
134,12,40,53
134,13,63,52
134,14,48,55
134,15,35,38
134,16,29,37
134,17,45,36
134,18,52,51
134,19,25,53
134,20,40,43
134,21,36,60
134,22,21,64
134,23,39,43
134,24,33,49
134,25,40,48
134,26,37,50
134,27,43,67
134,28,56,45
134,29,48,36
134,30,30,39
134,31,27,65
134,32,58,54
134,33,43,55
134,34,41,42
134,35,40,49
134,36,46,36
134,37,40,52
134,38,49,69
134,39,39,51
134,40,19,60
134,41,24,62
134,42,42,66
134,43,56,15
134,44,44,48
134,45,46,51
134,46,50,33
134,47,38,55
134,48,52,36
134,49,51,61
134,50,60,49
134,51,26,42
134,52,48,60
134,53,31,51
134,54,40,58
134,55,53,66
134,56,54,69
134,57,33,41
134,58,38,36
134,59,34,32
134,60,52,38
134,61,46,62
134,62,55,45
134,63,56,53
134,64,27,34
134,65,33,36
134,66,37,48
134,67,37,53
134,68,48,46
134,69,59,67
134,70,36,67
134,71,58,47
134,72,42,42
134,73,47,62
134,74,60,33
134,75,40,50
134,76,31,29
134,77,50,51
134,78,49,46
134,79,46,55
134,80,50,73
134,81,47,72
134,82,40,51
134,83,56,62
134,84,42,59
134,85,49,22
134,86,61,45
134,87,49,62
134,88,63,44
134,89,54,62
134,90,49,42
134,91,44,49
134,92,47,41
134,93,66,32
134,94,43,65
134,95,51,47
134,96,53,60
134,97,65,49
134,98,79,62
134,99,57,43
134,100,48,50
134,101,44,38
134,102,59,54
134,103,45,51
134,104,27,53
134,105,50,32
134,106,44,55
134,107,57,46
134,108,43,74
134,109,47,53
134,110,49,41
134,111,50,45
134,112,56,51
134,113,56,37
134,114,41,33
134,115,54,47
134,116,44,36
134,117,64,37
134,118,36,52
134,119,56,31
134,120,61,44
134,121,59,39
134,122,64,51
134,123,39,59
134,124,58,66
134,125,51,67
134,126,63,58
134,127,36,43
134,128,58,26
134,129,45,28
134,130,49,48
134,131,48,41
134,132,59,33
134,133,64,63
134,134,39,52
134,135,43,45
134,136,55,59
134,137,63,53
134,138,46,59
134,139,42,79
134,140,33,52
134,141,47,24
134,142,49,50
134,143,44,71
134,144,54,43
134,145,60,34
134,146,57,52
134,147,74,50
134,148,56,55
134,149,53,53
134,150,60,66
134,151,44,56
134,152,53,63
134,153,46,48
134,154,69,62
134,155,56,43
134,156,45,42
134,157,57,41
134,158,41,36
134,159,66,38
134,160,59,46
134,161,54,53
134,162,52,40
134,163,68,51
134,164,77,43
134,165,46,43
134,166,41,43
134,167,45,37
134,168,39,67
134,169,70,50
134,170,45,38
134,171,56,54
134,172,69,52
134,173,69,59
134,174,56,56
134,175,59,40
134,176,57,40
134,177,49,47
134,178,76,61
134,179,43,64
134,180,48,51
134,181,58,64
134,182,50,56
134,183,51,48
134,184,61,61
134,185,49,32
134,186,56,58
134,187,43,53
134,188,66,72
134,189,65,50
134,190,63,36
134,191,40,57
134,192,53,41
134,193,59,59
134,194,60,52
134,195,68,65
134,196,61,66
135,1,52,28
135,2,52,50
135,3,40,69
135,4,40,41
135,5,30,47
135,6,43,33
135,7,47,56
135,8,41,57
135,9,28,54
135,10,21,58
135,11,33,57
135,12,41,54
135,13,64,53
135,14,47,55
135,15,34,37
135,16,29,36
135,17,46,35
135,18,52,52
135,19,24,54
135,20,41,44
135,21,37,60
135,22,20,64
135,23,40,42
135,24,34,50
135,25,39,47
135,26,36,50
135,27,44,66
135,28,55,46
135,29,47,35
135,30,29,39
135,31,28,66
135,32,57,55
135,33,43,56
135,34,42,43
135,35,41,49
135,36,45,36
135,37,41,51
135,38,49,68
135,39,40,52
135,40,20,60
135,41,23,63
135,42,41,65
135,43,56,14
135,44,44,47
135,45,47,52
135,46,49,33
135,47,37,55
135,48,53,36
135,49,51,60
135,50,60,50
135,51,27,43
135,52,48,59
135,53,31,52
135,54,41,59
135,55,54,67
135,56,55,70
135,57,34,42
135,58,39,35
135,59,35,32
135,60,53,39
135,61,45,62
135,62,56,45
135,63,57,54
135,64,28,34
135,65,32,36
135,66,38,47
135,67,38,54
135,68,47,45
135,69,60,68
135,70,37,68
135,71,57,47
135,72,41,41
135,73,48,61
135,74,59,32
135,75,39,51
135,76,30,29
135,77,50,50
135,78,48,45
135,79,45,54
135,80,49,72
135,81,47,73
135,82,41,50
135,83,56,63
135,84,41,60
135,85,48,21
135,86,60,45
135,87,50,62
135,88,64,45
135,89,55,62
135,90,50,43
135,91,44,48
135,92,47,40
135,93,65,31
135,94,42,64
135,95,52,48
135,96,54,61
135,97,64,50
135,98,80,62
135,99,57,44
135,100,47,50
135,101,43,39
135,102,59,55
135,103,46,52
135,104,28,52
135,105,51,33
135,106,45,56
135,107,56,46
135,108,43,73
135,109,48,53
135,110,50,41
135,111,51,45
135,112,56,52
135,113,56,38
135,114,40,33
135,115,54,46
135,116,45,35
135,117,64,38
135,118,36,53
135,119,55,32
135,120,61,45
135,121,58,38
135,122,63,52
135,123,40,58
135,124,59,65
135,125,50,66
135,126,63,57
135,127,37,44
135,128,58,27
135,129,46,27
135,130,49,49
135,131,47,42
135,132,58,34
135,133,65,64
135,134,40,53
135,135,42,44
135,136,56,59
135,137,62,52
135,138,45,59
135,139,43,79
135,140,32,52
135,141,47,25
135,142,48,49
135,143,44,70
135,144,54,44
135,145,60,35
135,146,58,51
135,147,75,51
135,148,57,56
135,149,54,54
135,150,60,67
135,151,44,57
135,152,52,63
135,153,45,49
135,154,68,61
135,155,56,44
135,156,46,42
135,157,58,41
135,158,40,35
135,159,67,37
135,160,59,47
135,161,53,52
135,162,53,40
135,163,67,52
135,164,77,44
135,165,46,44
135,166,40,44
135,167,46,36
135,168,39,68
135,169,71,49
135,170,45,37
135,171,56,55
135,172,70,53
135,173,68,58
135,174,55,57
135,175,59,39
135,176,57,39
135,177,50,48
135,178,77,62
135,179,44,64
135,180,48,52
135,181,57,65
135,182,50,55
135,183,52,47
135,184,61,62
135,185,50,33
135,186,55,58
135,187,42,54
135,188,67,71
135,189,64,49
135,190,62,36
135,191,40,56
135,192,52,41
135,193,60,58
135,194,61,52
135,195,67,65
135,196,62,65
136,1,52,27
136,2,52,51
136,3,40,68
136,4,39,41
136,5,30,46
136,6,42,32
136,7,48,57
136,8,42,56
136,9,28,53
136,10,22,57
136,11,33,56
136,12,41,53
136,13,65,53
136,14,47,54
136,15,35,38
136,16,30,36
136,17,47,36
136,18,51,51
136,19,25,54
136,20,40,45
136,21,36,60
136,22,20,63
136,23,41,43
136,24,33,50
136,25,39,46
136,26,37,50
136,27,44,67
136,28,55,45
136,29,47,34
136,30,29,40
136,31,29,66
136,32,58,55
136,33,42,55
136,34,43,44
136,35,40,48
136,36,44,36
136,37,42,51
136,38,49,69
136,39,39,52
136,40,20,59
136,41,22,62
136,42,40,65
136,43,56,15
136,44,45,46
136,45,46,51
136,46,48,34
136,47,37,56
136,48,53,37
136,49,52,61
136,50,59,51
136,51,28,42
136,52,48,58
136,53,30,51
136,54,42,59
136,55,54,68
136,56,56,70
136,57,35,41
136,58,38,34
136,59,35,31
136,60,54,40
136,61,46,63
136,62,57,45
136,63,57,55
136,64,28,35
136,65,31,37
136,66,38,46
136,67,37,54
136,68,46,45
136,69,61,69
136,70,38,69
136,71,57,46
136,72,40,42
136,73,47,60
136,74,60,31
136,75,38,51
136,76,31,29
136,77,50,51
136,78,49,45
136,79,45,55
136,80,50,72
136,81,48,72
136,82,40,50
136,83,55,64
136,84,41,61
136,85,48,22
136,86,61,44
136,87,49,63
136,88,63,45
136,89,55,63
136,90,51,42
136,91,44,47
136,92,48,39
136,93,66,32
136,94,42,63
136,95,51,47
136,96,55,60
136,97,65,49
136,98,79,62
136,99,58,45
136,100,47,51
136,101,42,40
136,102,60,54
136,103,47,52
136,104,29,52
136,105,50,32
136,106,45,57
136,107,56,47
136,108,42,73
136,109,47,53
136,110,49,41
136,111,50,46
136,112,55,53
136,113,56,39
136,114,41,32
136,115,55,47
136,116,46,35
136,117,65,39
136,118,36,52
136,119,54,32
136,120,60,45
136,121,59,38
136,122,62,53
136,123,39,58
136,124,60,64
136,125,50,65
136,126,64,56
136,127,38,44
136,128,57,27
136,129,45,27
136,130,49,50
136,131,46,41
136,132,57,33
136,133,65,65
136,134,41,52
136,135,41,45
136,136,55,59
136,137,61,51
136,138,45,60
136,139,44,79
136,140,31,52
136,141,47,26
136,142,48,48
136,143,45,69
136,144,54,43
136,145,59,35
136,146,57,51
136,147,74,51
136,148,56,57
136,149,54,53
136,150,61,68
136,151,43,58
136,152,51,64
136,153,46,49
136,154,67,61
136,155,55,44
136,156,45,41
136,157,57,41
136,158,40,36
136,159,68,36
136,160,60,47
136,161,53,51
136,162,53,41
136,163,66,53
136,164,78,44
136,165,47,44
136,166,39,44
136,167,47,37
136,168,39,69
136,169,70,50
136,170,45,36
136,171,55,55
136,172,70,52
136,173,68,59
136,174,56,58
136,175,58,40
136,176,58,38
136,177,49,48
136,178,76,62
136,179,45,64
136,180,49,53
136,181,58,65
136,182,49,56
136,183,51,48
136,184,62,62
136,185,51,32
136,186,54,59
136,187,43,53
136,188,66,70
136,189,64,50
136,190,63,37
136,191,40,57
136,192,53,40
136,193,61,58
136,194,61,53
136,195,68,66
136,196,63,64
137,1,53,28
137,2,53,50
137,3,40,69
137,4,38,40
137,5,31,46
137,6,43,31
137,7,47,58
137,8,43,56
137,9,29,53
137,10,21,57
137,11,32,56
137,12,40,52
137,13,66,52
137,14,48,53
137,15,36,37
137,16,29,36
137,17,48,37
137,18,52,52
137,19,25,53
137,20,41,44
137,21,35,60
137,22,19,62
137,23,40,44
137,24,32,51
137,25,40,45
137,26,36,49
137,27,43,68
137,28,54,46
137,29,48,33
137,30,29,41
137,31,29,65
137,32,57,56
137,33,41,56
137,34,43,45
137,35,40,49
137,36,45,35
137,37,43,51
137,38,49,70
137,39,38,52
137,40,19,59
137,41,21,62
137,42,40,66
137,43,55,16
137,44,46,46
137,45,46,52
137,46,47,34
137,47,37,55
137,48,54,36
137,49,53,61
137,50,58,52
137,51,27,41
137,52,49,59
137,53,30,52
137,54,41,60
137,55,55,68
137,56,57,70
137,57,36,41
137,58,37,34
137,59,34,31
137,60,55,39
137,61,46,64
137,62,56,46
137,63,56,56
137,64,29,34
137,65,30,36
137,66,39,47
137,67,36,53
137,68,45,46
137,69,62,68
137,70,39,68
137,71,58,46
137,72,39,43
137,73,47,59
137,74,61,32
137,75,39,50
137,76,30,29
137,77,50,52
137,78,48,44
137,79,45,54
137,80,51,72
137,81,48,73
137,82,41,51
137,83,54,65
137,84,40,60
137,85,47,22
137,86,61,45
137,87,49,64
137,88,64,44
137,89,54,62
137,90,50,42
137,91,45,48
137,92,49,40
137,93,67,32
137,94,42,64
137,95,52,47
137,96,56,60
137,97,66,49
137,98,78,63
137,99,59,45
137,100,48,51
137,101,42,39
137,102,59,54
137,103,48,52
137,104,28,53
137,105,51,33
137,106,46,58
137,107,57,48
137,108,41,73
137,109,46,54
137,110,48,42
137,111,50,45
137,112,54,54
137,113,55,38
137,114,41,33
137,115,56,48
137,116,46,36
137,117,66,39
137,118,37,51
137,119,53,31
137,120,61,44
137,121,59,37
137,122,62,54
137,123,40,59
137,124,60,65
137,125,49,65
137,126,63,57
137,127,38,45
137,128,56,28
137,129,44,28
137,130,49,51
137,131,46,42
137,132,58,33
137,133,65,66
137,134,42,51
137,135,41,46
137,136,55,58
137,137,62,52
137,138,46,59
137,139,43,80
137,140,31,51
137,141,46,26
137,142,47,48
137,143,46,70
137,144,55,42
137,145,58,35
137,146,57,50
137,147,74,50
137,148,57,57
137,149,53,52
137,150,62,67
137,151,44,58
137,152,50,63
137,153,46,48
137,154,68,61
137,155,56,44
137,156,46,41
137,157,58,42
137,158,41,36
137,159,69,37
137,160,60,46
137,161,52,51
137,162,52,41
137,163,67,52
137,164,77,43
137,165,48,45
137,166,39,45
137,167,47,38
137,168,38,68
137,169,71,51
137,170,45,37
137,171,54,56
137,172,70,53
137,173,69,59
137,174,56,59
137,175,59,41
137,176,58,39
137,177,49,49
137,178,77,61
137,179,44,63
137,180,50,53
137,181,59,66
137,182,48,56
137,183,50,48
137,184,63,63
137,185,51,31
137,186,55,59
137,187,44,53
137,188,66,69
137,189,63,49
137,190,63,38
137,191,41,58
137,192,54,39
137,193,61,59
137,194,60,53
137,195,67,66
137,196,64,64
138,1,53,29
138,2,52,50
138,3,41,69
138,4,39,40
138,5,31,47
138,6,42,32
138,7,48,57
138,8,44,55
138,9,29,54
138,10,22,57
138,11,31,55
138,12,39,52
138,13,67,53
138,14,49,52
138,15,37,38
138,16,29,35
138,17,47,36
138,18,51,51
138,19,24,52
138,20,42,44
138,21,35,61
138,22,20,62
138,23,41,44
138,24,32,52
138,25,41,45
138,26,35,48
138,27,42,69
138,28,53,45
138,29,48,34
138,30,29,40
138,31,30,64
138,32,58,55
138,33,40,55
138,34,44,45
138,35,40,50
138,36,44,34
138,37,44,51
138,38,49,71
138,39,39,53
138,40,19,58
138,41,22,62
138,42,41,66
138,43,56,17
138,44,46,47
138,45,46,51
138,46,46,35
138,47,36,55
138,48,53,37
138,49,53,62
138,50,57,53
138,51,27,40
138,52,50,60
138,53,29,52
138,54,42,59
138,55,54,67
138,56,58,71
138,57,35,41
138,58,36,33
138,59,35,31
138,60,55,40
138,61,46,63
138,62,55,47
138,63,55,55
138,64,28,33
138,65,29,36
138,66,40,47
138,67,37,52
138,68,45,47
138,69,63,67
138,70,40,69
138,71,57,45
138,72,38,43
138,73,48,59
138,74,61,31
138,75,39,51
138,76,30,28
138,77,51,52
138,78,47,43
138,79,45,53
138,80,50,73
138,81,49,74
138,82,40,51
138,83,54,64
138,84,39,61
138,85,48,22
138,86,62,45
138,87,48,65
138,88,64,43
138,89,54,63
138,90,49,43
138,91,44,47
138,92,48,41
138,93,66,33
138,94,42,65
138,95,51,48
138,96,57,60
138,97,66,48
138,98,78,62
138,99,58,44
138,100,48,50
138,101,41,39
138,102,59,55
138,103,49,53
138,104,27,53
138,105,52,33
138,106,47,58
138,107,58,47
138,108,42,72
138,109,47,54
138,110,48,43
138,111,50,46
138,112,54,55
138,113,56,38
138,114,41,34
138,115,56,47
138,116,47,35
138,117,66,38
138,118,38,50
138,119,54,32
138,120,60,44
138,121,60,36
138,122,62,53
138,123,39,58
138,124,59,65
138,125,50,64
138,126,62,56
138,127,37,44
138,128,55,29
138,129,44,27
138,130,50,51
138,131,47,41
138,132,59,33
138,133,66,65
138,134,43,51
138,135,42,45
138,136,55,57
138,137,61,53
138,138,46,60
138,139,44,79
138,140,30,51
138,141,47,27
138,142,47,49
138,143,45,70
138,144,55,43
138,145,57,35
138,146,58,49
138,147,75,50
138,148,58,57
138,149,54,52
138,150,61,66
138,151,45,59
138,152,49,63
138,153,46,49
138,154,69,61
138,155,57,43
138,156,45,41
138,157,58,41
138,158,40,37
138,159,68,38
138,160,61,46
138,161,53,50
138,162,53,42
138,163,66,51
138,164,76,42
138,165,49,44
138,166,39,44
138,167,48,39
138,168,39,68
138,169,70,52
138,170,45,38
138,171,53,57
138,172,69,52
138,173,69,58
138,174,57,59
138,175,59,40
138,176,57,38
138,177,48,48
138,178,77,62
138,179,43,64
138,180,49,54
138,181,60,66
138,182,49,56
138,183,50,47
138,184,63,62
138,185,51,32
138,186,55,60
138,187,44,52
138,188,67,68
138,189,63,48
138,190,62,39
138,191,40,57
138,192,54,40
138,193,61,60
138,194,60,54
138,195,67,67
138,196,64,63
139,1,54,29
139,2,51,49
139,3,42,70
139,4,40,39
139,5,32,47
139,6,41,33
139,7,48,58
139,8,44,54
139,9,29,55
139,10,23,56
139,11,30,56
139,12,38,53
139,13,66,52
139,14,50,53
139,15,36,37
139,16,28,34
139,17,48,35
139,18,50,50
139,19,23,52
139,20,42,43
139,21,34,61
139,22,20,61
139,23,40,43
139,24,31,53
139,25,40,46
139,26,36,49
139,27,43,70
139,28,53,44
139,29,49,35
139,30,28,40
139,31,29,65
139,32,58,54
139,33,41,55
139,34,43,44
139,35,41,49
139,36,45,35
139,37,44,50
139,38,50,70
139,39,40,53
139,40,20,57
139,41,22,61
139,42,40,66
139,43,55,17
139,44,45,48
139,45,47,50
139,46,47,36
139,47,37,54
139,48,53,36
139,49,52,62
139,50,57,52
139,51,28,39
139,52,49,60
139,53,28,53
139,54,41,58
139,55,55,66
139,56,57,72
139,57,34,41
139,58,37,33
139,59,35,32
139,60,54,41
139,61,45,62
139,62,54,47
139,63,56,55
139,64,27,33
139,65,30,35
139,66,41,48
139,67,36,52
139,68,46,46
139,69,62,68
139,70,41,70
139,71,57,44
139,72,38,42
139,73,47,59
139,74,60,31
139,75,38,52
139,76,30,27
139,77,52,53
139,78,48,42
139,79,44,53
139,80,50,74
139,81,48,74
139,82,41,50
139,83,55,64
139,84,38,60
139,85,47,22
139,86,62,44
139,87,48,66
139,88,64,42
139,89,54,64
139,90,50,44
139,91,43,47
139,92,48,40
139,93,67,34
139,94,41,66
139,95,50,48
139,96,58,61
139,97,67,49
139,98,79,63
139,99,58,45
139,100,48,49
139,101,40,40
139,102,60,55
139,103,49,52
139,104,27,54
139,105,52,34
139,106,46,58
139,107,58,48
139,108,43,71
139,109,47,53
139,110,49,42
139,111,50,45
139,112,54,54
139,113,56,39
139,114,41,35
139,115,57,48
139,116,46,35
139,117,66,39
139,118,39,51
139,119,53,33
139,120,61,45
139,121,61,35
139,122,63,53
139,123,39,59
139,124,60,64
139,125,51,65
139,126,63,55
139,127,38,45
139,128,55,30
139,129,43,28
139,130,51,50
139,131,48,41
139,132,59,32
139,133,66,66
139,134,42,52
139,135,41,45
139,136,54,57
139,137,62,53
139,138,46,59
139,139,43,80
139,140,30,50
139,141,48,26
139,142,46,50
139,143,46,71
139,144,54,42
139,145,58,35
139,146,57,49
139,147,74,49
139,148,59,56
139,149,54,51
139,150,62,65
139,151,44,60
139,152,48,62
139,153,47,48
139,154,68,62
139,155,57,42
139,156,45,40
139,157,59,41
139,158,41,36
139,159,67,37
139,160,62,46
139,161,52,50
139,162,53,43
139,163,66,50
139,164,75,43
139,165,50,43
139,166,40,44
139,167,47,40
139,168,40,69
139,169,71,52
139,170,46,38
139,171,52,57
139,172,69,51
139,173,68,57
139,174,56,58
139,175,60,39
139,176,58,39
139,177,48,47
139,178,76,61
139,179,44,63
139,180,50,55
139,181,59,66
139,182,50,57
139,183,51,46
139,184,64,61
139,185,50,31
139,186,56,59
139,187,45,52
139,188,67,69
139,189,63,47
139,190,61,38
139,191,39,56
139,192,53,41
139,193,62,60
139,194,60,53
139,195,67,66
139,196,65,63
140,1,55,29
140,2,50,49
140,3,41,69
140,4,41,39
140,5,31,48
140,6,42,33
140,7,47,58
140,8,43,54
140,9,28,56
140,10,24,55
140,11,30,57
140,12,38,54
140,13,65,52
140,14,50,54
140,15,36,36
140,16,29,35
140,17,49,34
140,18,51,49
140,19,24,52
140,20,42,44
140,21,35,62
140,22,19,60
140,23,41,43
140,24,30,52
140,25,41,47
140,26,37,49
140,27,44,71
140,28,54,44
140,29,50,36
140,30,29,39
140,31,30,64
140,32,57,53
140,33,40,55
140,34,43,45
140,35,40,49
140,36,44,36
140,37,44,49
140,38,51,69
140,39,39,52
140,40,20,58
140,41,22,62
140,42,39,65
140,43,56,18
140,44,45,47
140,45,48,51
140,46,48,37
140,47,38,53
140,48,54,35
140,49,53,61
140,50,58,51
140,51,29,40
140,52,49,61
140,53,28,54
140,54,41,59
140,55,54,67
140,56,57,73
140,57,35,41
140,58,37,32
140,59,36,32
140,60,53,40
140,61,44,62
140,62,53,47
140,63,55,56
140,64,26,34
140,65,31,34
140,66,40,47
140,67,36,53
140,68,46,45
140,69,61,68
140,70,42,70
140,71,58,44
140,72,38,41
140,73,48,60
140,74,59,30
140,75,37,52
140,76,29,27
140,77,52,54
140,78,47,41
140,79,45,54
140,80,51,74
140,81,47,73
140,82,42,50
140,83,56,63
140,84,39,61
140,85,46,21
140,86,62,45
140,87,48,65
140,88,63,42
140,89,53,63
140,90,49,43
140,91,43,48
140,92,49,41
140,93,67,33
140,94,42,65
140,95,49,49
140,96,58,60
140,97,66,49
140,98,78,62
140,99,58,46
140,100,48,48
140,101,41,41
140,102,61,55
140,103,49,53
140,104,28,55
140,105,51,33
140,106,46,57
140,107,59,48
140,108,44,72
140,109,48,52
140,110,48,43
140,111,49,44
140,112,55,53
140,113,56,38
140,114,40,35
140,115,56,48
140,116,45,34
140,117,66,40
140,118,40,51
140,119,52,32
140,120,61,46
140,121,61,36
140,122,64,53
140,123,38,60
140,124,60,65
140,125,52,65
140,126,64,54
140,127,39,44
140,128,55,31
140,129,43,27
140,130,52,49
140,131,47,42
140,132,59,31
140,133,67,67
140,134,42,53
140,135,40,45
140,136,53,57
140,137,62,52
140,138,47,59
140,139,43,81
140,140,30,49
140,141,48,25
140,142,46,49
140,143,46,72
140,144,54,41
140,145,58,36
140,146,58,48
140,147,73,49
140,148,60,57
140,149,55,51
140,150,61,65
140,151,45,60
140,152,47,62
140,153,46,47
140,154,68,61
140,155,58,43
140,156,46,41
140,157,60,40
140,158,41,37
140,159,68,37
140,160,61,45
140,161,53,49
140,162,52,42
140,163,65,51
140,164,76,44
140,165,50,44
140,166,41,45
140,167,47,39
140,168,41,68
140,169,71,53
140,170,46,37
140,171,51,58
140,172,69,52
140,173,67,58
140,174,55,59
140,175,59,40
140,176,58,38
140,177,48,46
140,178,77,60
140,179,45,63
140,180,51,55
140,181,58,66
140,182,49,58
140,183,50,47
140,184,65,60
140,185,51,31
140,186,55,58
140,187,46,52
140,188,66,68
140,189,64,48
140,190,62,39
140,191,39,57
140,192,53,42
140,193,63,60
140,194,60,54
140,195,66,65
140,196,64,62
141,1,54,30
141,2,49,50
141,3,42,69
141,4,40,40
141,5,32,48
141,6,41,33
141,7,48,59
141,8,43,53
141,9,27,57
141,10,25,55
141,11,31,57
141,12,39,53
141,13,66,51
141,14,51,54
141,15,37,36
141,16,29,34
141,17,49,33
141,18,50,48
141,19,25,51
141,20,43,43
141,21,36,61
141,22,20,61
141,23,42,42
141,24,31,52
141,25,42,46
141,26,36,48
141,27,43,70
141,28,53,43
141,29,51,37
141,30,30,38
141,31,30,63
141,32,57,54
141,33,39,55
141,34,42,45
141,35,40,50
141,36,43,36
141,37,44,48
141,38,50,68
141,39,40,52
141,40,19,58
141,41,23,62
141,42,38,64
141,43,57,17
141,44,46,48
141,45,47,52
141,46,49,36
141,47,38,54
141,48,55,34
141,49,53,60
141,50,57,51
141,51,29,41
141,52,50,61
141,53,27,55
141,54,40,60
141,55,54,68
141,56,58,74
141,57,35,42
141,58,37,31
141,59,36,33
141,60,54,39
141,61,44,63
141,62,52,47
141,63,56,55
141,64,26,35
141,65,32,35
141,66,40,46
141,67,35,54
141,68,46,46
141,69,62,67
141,70,43,69
141,71,59,45
141,72,37,40
141,73,49,60
141,74,60,29
141,75,36,52
141,76,30,27
141,77,53,54
141,78,48,40
141,79,46,53
141,80,50,75
141,81,47,72
141,82,42,49
141,83,57,62
141,84,40,61
141,85,46,22
141,86,62,46
141,87,49,64
141,88,64,42
141,89,54,62
141,90,49,42
141,91,42,48
141,92,49,40
141,93,68,34
141,94,41,65
141,95,48,49
141,96,59,59
141,97,67,49
141,98,77,62
141,99,57,45
141,100,49,49
141,101,41,42
141,102,60,56
141,103,50,53
141,104,29,54
141,105,50,33
141,106,45,58
141,107,59,47
141,108,44,71
141,109,47,51
141,110,47,43
141,111,48,43
141,112,56,52
141,113,55,38
141,114,40,36
141,115,57,47
141,116,46,33
141,117,66,39
141,118,41,52
141,119,51,32
141,120,60,47
141,121,60,35
141,122,63,53
141,123,37,61
141,124,60,66
141,125,51,64
141,126,63,55
141,127,40,43
141,128,55,32
141,129,42,27
141,130,51,49
141,131,46,42
141,132,58,32
141,133,68,67
141,134,43,54
141,135,40,44
141,136,54,58
141,137,61,51
141,138,46,59
141,139,43,82
141,140,30,50
141,141,47,26
141,142,45,49
141,143,45,73
141,144,53,40
141,145,59,37
141,146,59,49
141,147,73,48
141,148,59,56
141,149,54,50
141,150,62,66
141,151,44,61
141,152,48,62
141,153,47,47
141,154,68,62
141,155,58,42
141,156,45,42
141,157,60,41
141,158,41,38
141,159,68,38
141,160,60,46
141,161,52,48
141,162,51,41
141,163,64,50
141,164,76,45
141,165,50,45
141,166,41,44
141,167,47,38
141,168,41,69
141,169,71,52
141,170,46,38
141,171,50,59
141,172,69,51
141,173,67,57
141,174,54,59
141,175,59,39
141,176,57,37
141,177,49,45
141,178,77,61
141,179,44,64
141,180,50,55
141,181,57,65
141,182,50,57
141,183,51,48
141,184,65,59
141,185,52,31
141,186,55,59
141,187,45,51
141,188,67,69
141,189,64,47
141,190,63,38
141,191,39,56
141,192,54,42
141,193,63,59
141,194,60,53
141,195,65,66
141,196,63,62
142,1,53,30
142,2,48,51
142,3,41,70
142,4,40,41
142,5,33,48
142,6,40,32
142,7,47,58
142,8,44,54
142,9,28,56
142,10,26,56
142,11,30,58
142,12,40,53
142,13,65,50
142,14,50,54
142,15,38,35
142,16,30,34
142,17,50,34
142,18,49,48
142,19,26,51
142,20,44,42
142,21,36,60
142,22,19,61
142,23,43,41
142,24,30,53
142,25,43,45
142,26,35,49
142,27,42,69
142,28,53,42
142,29,52,38
142,30,31,38
142,31,30,64
142,32,56,54
142,33,40,54
142,34,43,44
142,35,39,51
142,36,44,37
142,37,44,47
142,38,51,69
142,39,39,52
142,40,18,59
142,41,22,63
142,42,39,65
142,43,58,18
142,44,47,48
142,45,46,51
142,46,50,36
142,47,39,54
142,48,56,35
142,49,52,59
142,50,56,51
142,51,28,40
142,52,49,61
142,53,27,54
142,54,41,60
142,55,55,69
142,56,59,74
142,57,34,43
142,58,36,30
142,59,35,33
142,60,55,40
142,61,45,63
142,62,53,48
142,63,55,54
142,64,25,35
142,65,32,36
142,66,40,45
142,67,34,54
142,68,46,45
142,69,63,67
142,70,42,68
142,71,58,45
142,72,36,39
142,73,48,61
142,74,61,29
142,75,36,53
142,76,29,26
142,77,54,55
142,78,49,39
142,79,45,54
142,80,51,75
142,81,47,73
142,82,41,48
142,83,57,61
142,84,39,60
142,85,45,21
142,86,63,46
142,87,50,64
142,88,63,41
142,89,54,61
142,90,50,42
142,91,43,47
142,92,49,41
142,93,67,35
142,94,41,66
142,95,48,50
142,96,58,60
142,97,68,49
142,98,76,63
142,99,58,44
142,100,50,50
142,101,42,43
142,102,59,55
142,103,51,54
142,104,30,54
142,105,51,33
142,106,45,59
142,107,59,46
142,108,43,70
142,109,48,52
142,110,47,42
142,111,48,42
142,112,55,53
142,113,56,39
142,114,41,37
142,115,56,48
142,116,45,34
142,117,66,40
142,118,40,52
142,119,50,32
142,120,59,48
142,121,60,36
142,122,62,52
142,123,38,62
142,124,59,67
142,125,50,65
142,126,63,54
142,127,41,42
142,128,55,33
142,129,41,27
142,130,50,49
142,131,45,41
142,132,59,32
142,133,68,66
142,134,44,53
142,135,40,43
142,136,53,59
142,137,60,51
142,138,46,60
142,139,42,82
142,140,30,51
142,141,46,26
142,142,45,50
142,143,46,74
142,144,52,41
142,145,58,38
142,146,60,48
142,147,74,49
142,148,59,57
142,149,53,49
142,150,62,65
142,151,44,60
142,152,48,63
142,153,48,47
142,154,69,61
142,155,59,41
142,156,46,43
142,157,61,40
142,158,40,39
142,159,69,39
142,160,59,47
142,161,53,47
142,162,51,42
142,163,63,49
142,164,75,46
142,165,51,45
142,166,40,44
142,167,46,37
142,168,41,68
142,169,72,52
142,170,46,39
142,171,49,59
142,172,70,52
142,173,68,58
142,174,54,60
142,175,60,38
142,176,57,36
142,177,49,44
142,178,77,62
142,179,45,64
142,180,50,56
142,181,56,64
142,182,49,57
142,183,52,48
142,184,65,58
142,185,52,32
142,186,56,58
142,187,44,50
142,188,67,68
142,189,65,47
142,190,62,37
142,191,38,57
142,192,53,43
142,193,64,60
142,194,59,53
142,195,65,65
142,196,62,63
143,1,54,30
143,2,47,52
143,3,42,71
143,4,40,40
143,5,34,48
143,6,39,32
143,7,48,59
143,8,45,55
143,9,29,55
143,10,25,57
143,11,31,59
143,12,39,53
143,13,65,49
143,14,50,55
143,15,39,35
143,16,30,35
143,17,50,35
143,18,49,49
143,19,25,51
143,20,44,41
143,21,37,60
143,22,18,60
143,23,44,42
143,24,29,53
143,25,42,45
143,26,35,48
143,27,41,70
143,28,54,41
143,29,53,39
143,30,32,39
143,31,30,63
143,32,57,55
143,33,41,55
143,34,44,44
143,35,40,50
143,36,43,36
143,37,45,47
143,38,51,70
143,39,40,53
143,40,17,60
143,41,22,62
143,42,38,66
143,43,57,17
143,44,46,47
143,45,46,50
143,46,49,36
143,47,38,55
143,48,56,34
143,49,52,60
143,50,57,51
143,51,27,39
143,52,50,60
143,53,26,53
143,54,40,60
143,55,54,69
143,56,59,73
143,57,35,44
143,58,37,31
143,59,36,32
143,60,54,40
143,61,46,64
143,62,52,49
143,63,54,53
143,64,26,36
143,65,33,35
143,66,41,45
143,67,34,55
143,68,46,46
143,69,64,67
143,70,43,67
143,71,57,44
143,72,35,39
143,73,47,62
143,74,60,29
143,75,35,54
143,76,28,26
143,77,54,56
143,78,50,40
143,79,45,53
143,80,51,76
143,81,48,74
143,82,40,48
143,83,56,62
143,84,38,59
143,85,45,20
143,86,62,45
143,87,51,64
143,88,62,42
143,89,53,62
143,90,49,42
143,91,42,46
143,92,48,40
143,93,67,36
143,94,42,67
143,95,47,49
143,96,59,59
143,97,68,48
143,98,75,62
143,99,58,43
143,100,49,50
143,101,43,44
143,102,58,54
143,103,50,53
143,104,31,53
143,105,50,33
143,106,44,58
143,107,60,46
143,108,44,69
143,109,47,53
143,110,46,41
143,111,49,41
143,112,54,52
143,113,57,40
143,114,42,38
143,115,57,48
143,116,44,34
143,117,66,39
143,118,40,51
143,119,50,31
143,120,58,47
143,121,59,36
143,122,62,51
143,123,38,61
143,124,58,67
143,125,51,65
143,126,63,53
143,127,42,43
143,128,55,32
143,129,41,26
143,130,50,50
143,131,46,40
143,132,58,33
143,133,68,67
143,134,45,52
143,135,41,44
143,136,54,59
143,137,61,50
143,138,47,59
143,139,43,81
143,140,31,50
143,141,47,25
143,142,45,51
143,143,45,75
143,144,52,40
143,145,58,37
143,146,61,47
143,147,73,48
143,148,59,58
143,149,54,49
143,150,63,64
143,151,44,61
143,152,48,64
143,153,48,48
143,154,68,61
143,155,60,42
143,156,47,43
143,157,60,41
143,158,41,40
143,159,70,40
143,160,60,47
143,161,53,46
143,162,50,43
143,163,64,48
143,164,75,45
143,165,51,46
143,166,41,43
143,167,45,38
143,168,40,69
143,169,71,51
143,170,47,40
143,171,48,60
143,172,70,51
143,173,67,59
143,174,53,61
143,175,59,38
143,176,57,35
143,177,50,45
143,178,78,63
143,179,46,63
143,180,51,57
143,181,57,63
143,182,48,57
143,183,51,49
143,184,65,59
143,185,52,33
143,186,56,59
143,187,44,49
143,188,68,69
143,189,64,46
143,190,63,38
143,191,38,56
143,192,52,44
143,193,63,59
143,194,60,52
143,195,65,64
143,196,61,64
144,1,55,30
144,2,47,51
144,3,42,72
144,4,39,39
144,5,34,49
144,6,40,31
144,7,48,58
144,8,46,56
144,9,30,55
144,10,24,58
144,11,32,59
144,12,40,54
144,13,65,48
144,14,50,56
144,15,38,34
144,16,30,34
144,17,51,36
144,18,49,48
144,19,26,51
144,20,45,40
144,21,37,61
144,22,17,59
144,23,43,41
144,24,28,52
144,25,41,46
144,26,34,47
144,27,41,71
144,28,55,41
144,29,52,38
144,30,31,40
144,31,29,63
144,32,56,55
144,33,42,54
144,34,44,43
144,35,41,49
144,36,43,37
144,37,44,47
144,38,52,70
144,39,39,53
144,40,16,60
144,41,22,63
144,42,38,65
144,43,58,17
144,44,47,47
144,45,46,51
144,46,48,37
144,47,39,54
144,48,56,33
144,49,53,60
144,50,56,51
144,51,26,38
144,52,49,61
144,53,26,52
144,54,41,61
144,55,55,68
144,56,60,72
144,57,36,44
144,58,37,32
144,59,36,33
144,60,54,39
144,61,45,64
144,62,53,50
144,63,54,54
144,64,27,35
144,65,33,36
144,66,40,44
144,67,34,56
144,68,46,45
144,69,63,67
144,70,42,66
144,71,57,43
144,72,34,40
144,73,47,61
144,74,61,29
144,75,36,55
144,76,29,26
144,77,53,57
144,78,50,39
144,79,45,54
144,80,50,75
144,81,47,74
144,82,39,47
144,83,55,62
144,84,37,58
144,85,46,20
144,86,61,44
144,87,52,64
144,88,61,41
144,89,53,63
144,90,48,42
144,91,43,45
144,92,49,40
144,93,66,36
144,94,41,68
144,95,47,50
144,96,58,58
144,97,69,48
144,98,76,61
144,99,59,42
144,100,49,49
144,101,44,44
144,102,58,55
144,103,49,53
144,104,32,53
144,105,51,32
144,106,45,58
144,107,59,45
144,108,45,68
144,109,48,53
144,110,46,42
144,111,49,42
144,112,53,52
144,113,58,41
144,114,41,38
144,115,56,47
144,116,43,34
144,117,65,39
144,118,39,50
144,119,49,31
144,120,59,48
144,121,60,37
144,122,62,50
144,123,39,61
144,124,59,66
144,125,50,64
144,126,62,53
144,127,43,44
144,128,55,31
144,129,41,25
144,130,50,51
144,131,46,41
144,132,58,32
144,133,68,66
144,134,44,51
144,135,40,43
144,136,54,58
144,137,61,51
144,138,46,58
144,139,44,80
144,140,32,51
144,141,48,26
144,142,46,50
144,143,45,76
144,144,52,39
144,145,58,36
144,146,60,48
144,147,74,47
144,148,58,59
144,149,53,48
144,150,64,64
144,151,45,61
144,152,49,63
144,153,48,49
144,154,69,62
144,155,61,42
144,156,48,43
144,157,60,40
144,158,40,40
144,159,71,41
144,160,61,46
144,161,52,45
144,162,50,44
144,163,63,49
144,164,75,46
144,165,51,47
144,166,42,44
144,167,44,39
144,168,40,70
144,169,72,52
144,170,48,41
144,171,47,60
144,172,70,52
144,173,67,60
144,174,52,60
144,175,58,38
144,176,58,34
144,177,51,46
144,178,78,62
144,179,46,64
144,180,51,56
144,181,58,62
144,182,48,56
144,183,51,50
144,184,64,59
144,185,53,33
144,186,55,58
144,187,43,48
144,188,69,69
144,189,63,46
144,190,64,38
144,191,37,56
144,192,53,44
144,193,63,60
144,194,59,51
144,195,64,63
144,196,61,65
145,1,56,30
145,2,48,52
145,3,41,72
145,4,38,38
145,5,35,50
145,6,40,32
145,7,49,57
145,8,45,57
145,9,31,55
145,10,24,59
145,11,31,59
145,12,40,53
145,13,66,49
145,14,50,57
145,15,37,34
145,16,31,34
145,17,50,36
145,18,50,49
145,19,27,52
145,20,46,39
145,21,37,60
145,22,18,60
145,23,44,40
145,24,27,51
145,25,41,45
145,26,35,48
145,27,41,70
145,28,55,42
145,29,51,38
145,30,32,39
145,31,29,64
145,32,55,56
145,33,43,55
145,34,45,42
145,35,41,48
145,36,44,36
145,37,43,46
145,38,52,69
145,39,38,53
145,40,15,60
145,41,23,64
145,42,39,65
145,43,58,16
145,44,46,46
145,45,45,50
145,46,49,36
145,47,38,54
145,48,55,32
145,49,52,61
145,50,56,50
145,51,27,38
145,52,48,60
145,53,26,53
145,54,42,62
145,55,56,68
145,56,59,72
145,57,37,43
145,58,38,33
145,59,35,34
145,60,55,40
145,61,44,64
145,62,52,49
145,63,55,54
145,64,28,35
145,65,34,36
145,66,39,44
145,67,33,55
145,68,45,44
145,69,62,66
145,70,42,67
145,71,58,42
145,72,33,40
145,73,48,61
145,74,60,30
145,75,35,55
145,76,28,27
145,77,53,56
145,78,49,39
145,79,46,54
145,80,49,75
145,81,46,73
145,82,40,48
145,83,56,63
145,84,38,59
145,85,46,21
145,86,62,45
145,87,51,65
145,88,62,42
145,89,52,64
145,90,47,42
145,91,42,46
145,92,49,41
145,93,66,37
145,94,42,69
145,95,47,51
145,96,57,59
145,97,69,47
145,98,77,61
145,99,58,43
145,100,49,50
145,101,43,45
145,102,59,54
145,103,49,52
145,104,33,52
145,105,50,31
145,106,44,58
145,107,58,44
145,108,45,69
145,109,48,54
145,110,47,41
145,111,50,43
145,112,54,51
145,113,58,40
145,114,41,37
145,115,55,46
145,116,42,34
145,117,64,39
145,118,38,50
145,119,49,32
145,120,58,48
145,121,60,36
145,122,61,49
145,123,38,60
145,124,58,67
145,125,49,65
145,126,63,53
145,127,44,44
145,128,54,32
145,129,41,26
145,130,51,51
145,131,45,41
145,132,57,32
145,133,69,67
145,134,43,52
145,135,41,44
145,136,54,57
145,137,62,51
145,138,46,57
145,139,45,80
145,140,32,50
145,141,48,27
145,142,46,51
145,143,46,75
145,144,53,38
145,145,59,35
145,146,61,48
145,147,73,47
145,148,57,58
145,149,53,47
145,150,65,64
145,151,46,61
145,152,49,62
145,153,49,48
145,154,70,62
145,155,60,41
145,156,48,42
145,157,59,40
145,158,40,39
145,159,70,41
145,160,60,46
145,161,53,45
145,162,51,43
145,163,62,49
145,164,76,45
145,165,50,47
145,166,43,44
145,167,43,40
145,168,39,70
145,169,72,53
145,170,49,42
145,171,46,60
145,172,69,53
145,173,66,59
145,174,51,59
145,175,57,38
145,176,57,34
145,177,50,46
145,178,77,63
145,179,47,65
145,180,50,56
145,181,57,61
145,182,49,55
145,183,52,50
145,184,64,58
145,185,52,32
145,186,54,59
145,187,42,49
145,188,70,69
145,189,64,46
145,190,63,38
145,191,36,57
145,192,53,43
145,193,64,59
145,194,60,50
145,195,63,64
145,196,60,64
146,1,55,30
146,2,49,51
146,3,40,71
146,4,38,39
146,5,35,49
146,6,41,31
146,7,50,58
146,8,46,56
146,9,32,54
146,10,23,60
146,11,32,58
146,12,40,52
146,13,65,48
146,14,51,57
146,15,38,34
146,16,30,34
146,17,50,37
146,18,50,50
146,19,28,53
146,20,45,40
146,21,38,61
146,22,19,60
146,23,44,39
146,24,27,52
146,25,42,44
146,26,35,47
146,27,42,70
146,28,55,43
146,29,50,38
146,30,33,38
146,31,30,65
146,32,55,55
146,33,43,56
146,34,46,42
146,35,42,47
146,36,44,37
146,37,44,46
146,38,53,68
146,39,39,53
146,40,16,60
146,41,24,65
146,42,40,64
146,43,57,16
146,44,46,45
146,45,44,49
146,46,48,36
146,47,37,54
146,48,56,31
146,49,53,62
146,50,55,51
146,51,28,37
146,52,49,61
146,53,25,54
146,54,41,63
146,55,57,67
146,56,60,72
146,57,36,42
146,58,37,34
146,59,35,33
146,60,54,41
146,61,45,63
146,62,51,48
146,63,56,54
146,64,28,34
146,65,35,37
146,66,38,43
146,67,34,56
146,68,45,43
146,69,63,65
146,70,43,67
146,71,59,43
146,72,33,39
146,73,47,61
146,74,61,30
146,75,36,56
146,76,28,26
146,77,54,55
146,78,50,39
146,79,45,55
146,80,48,74
146,81,46,74
146,82,39,47
146,83,55,63
146,84,39,59
146,85,45,21
146,86,63,44
146,87,52,66
146,88,61,43
146,89,53,63
146,90,47,43
146,91,43,46
146,92,50,40
146,93,66,38
146,94,41,69
146,95,46,52
146,96,58,60
146,97,69,46
146,98,78,60
146,99,57,44
146,100,49,49
146,101,42,46
146,102,59,53
146,103,50,53
146,104,33,53
146,105,51,30
146,106,44,57
146,107,58,45
146,108,45,70
146,109,48,55
146,110,48,40
146,111,49,43
146,112,53,51
146,113,59,41
146,114,40,38
146,115,54,47
146,116,42,33
146,117,63,40
146,118,38,51
146,119,50,33
146,120,57,49
146,121,61,37
146,122,62,48
146,123,37,59
146,124,57,68
146,125,50,66
146,126,62,53
146,127,45,44
146,128,55,31
146,129,41,25
146,130,51,52
146,131,46,41
146,132,58,31
146,133,68,68
146,134,43,51
146,135,42,43
146,136,53,58
146,137,62,52
146,138,47,56
146,139,46,80
146,140,32,51
146,141,47,26
146,142,46,50
146,143,45,75
146,144,52,39
146,145,59,34
146,146,60,49
146,147,73,48
146,148,56,58
146,149,52,47
146,150,65,65
146,151,45,61
146,152,49,63
146,153,50,49
146,154,71,63
146,155,61,40
146,156,49,41
146,157,58,39
146,158,40,40
146,159,71,40
146,160,61,46
146,161,53,44
146,162,50,44
146,163,62,50
146,164,77,46
146,165,51,46
146,166,43,45
146,167,42,41
146,168,38,70
146,169,72,54
146,170,50,41
146,171,47,60
146,172,69,52
146,173,65,58
146,174,52,58
146,175,57,39
146,176,57,33
146,177,51,47
146,178,76,64
146,179,46,65
146,180,49,57
146,181,58,62
146,182,50,56
146,183,53,50
146,184,63,59
146,185,51,32
146,186,55,58
146,187,41,50
146,188,71,70
146,189,65,47
146,190,62,39
146,191,36,58
146,192,54,42
146,193,64,58
146,194,61,51
146,195,64,63
146,196,61,64
147,1,54,29
147,2,50,51
147,3,41,70
147,4,39,38
147,5,35,48
147,6,40,31
147,7,51,59
147,8,47,55
147,9,31,54
147,10,22,61
147,11,31,58
147,12,40,51
147,13,64,48
147,14,50,57
147,15,39,33
147,16,30,33
147,17,51,37
147,18,49,51
147,19,28,52
147,20,44,40
147,21,39,61
147,22,18,59
147,23,43,39
147,24,26,52
147,25,43,43
147,26,36,46
147,27,43,70
147,28,54,43
147,29,49,38
147,30,34,37
147,31,29,66
147,32,55,54
147,33,44,55
147,34,47,42
147,35,41,47
147,36,43,36
147,37,45,47
147,38,52,67
147,39,40,54
147,40,15,59
147,41,24,64
147,42,39,65
147,43,58,16
147,44,47,46
147,45,43,50
147,46,48,35
147,47,36,54
147,48,56,30
147,49,54,61
147,50,55,52
147,51,28,36
147,52,48,62
147,53,24,53
147,54,40,63
147,55,56,66
147,56,61,73
147,57,37,42
147,58,38,34
147,59,35,32
147,60,53,41
147,61,46,64
147,62,50,48
147,63,57,55
147,64,28,33
147,65,36,36
147,66,37,44
147,67,33,55
147,68,46,44
147,69,62,64
147,70,42,67
147,71,58,42
147,72,34,39
147,73,46,61
147,74,62,31
147,75,37,56
147,76,27,26
147,77,53,54
147,78,51,39
147,79,44,56
147,80,48,75
147,81,47,73
147,82,39,48
147,83,56,63
147,84,38,59
147,85,45,20
147,86,63,43
147,87,51,67
147,88,62,44
147,89,54,64
147,90,48,43
147,91,42,45
147,92,50,39
147,93,66,37
147,94,42,68
147,95,45,51
147,96,57,61
147,97,69,47
147,98,78,59
147,99,56,43
147,100,50,50
147,101,41,46
147,102,60,54
147,103,49,54
147,104,32,52
147,105,52,31
147,106,45,56
147,107,59,44
147,108,46,71
147,109,49,55
147,110,48,41
147,111,49,42
147,112,54,50
147,113,60,42
147,114,39,39
147,115,53,48
147,116,43,34
147,117,63,41
147,118,38,52
147,119,49,32
147,120,56,49
147,121,62,36
147,122,62,47
147,123,36,60
147,124,56,69
147,125,49,67
147,126,63,52
147,127,44,44
147,128,56,32
147,129,40,25
147,130,50,53
147,131,45,42
147,132,57,31
147,133,69,69
147,134,42,50
147,135,41,43
147,136,52,59
147,137,63,53
147,138,48,55
147,139,47,80
147,140,32,50
147,141,48,25
147,142,46,49
147,143,46,74
147,144,52,40
147,145,58,33
147,146,61,49
147,147,72,49
147,148,57,58
147,149,52,46
147,150,66,64
147,151,44,61
147,152,48,64
147,153,49,49
147,154,70,64
147,155,62,40
147,156,49,40
147,157,59,39
147,158,39,40
147,159,72,40
147,160,61,45
147,161,53,45
147,162,51,44
147,163,62,49
147,164,76,46
147,165,50,47
147,166,44,46
147,167,43,41
147,168,38,71
147,169,73,54
147,170,51,41
147,171,46,59
147,172,70,52
147,173,65,59
147,174,53,59
147,175,57,38
147,176,58,32
147,177,51,46
147,178,76,63
147,179,47,65
147,180,48,56
147,181,58,61
147,182,51,56
147,183,52,50
147,184,64,59
147,185,52,33
147,186,55,57
147,187,40,50
147,188,71,71
147,189,64,47
147,190,61,40
147,191,35,59
147,192,54,41
147,193,63,57
147,194,61,50
147,195,65,62
147,196,60,65
148,1,55,29
148,2,49,50
148,3,40,71
148,4,40,39
148,5,35,47
148,6,39,32
148,7,50,59
148,8,46,54
148,9,30,54
148,10,21,60
148,11,30,58
148,12,41,50
148,13,65,48
148,14,51,58
148,15,40,34
148,16,30,32
148,17,52,36
148,18,49,52
148,19,29,53
148,20,45,41
148,21,38,60
148,22,17,60
148,23,42,40
148,24,27,51
148,25,43,42
148,26,37,47
148,27,42,71
148,28,55,44
148,29,49,39
148,30,33,38
148,31,29,67
148,32,55,55
148,33,45,55
148,34,47,43
148,35,40,47
148,36,43,37
148,37,46,48
148,38,53,66
148,39,41,55
148,40,16,59
148,41,25,64
148,42,38,64
148,43,59,17
148,44,46,46
148,45,44,51
148,46,47,34
148,47,37,53
148,48,57,29
148,49,53,62
148,50,54,51
148,51,29,37
148,52,48,61
148,53,24,52
148,54,41,62
148,55,57,65
148,56,60,74
148,57,36,42
148,58,37,33
148,59,34,31
148,60,53,40
148,61,47,64
148,62,51,48
148,63,58,54
148,64,27,33
148,65,35,37
148,66,38,43
148,67,34,54
148,68,46,45
148,69,62,65
148,70,43,68
148,71,58,41
148,72,33,40
148,73,47,61
148,74,62,32
148,75,37,57
148,76,26,26
148,77,53,53
148,78,51,40
148,79,43,57
148,80,49,76
148,81,48,72
148,82,40,49
148,83,57,64
148,84,39,58
148,85,45,21
148,86,63,42
148,87,52,67
148,88,62,43
148,89,53,64
148,90,48,42
148,91,43,44
148,92,50,38
148,93,67,37
148,94,43,69
148,95,45,50
148,96,58,60
148,97,70,46
148,98,77,59
148,99,56,42
148,100,51,49
148,101,40,46
148,102,60,55
148,103,50,54
148,104,31,51
148,105,53,30
148,106,46,56
148,107,60,44
148,108,47,71
148,109,49,54
148,110,47,42
148,111,49,41
148,112,55,49
148,113,61,41
148,114,38,40
148,115,54,49
148,116,44,33
148,117,64,40
148,118,39,53
148,119,50,31
148,120,57,49
148,121,63,37
148,122,61,46
148,123,37,60
148,124,55,70
148,125,49,68
148,126,62,53
148,127,45,44
148,128,56,31
148,129,41,26
148,130,51,52
148,131,44,43
148,132,57,32
148,133,70,69
148,134,43,49
148,135,41,42
148,136,52,60
148,137,64,52
148,138,49,55
148,139,48,79
148,140,33,49
148,141,49,24
148,142,45,48
148,143,47,75
148,144,53,41
148,145,59,33
148,146,62,50
148,147,72,48
148,148,56,59
148,149,51,45
148,150,65,63
148,151,43,60
148,152,47,63
148,153,49,48
148,154,69,65
148,155,62,41
148,156,50,40
148,157,59,38
148,158,40,40
148,159,73,39
148,160,60,46
148,161,54,46
148,162,52,45
148,163,63,49
148,164,77,47
148,165,50,48
148,166,45,47
148,167,43,40
148,168,37,70
148,169,72,53
148,170,50,42
148,171,46,60
148,172,71,51
148,173,66,60
148,174,54,58
148,175,56,37
148,176,59,31
148,177,50,46
148,178,77,62
148,179,46,66
148,180,49,56
148,181,57,62
148,182,52,55
148,183,51,50
148,184,63,60
148,185,51,32
148,186,54,56
148,187,41,49
148,188,72,72
148,189,65,47
148,190,62,39
148,191,35,58
148,192,53,42
148,193,63,56
148,194,60,50
148,195,66,61
148,196,60,66
149,1,54,30
149,2,48,50
149,3,40,70
149,4,41,38
149,5,35,48
149,6,38,33
149,7,49,58
149,8,45,53
149,9,29,54
149,10,22,59
149,11,30,59
149,12,42,49
149,13,64,48
149,14,51,59
149,15,41,34
149,16,31,31
149,17,53,36
149,18,50,52
149,19,28,54
149,20,46,40
149,21,39,60
149,22,16,61
149,23,42,39
149,24,28,51
149,25,42,42
149,26,38,46
149,27,42,72
149,28,56,43
149,29,49,40
149,30,32,38
149,31,28,66
149,32,55,56
149,33,44,56
149,34,48,43
149,35,39,48
149,36,43,38
149,37,47,48
149,38,53,67
149,39,42,55
149,40,15,60
149,41,25,65
149,42,39,63
149,43,60,18
149,44,45,45
149,45,45,52
149,46,48,34
149,47,36,54
149,48,57,28
149,49,52,63
149,50,53,52
149,51,28,36
149,52,47,62
149,53,24,51
149,54,42,63
149,55,58,66
149,56,59,74
149,57,37,43
149,58,37,32
149,59,35,31
149,60,53,39
149,61,48,65
149,62,52,49
149,63,59,54
149,64,26,33
149,65,36,37
149,66,39,44
149,67,33,53
149,68,45,46
149,69,61,64
149,70,43,67
149,71,58,42
149,72,33,41
149,73,48,61
149,74,62,33
149,75,36,57
149,76,27,27
149,77,52,54
149,78,52,40
149,79,42,57
149,80,50,76
149,81,49,73
149,82,40,50
149,83,57,65
149,84,38,59
149,85,45,20
149,86,63,43
149,87,53,68
149,88,61,42
149,89,52,65
149,90,49,43
149,91,44,44
149,92,50,37
149,93,68,36
149,94,42,70
149,95,44,51
149,96,59,61
149,97,69,47
149,98,78,59
149,99,57,41
149,100,51,48
149,101,40,45
149,102,60,54
149,103,51,54
149,104,31,50
149,105,54,29
149,106,47,56
149,107,61,45
149,108,46,71
149,109,48,54
149,110,47,41
149,111,49,42
149,112,54,50
149,113,60,41
149,114,39,41
149,115,55,48
149,116,44,32
149,117,65,40
149,118,39,52
149,119,51,30
149,120,58,49
149,121,62,38
149,122,62,47
149,123,37,61
149,124,56,69
149,125,50,67
149,126,62,54
149,127,46,45
149,128,57,31
149,129,41,27
149,130,52,52
149,131,43,44
149,132,56,33
149,133,71,68
149,134,42,48
149,135,42,43
149,136,51,61
149,137,65,52
149,138,50,56
149,139,48,78
149,140,33,50
149,141,50,24
149,142,44,48
149,143,47,74
149,144,52,41
149,145,58,32
149,146,61,49
149,147,71,49
149,148,57,58
149,149,52,44
149,150,64,63
149,151,42,59
149,152,46,63
149,153,48,49
149,154,68,66
149,155,63,41
149,156,51,39
149,157,60,37
149,158,39,40
149,159,72,39
149,160,61,46
149,161,54,45
149,162,51,44
149,163,63,48
149,164,76,48
149,165,50,47
149,166,46,47
149,167,44,39
149,168,37,71
149,169,73,53
149,170,50,43
149,171,45,59
149,172,72,51
149,173,66,59
149,174,55,57
149,175,56,38
149,176,58,30
149,177,49,46
149,178,78,61
149,179,47,66
149,180,48,57
149,181,58,63
149,182,53,55
149,183,50,51
149,184,64,60
149,185,51,31
149,186,55,55
149,187,40,48
149,188,71,72
149,189,66,47
149,190,63,38
149,191,34,59
149,192,53,43
149,193,62,57
149,194,59,50
149,195,67,62
149,196,59,66
150,1,53,29
150,2,47,51
150,3,41,70
150,4,40,38
150,5,34,47
150,6,39,32
150,7,49,57
150,8,45,54
150,9,29,53
150,10,23,60
150,11,29,59
150,12,41,50
150,13,65,47
150,14,52,58
150,15,40,35
150,16,30,31
150,17,52,36
150,18,49,53
150,19,28,55
150,20,47,40
150,21,39,61
150,22,16,60
150,23,42,40
150,24,29,50
150,25,43,43
150,26,39,46
150,27,43,73
150,28,57,42
150,29,49,41
150,30,31,37
150,31,29,65
150,32,54,55
150,33,44,55
150,34,48,42
150,35,38,48
150,36,44,38
150,37,47,49
150,38,52,68
150,39,43,56
150,40,14,61
150,41,25,64
150,42,39,64
150,43,61,18
150,44,46,44
150,45,45,51
150,46,48,35
150,47,35,54
150,48,56,28
150,49,53,64
150,50,53,51
150,51,27,35
150,52,48,62
150,53,25,51
150,54,42,64
150,55,59,67
150,56,60,75
150,57,36,42
150,58,38,32
150,59,36,31
150,60,54,40
150,61,47,64
150,62,52,50
150,63,59,55
150,64,25,34
150,65,37,37
150,66,39,43
150,67,33,54
150,68,44,47
150,69,62,65
150,70,44,66
150,71,57,43
150,72,33,42
150,73,47,60
150,74,63,34
150,75,37,58
150,76,26,26
150,77,51,53
150,78,53,41
150,79,43,58
150,80,49,76
150,81,49,72
150,82,41,49
150,83,58,66
150,84,38,60
150,85,45,19
150,86,63,42
150,87,54,67
150,88,60,42
150,89,51,66
150,90,50,44
150,91,45,43
150,92,49,37
150,93,69,35
150,94,43,71
150,95,43,50
150,96,58,62
150,97,68,48
150,98,78,60
150,99,58,41
150,100,51,47
150,101,40,46
150,102,61,54
150,103,52,55
150,104,31,49
150,105,55,30
150,106,46,56
150,107,60,45
150,108,47,70
150,109,48,53
150,110,47,42
150,111,48,43
150,112,55,50
150,113,61,41
150,114,38,41
150,115,56,49
150,116,45,33
150,117,64,39
150,118,38,52
150,119,52,29
150,120,58,50
150,121,62,39
150,122,62,48
150,123,37,62
150,124,57,70
150,125,49,67
150,126,63,55
150,127,47,44
150,128,56,32
150,129,40,28
150,130,53,53
150,131,44,43
150,132,57,33
150,133,70,67
150,134,42,49
150,135,41,44
150,136,51,60
150,137,64,51
150,138,49,55
150,139,47,78
150,140,34,49
150,141,49,24
150,142,45,47
150,143,47,75
150,144,51,40
150,145,59,33
150,146,61,50
150,147,72,48
150,148,58,58
150,149,51,45
150,150,64,64
150,151,41,59
150,152,45,62
150,153,47,48
150,154,69,65
150,155,64,41
150,156,52,39
150,157,61,36
150,158,39,41
150,159,72,38
150,160,61,45
150,161,53,46
150,162,51,43
150,163,62,49
150,164,76,47
150,165,50,48
150,166,47,47
150,167,45,40
150,168,38,72
150,169,72,54
150,170,51,42
150,171,44,58
150,172,72,52
150,173,67,58
150,174,56,57
150,175,57,38
150,176,59,31
150,177,49,47
150,178,77,62
150,179,48,65
150,180,49,58
150,181,59,64
150,182,52,54
150,183,51,52
150,184,65,61
150,185,50,30
150,186,54,54
150,187,39,49
150,188,70,72
150,189,67,46
150,190,64,38
150,191,33,59
150,192,53,42
150,193,62,56
150,194,59,49
150,195,66,62
150,196,58,65
151,1,54,28
151,2,46,51
151,3,41,71
151,4,39,39
151,5,33,46
151,6,40,32
151,7,50,58
151,8,45,55
151,9,30,52
151,10,24,60
151,11,30,58
151,12,41,51
151,13,65,46
151,14,52,57
151,15,41,34
151,16,30,30
151,17,52,37
151,18,49,54
151,19,27,56
151,20,48,39
151,21,39,62
151,22,15,59
151,23,41,41
151,24,30,51
151,25,43,44
151,26,39,45
151,27,42,73
151,28,56,41
151,29,49,40
151,30,32,37
151,31,29,66
151,32,55,55
151,33,43,55
151,34,48,41
151,35,39,47
151,36,45,38
151,37,46,49
151,38,53,69
151,39,44,57
151,40,14,60
151,41,26,65
151,42,39,65
151,43,62,18
151,44,46,43
151,45,44,51
151,46,49,34
151,47,34,53
151,48,57,29
151,49,53,65
151,50,52,52
151,51,27,36
151,52,48,63
151,53,26,51
151,54,42,63
151,55,60,67
151,56,61,75
151,57,35,41
151,58,39,31
151,59,37,31
151,60,54,39
151,61,48,64
151,62,53,51
151,63,58,56
151,64,24,33
151,65,38,38
151,66,40,42
151,67,34,54
151,68,45,46
151,69,63,65
151,70,44,65
151,71,58,42
151,72,32,43
151,73,47,61
151,74,62,35
151,75,36,57
151,76,27,26
151,77,51,54
151,78,52,40
151,79,42,59
151,80,48,75
151,81,49,71
151,82,42,48
151,83,59,66
151,84,37,60
151,85,46,19
151,86,62,42
151,87,55,68
151,88,59,43
151,89,50,65
151,90,50,45
151,91,45,44
151,92,48,37
151,93,70,34
151,94,43,70
151,95,42,50
151,96,59,61
151,97,69,49
151,98,78,61
151,99,57,42
151,100,51,48
151,101,40,45
151,102,62,53
151,103,53,55
151,104,32,50
151,105,55,31
151,106,47,55
151,107,60,44
151,108,48,71
151,109,48,52
151,110,47,43
151,111,48,42
151,112,56,51
151,113,61,42
151,114,38,42
151,115,55,48
151,116,46,33
151,117,65,40
151,118,38,53
151,119,52,28
151,120,58,49
151,121,61,39
151,122,61,49
151,123,38,61
151,124,56,71
151,125,48,68
151,126,64,55
151,127,46,44
151,128,56,33
151,129,41,29
151,130,53,52
151,131,43,42
151,132,56,34
151,133,69,66
151,134,41,49
151,135,41,45
151,136,50,61
151,137,65,52
151,138,50,54
151,139,47,77
151,140,33,50
151,141,50,24
151,142,44,47
151,143,47,74
151,144,52,41
151,145,60,34
151,146,62,50
151,147,71,48
151,148,57,58
151,149,52,44
151,150,63,64
151,151,42,60
151,152,46,63
151,153,48,47
151,154,68,66
151,155,63,42
151,156,51,40
151,157,60,36
151,158,39,42
151,159,73,37
151,160,62,46
151,161,54,45
151,162,50,44
151,163,63,49
151,164,77,47
151,165,51,47
151,166,46,47
151,167,44,40
151,168,38,71
151,169,72,53
151,170,52,42
151,171,45,59
151,172,73,52
151,173,67,59
151,174,55,57
151,175,57,37
151,176,60,32
151,177,48,46
151,178,78,63
151,179,47,66
151,180,50,59
151,181,60,65
151,182,53,53
151,183,50,51
151,184,65,60
151,185,51,30
151,186,55,53
151,187,40,49
151,188,69,73
151,189,66,47
151,190,65,39
151,191,32,60
151,192,54,43
151,193,61,55
151,194,60,50
151,195,66,63
151,196,58,64
152,1,55,29
152,2,45,52
152,3,42,71
152,4,40,40
152,5,33,47
152,6,41,32
152,7,51,59
152,8,44,54
152,9,29,51
152,10,23,60
152,11,31,57
152,12,42,52
152,13,64,45
152,14,53,56
152,15,41,33
152,16,30,31
152,17,52,38
152,18,49,55
152,19,28,57
152,20,48,38
152,21,40,61
152,22,16,59
152,23,42,40
152,24,29,50
152,25,43,45
152,26,38,46
152,27,41,73
152,28,57,40
152,29,49,39
152,30,33,36
152,31,30,67
152,32,55,56
152,33,42,54
152,34,47,40
152,35,40,47
152,36,46,37
152,37,47,50
152,38,52,69
152,39,45,56
152,40,15,59
152,41,26,64
152,42,40,65
152,43,63,18
152,44,46,42
152,45,44,50
152,46,50,35
152,47,35,52
152,48,56,28
152,49,53,64
152,50,51,51
152,51,26,36
152,52,47,64
152,53,27,51
152,54,41,64
152,55,59,68
152,56,62,74
152,57,36,41
152,58,39,30
152,59,37,32
152,60,54,38
152,61,48,63
152,62,54,51
152,63,58,57
152,64,25,34
152,65,38,39
152,66,41,43
152,67,35,55
152,68,44,45
152,69,64,64
152,70,43,65
152,71,58,41
152,72,33,42
152,73,46,61
152,74,63,35
152,75,35,57
152,76,26,27
152,77,50,53
152,78,52,39
152,79,43,58
152,80,49,75
152,81,50,72
152,82,41,48
152,83,58,65
152,84,37,61
152,85,45,19
152,86,62,43
152,87,54,69
152,88,60,42
152,89,51,65
152,90,49,45
152,91,45,45
152,92,47,38
152,93,71,34
152,94,44,69
152,95,41,50
152,96,58,61
152,97,70,50
152,98,79,60
152,99,58,42
152,100,51,49
152,101,39,45
152,102,63,52
152,103,52,54
152,104,32,49
152,105,54,32
152,106,46,56
152,107,61,44
152,108,49,70
152,109,49,51
152,110,48,44
152,111,47,42
152,112,57,50
152,113,61,41
152,114,37,42
152,115,56,47
152,116,47,33
152,117,64,40
152,118,39,54
152,119,52,27
152,120,57,48
152,121,60,38
152,122,61,48
152,123,39,62
152,124,55,70
152,125,47,67
152,126,64,54
152,127,47,43
152,128,57,34
152,129,40,28
152,130,54,52
152,131,43,43
152,132,57,35
152,133,69,67
152,134,40,50
152,135,40,44
152,136,50,62
152,137,66,51
152,138,51,55
152,139,47,76
152,140,33,49
152,141,51,25
152,142,43,46
152,143,47,73
152,144,51,41
152,145,59,35
152,146,61,49
152,147,72,49
152,148,57,57
152,149,52,43
152,150,64,63
152,151,41,59
152,152,46,64
152,153,49,46
152,154,67,65
152,155,63,43
152,156,50,40
152,157,61,35
152,158,38,41
152,159,73,36
152,160,61,47
152,161,55,45
152,162,49,43
152,163,62,50
152,164,77,46
152,165,51,46
152,166,47,48
152,167,45,39
152,168,37,71
152,169,73,53
152,170,53,41
152,171,46,60
152,172,72,52
152,173,67,60
152,174,54,56
152,175,56,38
152,176,61,32
152,177,48,45
152,178,77,63
152,179,48,67
152,180,49,58
152,181,59,66
152,182,52,52
152,183,51,50
152,184,64,61
152,185,52,29
152,186,54,53
152,187,39,50
152,188,68,74
152,189,66,48
152,190,66,39
152,191,33,61
152,192,53,43
152,193,61,56
152,194,59,51
152,195,67,64
152,196,59,65
153,1,54,28
153,2,45,51
153,3,42,72
153,4,39,40
153,5,34,48
153,6,41,31
153,7,52,60
153,8,44,55
153,9,28,50
153,10,24,59
153,11,30,57
153,12,42,53
153,13,64,46
153,14,54,57
153,15,40,34
153,16,29,32
153,17,52,37
153,18,48,55
153,19,27,57
153,20,49,37
153,21,39,61
153,22,16,58
153,23,41,39
153,24,29,49
153,25,43,44
153,26,37,47
153,27,40,74
153,28,57,41
153,29,49,38
153,30,34,37
153,31,29,68
153,32,55,55
153,33,43,54
153,34,47,39
153,35,41,47
153,36,46,36
153,37,48,50
153,38,53,69
153,39,44,56
153,40,16,60
153,41,27,63
153,42,40,64
153,43,64,17
153,44,46,41
153,45,44,51
153,46,51,36
153,47,36,51
153,48,55,27
153,49,54,63
153,50,50,51
153,51,27,37
153,52,47,65
153,53,26,51
153,54,40,63
153,55,59,67
153,56,63,75
153,57,36,40
153,58,39,31
153,59,38,33
153,60,53,38
153,61,49,64
153,62,55,50
153,63,57,56
153,64,25,35
153,65,38,40
153,66,41,44
153,67,34,54
153,68,44,44
153,69,63,64
153,70,44,65
153,71,59,42
153,72,33,41
153,73,45,61
153,74,64,35
153,75,34,57
153,76,25,27
153,77,49,53
153,78,51,38
153,79,44,59
153,80,50,76
153,81,49,72
153,82,40,49
153,83,57,66
153,84,36,62
153,85,44,19
153,86,63,42
153,87,54,70
153,88,60,43
153,89,51,66
153,90,50,44
153,91,45,46
153,92,48,37
153,93,71,33
153,94,45,70
153,95,42,49
153,96,58,62
153,97,71,51
153,98,80,59
153,99,58,41
153,100,50,48
153,101,39,46
153,102,64,51
153,103,52,55
153,104,31,49
153,105,53,32
153,106,45,57
153,107,62,43
153,108,48,69
153,109,48,52
153,110,49,44
153,111,48,41
153,112,57,51
153,113,60,42
153,114,37,41
153,115,55,48
153,116,48,33
153,117,65,41
153,118,38,54
153,119,53,26
153,120,56,48
153,121,61,37
153,122,60,49
153,123,39,63
153,124,54,69
153,125,47,66
153,126,63,55
153,127,46,43
153,128,58,33
153,129,41,28
153,130,55,52
153,131,42,42
153,132,58,34
153,133,68,66
153,134,41,50
153,135,41,43
153,136,49,61
153,137,67,52
153,138,52,56
153,139,48,76
153,140,32,49
153,141,51,24
153,142,42,47
153,143,46,72
153,144,52,41
153,145,59,34
153,146,61,50
153,147,73,49
153,148,56,57
153,149,52,44
153,150,65,63
153,151,42,58
153,152,46,63
153,153,49,47
153,154,66,65
153,155,64,44
153,156,51,41
153,157,61,34
153,158,39,42
153,159,73,37
153,160,62,47
153,161,54,45
153,162,50,42
153,163,62,51
153,164,77,47
153,165,50,45
153,166,48,47
153,167,45,38
153,168,38,72
153,169,73,52
153,170,53,42
153,171,46,61
153,172,72,53
153,173,68,60
153,174,53,55
153,175,55,39
153,176,62,31
153,177,48,44
153,178,78,64
153,179,49,66
153,180,48,57
153,181,58,67
153,182,53,52
153,183,50,50
153,184,64,62
153,185,53,28
153,186,54,52
153,187,38,49
153,188,67,74
153,189,67,48
153,190,66,38
153,191,32,60
153,192,54,44
153,193,62,55
153,194,58,50
153,195,66,64
153,196,60,65
154,1,53,27
154,2,46,50
154,3,41,72
154,4,40,40
154,5,35,48
154,6,40,31
154,7,51,59
154,8,45,56
154,9,27,50
154,10,25,60
154,11,29,58
154,12,41,54
154,13,65,45
154,14,55,57
154,15,39,35
154,16,29,31
154,17,53,37
154,18,48,56
154,19,26,57
154,20,50,38
154,21,38,62
154,22,15,57
154,23,42,39
154,24,29,48
154,25,43,43
154,26,38,47
154,27,39,75
154,28,57,42
154,29,48,39
154,30,35,37
154,31,29,67
154,32,55,54
154,33,44,55
154,34,48,40
154,35,42,46
154,36,46,35
154,37,49,49
154,38,52,70
154,39,44,57
154,40,17,60
154,41,28,63
154,42,41,64
154,43,65,18
154,44,47,40
154,45,45,51
154,46,50,35
154,47,37,50
154,48,55,26
154,49,53,64
154,50,51,52
154,51,28,38
154,52,46,64
154,53,26,50
154,54,39,62
154,55,58,68
154,56,62,75
154,57,35,40
154,58,38,31
154,59,39,32
154,60,54,39
154,61,49,65
154,62,54,51
154,63,57,57
154,64,26,35
154,65,39,40
154,66,41,45
154,67,33,54
154,68,45,44
154,69,64,65
154,70,43,64
154,71,60,41
154,72,34,40
154,73,44,60
154,74,65,36
154,75,33,58
154,76,26,27
154,77,50,54
154,78,52,38
154,79,45,60
154,80,51,77
154,81,49,73
154,82,39,49
154,83,58,66
154,84,37,63
154,85,45,19
154,86,64,42
154,87,53,70
154,88,61,43
154,89,52,65
154,90,49,43
154,91,46,47
154,92,48,36
154,93,70,32
154,94,44,69
154,95,43,49
154,96,58,61
154,97,72,50
154,98,80,58
154,99,58,40
154,100,51,49
154,101,38,46
154,102,63,52
154,103,53,54
154,104,32,50
154,105,52,31
154,106,46,56
154,107,63,44
154,108,47,68
154,109,47,52
154,110,50,44
154,111,49,41
154,112,57,52
154,113,59,42
154,114,38,42
154,115,55,47
154,116,47,33
154,117,65,40
154,118,37,54
154,119,52,27
154,120,56,47
154,121,60,37
154,122,59,50
154,123,39,64
154,124,53,68
154,125,46,65
154,126,64,54
154,127,45,43
154,128,58,32
154,129,40,29
154,130,55,51
154,131,43,41
154,132,57,35
154,133,69,65
154,134,41,49
154,135,42,43
154,136,50,60
154,137,68,53
154,138,52,55
154,139,47,77
154,140,31,50
154,141,52,24
154,142,41,48
154,143,45,73
154,144,51,42
154,145,60,34
154,146,60,50
154,147,72,49
154,148,57,58
154,149,53,45
154,150,64,64
154,151,43,57
154,152,47,62
154,153,50,48
154,154,65,66
154,155,64,43
154,156,52,40
154,157,61,33
154,158,39,43
154,159,72,37
154,160,61,48
154,161,53,44
154,162,50,41
154,163,62,52
154,164,78,46
154,165,49,44
154,166,47,47
154,167,44,38
154,168,39,73
154,169,73,53
154,170,54,42
154,171,46,62
154,172,72,52
154,173,67,59
154,174,54,54
154,175,54,38
154,176,61,31
154,177,47,44
154,178,77,63
154,179,48,67
154,180,49,57
154,181,59,68
154,182,53,51
154,183,49,51
154,184,64,61
154,185,54,27
154,186,54,53
154,187,39,50
154,188,66,75
154,189,68,48
154,190,65,38
154,191,31,60
154,192,55,45
154,193,63,55
154,194,59,49
154,195,65,63
154,196,59,66
155,1,52,26
155,2,46,51
155,3,42,71
155,4,41,41
155,5,34,49
155,6,40,32
155,7,52,58
155,8,46,57
155,9,26,51
155,10,25,59
155,11,30,58
155,12,40,55
155,13,66,46
155,14,55,58
155,15,39,34
155,16,29,32
155,17,54,36
155,18,47,55
155,19,27,58
155,20,49,38
155,21,37,62
155,22,16,58
155,23,42,38
155,24,28,47
155,25,43,42
155,26,37,46
155,27,40,74
155,28,58,42
155,29,48,38
155,30,35,38
155,31,30,67
155,32,54,55
155,33,43,55
155,34,48,41
155,35,42,47
155,36,47,34
155,37,49,50
155,38,53,69
155,39,43,58
155,40,18,60
155,41,27,63
155,42,40,65
155,43,66,19
155,44,48,39
155,45,44,52
155,46,51,36
155,47,38,51
155,48,54,26
155,49,54,65
155,50,52,53
155,51,28,39
155,52,47,65
155,53,25,50
155,54,40,62
155,55,59,69
155,56,62,76
155,57,35,39
155,58,37,32
155,59,39,33
155,60,55,39
155,61,49,66
155,62,54,50
155,63,58,58
155,64,25,34
155,65,38,41
155,66,40,44
155,67,32,55
155,68,46,45
155,69,63,66
155,70,43,65
155,71,60,40
155,72,35,41
155,73,45,61
155,74,66,35
155,75,33,57
155,76,27,26
155,77,51,55
155,78,53,37
155,79,46,59
155,80,50,78
155,81,48,74
155,82,38,49
155,83,58,65
155,84,38,62
155,85,44,18
155,86,64,41
155,87,52,71
155,88,62,44
155,89,53,65
155,90,48,42
155,91,46,46
155,92,49,36
155,93,70,33
155,94,45,70
155,95,44,48
155,96,59,60
155,97,73,51
155,98,79,57
155,99,58,41
155,100,50,49
155,101,39,46
155,102,62,53
155,103,53,53
155,104,32,49
155,105,51,31
155,106,45,57
155,107,62,45
155,108,48,69
155,109,47,51
155,110,51,44
155,111,49,42
155,112,56,52
155,113,60,41
155,114,37,41
155,115,56,46
155,116,46,32
155,117,64,39
155,118,36,55
155,119,51,27
155,120,55,46
155,121,59,36
155,122,60,49
155,123,40,63
155,124,52,69
155,125,45,64
155,126,65,53
155,127,46,42
155,128,58,33
155,129,39,30
155,130,54,52
155,131,44,41
155,132,58,34
155,133,68,64
155,134,42,48
155,135,42,42
155,136,49,61
155,137,67,53
155,138,53,56
155,139,47,76
155,140,32,50
155,141,52,25
155,142,41,47
155,143,44,74
155,144,50,42
155,145,61,34
155,146,60,51
155,147,73,48
155,148,58,59
155,149,54,44
155,150,63,64
155,151,42,58
155,152,48,61
155,153,51,49
155,154,66,66
155,155,63,43
155,156,51,41
155,157,60,34
155,158,40,42
155,159,72,36
155,160,60,47
155,161,54,45
155,162,49,40
155,163,63,51
155,164,77,45
155,165,50,43
155,166,48,46
155,167,44,37
155,168,40,73
155,169,73,52
155,170,53,42
155,171,46,63
155,172,71,53
155,173,66,58
155,174,55,54
155,175,55,37
155,176,61,30
155,177,47,43
155,178,76,62
155,179,49,68
155,180,50,58
155,181,58,67
155,182,52,51
155,183,50,50
155,184,65,60
155,185,53,26
155,186,53,52
155,187,39,49
155,188,65,75
155,189,68,49
155,190,66,38
155,191,32,59
155,192,55,44
155,193,62,55
155,194,59,48
155,195,66,62
155,196,60,65
156,1,51,26
156,2,46,50
156,3,43,70
156,4,40,40
156,5,35,49
156,6,40,31
156,7,53,57
156,8,46,58
156,9,26,50
156,10,24,59
156,11,29,58
156,12,39,55
156,13,66,47
156,14,55,59
156,15,38,34
156,16,29,31
156,17,54,37
156,18,47,54
156,19,28,59
156,20,49,37
156,21,36,63
156,22,17,59
156,23,41,39
156,24,27,48
156,25,42,41
156,26,37,45
156,27,41,74
156,28,58,43
156,29,47,39
156,30,34,38
156,31,30,66
156,32,53,54
156,33,42,56
156,34,47,42
156,35,41,46
156,36,47,35
156,37,48,50
156,38,52,68
156,39,43,59
156,40,18,61
156,41,28,63
156,42,39,66
156,43,67,18
156,44,49,39
156,45,44,53
156,46,52,36
156,47,37,51
156,48,55,26
156,49,54,66
156,50,52,54
156,51,27,40
156,52,47,64
156,53,24,49
156,54,39,63
156,55,58,68
156,56,61,77
156,57,34,39
156,58,36,31
156,59,38,33
156,60,56,40
156,61,50,66
156,62,53,51
156,63,58,57
156,64,25,35
156,65,39,42
156,66,41,43
156,67,32,56
156,68,45,46
156,69,64,67
156,70,44,64
156,71,59,39
156,72,35,42
156,73,44,61
156,74,66,36
156,75,34,56
156,76,28,25
156,77,52,56
156,78,52,38
156,79,46,60
156,80,51,77
156,81,49,74
156,82,37,50
156,83,58,66
156,84,39,61
156,85,44,17
156,86,65,41
156,87,52,72
156,88,61,44
156,89,52,64
156,90,49,43
156,91,47,47
156,92,49,35
156,93,71,33
156,94,46,70
156,95,43,49
156,96,58,60
156,97,73,50
156,98,78,57
156,99,58,40
156,100,51,48
156,101,40,45
156,102,63,52
156,103,52,52
156,104,31,50
156,105,51,32
156,106,44,58
156,107,61,46
156,108,48,70
156,109,47,50
156,110,50,45
156,111,48,43
156,112,55,51
156,113,59,42
156,114,37,40
156,115,56,47
156,116,45,33
156,117,65,38
156,118,36,54
156,119,52,28
156,120,56,45
156,121,60,36
156,122,60,50
156,123,40,64
156,124,53,68
156,125,44,63
156,126,64,53
156,127,45,41
156,128,59,34
156,129,38,29
156,130,55,52
156,131,43,41
156,132,57,33
156,133,68,65
156,134,41,48
156,135,43,42
156,136,49,62
156,137,66,54
156,138,54,55
156,139,46,77
156,140,33,51
156,141,52,24
156,142,40,47
156,143,43,73
156,144,49,42
156,145,62,35
156,146,61,51
156,147,74,48
156,148,57,60
156,149,53,43
156,150,62,63
156,151,43,58
156,152,47,61
156,153,52,49
156,154,65,67
156,155,63,44
156,156,50,40
156,157,59,35
156,158,39,41
156,159,73,36
156,160,59,46
156,161,54,46
156,162,50,41
156,163,64,51
156,164,78,46
156,165,51,42
156,166,48,45
156,167,43,36
156,168,39,72
156,169,73,51
156,170,54,41
156,171,46,64
156,172,72,54
156,173,65,57
156,174,56,53
156,175,56,37
156,176,60,31
156,177,46,43
156,178,75,63
156,179,49,67
156,180,50,57
156,181,59,68
156,182,53,50
156,183,49,51
156,184,66,60
156,185,52,25
156,186,52,53
156,187,39,50
156,188,64,76
156,189,69,49
156,190,67,38
156,191,31,58
156,192,55,43
156,193,61,55
156,194,58,47
156,195,65,62
156,196,59,64
157,1,50,27
157,2,45,49
157,3,43,71
157,4,39,39
157,5,34,50
157,6,39,32
157,7,53,56
157,8,46,57
157,9,25,51
157,10,24,58
157,11,29,57
157,12,40,54
157,13,67,46
157,14,56,58
157,15,39,33
157,16,29,32
157,17,53,37
157,18,46,53
157,19,28,58
157,20,48,37
157,21,35,62
157,22,18,59
157,23,42,38
157,24,26,49
157,25,42,42
157,26,37,44
157,27,42,75
157,28,59,44
157,29,47,40
157,30,33,38
157,31,29,66
157,32,54,53
157,33,41,55
157,34,46,42
157,35,42,46
157,36,46,35
157,37,48,49
157,38,51,69
157,39,42,58
157,40,19,61
157,41,29,62
157,42,38,66
157,43,66,17
157,44,50,39
157,45,43,53
157,46,51,37
157,47,36,50
157,48,56,25
157,49,54,65
157,50,51,54
157,51,27,41
157,52,46,65
157,53,24,48
157,54,40,63
157,55,59,69
157,56,62,78
157,57,35,40
157,58,36,32
157,59,39,34
157,60,56,39
157,61,51,66
157,62,53,52
157,63,57,58
157,64,25,34
157,65,39,43
157,66,41,44
157,67,32,55
157,68,46,47
157,69,65,68
157,70,43,64
157,71,60,40
157,72,34,41
157,73,45,62
157,74,66,37
157,75,35,56
157,76,27,24
157,77,53,57
157,78,52,37
157,79,45,61
157,80,52,78
157,81,49,73
157,82,38,50
157,83,59,65
157,84,38,62
157,85,44,16
157,86,64,40
157,87,53,72
157,88,62,43
157,89,51,64
157,90,48,42
157,91,48,47
157,92,48,34
157,93,72,33
157,94,47,69
157,95,42,48
157,96,59,60
157,97,74,49
157,98,78,58
157,99,59,41
157,100,51,47
157,101,40,44
157,102,64,52
157,103,53,53
157,104,32,50
157,105,52,32
157,106,43,59
157,107,62,47
157,108,48,69
157,109,46,49
157,110,49,45
157,111,48,44
157,112,54,50
157,113,58,42
157,114,37,39
157,115,55,46
157,116,46,34
157,117,64,37
157,118,35,53
157,119,52,27
157,120,55,44
157,121,61,36
157,122,59,49
157,123,41,63
157,124,54,68
157,125,44,64
157,126,65,53
157,127,44,42
157,128,59,33
157,129,37,28
157,130,56,52
157,131,44,41
157,132,56,32
157,133,67,65
157,134,40,49
157,135,43,41
157,136,50,61
157,137,67,54
157,138,53,54
157,139,45,77
157,140,33,50
157,141,51,24
157,142,41,48
157,143,43,72
157,144,50,43
157,145,63,34
157,146,61,52
157,147,75,47
157,148,56,60
157,149,54,44
157,150,62,64
157,151,43,57
157,152,48,61
157,153,53,48
157,154,64,67
157,155,63,45
157,156,49,41
157,157,58,34
157,158,40,41
157,159,72,36
157,160,58,46
157,161,53,47
157,162,49,42
157,163,64,50
157,164,79,46
157,165,50,42
157,166,47,45
157,167,44,36
157,168,39,71
157,169,74,52
157,170,54,40
157,171,46,63
157,172,73,55
157,173,64,57
157,174,55,54
157,175,56,38
157,176,61,31
157,177,47,42
157,178,76,62
157,179,48,67
157,180,49,58
157,181,60,67
157,182,52,49
157,183,48,50
157,184,66,61
157,185,53,25
157,186,52,54
157,187,39,51
157,188,63,76
157,189,69,48
157,190,68,37
157,191,31,57
157,192,55,42
157,193,61,56
157,194,59,48
157,195,64,61
157,196,58,63
158,1,51,28
158,2,45,50
158,3,44,71
158,4,40,40
158,5,35,49
158,6,38,31
158,7,52,55
158,8,45,58
158,9,25,52
158,10,23,57
158,11,28,57
158,12,41,53
158,13,68,47
158,14,55,57
158,15,38,32
158,16,29,33
158,17,54,36
158,18,47,52
158,19,27,59
158,20,48,38
158,21,34,62
158,22,18,60
158,23,42,37
158,24,27,49
158,25,41,43
158,26,36,43
158,27,41,75
158,28,60,43
158,29,46,41
158,30,32,38
158,31,30,67
158,32,54,52
158,33,40,56
158,34,47,41
158,35,43,47
158,36,45,35
158,37,49,49
158,38,50,70
158,39,42,57
158,40,20,62
158,41,28,62
158,42,38,67
158,43,65,17
158,44,51,39
158,45,43,54
158,46,52,38
158,47,36,49
158,48,57,26
158,49,55,65
158,50,50,54
158,51,28,42
158,52,46,64
158,53,25,49
158,54,41,62
158,55,60,70
158,56,61,77
158,57,34,40
158,58,37,32
158,59,39,35
158,60,57,38
158,61,52,65
158,62,53,51
158,63,58,57
158,64,25,33
158,65,39,42
158,66,42,43
158,67,31,54
158,68,45,47
158,69,65,67
158,70,44,63
158,71,61,39
158,72,33,40
158,73,46,62
158,74,65,36
158,75,34,57
158,76,26,24
158,77,53,56
158,78,53,37
158,79,45,62
158,80,51,77
158,81,48,72
158,82,38,51
158,83,58,66
158,84,38,61
158,85,45,16
158,86,63,39
158,87,54,71
158,88,63,42
158,89,50,63
158,90,47,43
158,91,49,46
158,92,48,33
158,93,72,34
158,94,46,68
158,95,43,49
158,96,59,61
158,97,73,48
158,98,79,59
158,99,59,40
158,100,52,46
158,101,41,44
158,102,65,51
158,103,54,53
158,104,31,50
158,105,51,31
158,106,42,58
158,107,61,46
158,108,49,69
158,109,45,48
158,110,50,46
158,111,49,43
158,112,54,49
158,113,57,41
158,114,36,40
158,115,54,46
158,116,47,35
158,117,64,36
158,118,34,53
158,119,51,26
158,120,54,43
158,121,61,37
158,122,59,50
158,123,42,62
158,124,53,68
158,125,43,64
158,126,64,52
158,127,43,43
158,128,59,34
158,129,38,28
158,130,55,53
158,131,45,41
158,132,57,31
158,133,68,64
158,134,39,49
158,135,44,42
158,136,49,62
158,137,67,55
158,138,53,55
158,139,45,78
158,140,34,51
158,141,51,25
158,142,42,48
158,143,42,72
158,144,50,44
158,145,64,34
158,146,60,52
158,147,76,47
158,148,56,61
158,149,55,44
158,150,62,65
158,151,44,57
158,152,48,60
158,153,52,47
158,154,65,66
158,155,62,46
158,156,48,41
158,157,58,35
158,158,41,40
158,159,73,36
158,160,59,45
158,161,54,47
158,162,48,42
158,163,64,51
158,164,79,47
158,165,49,42
158,166,48,44
158,167,43,36
158,168,40,71
158,169,75,52
158,170,53,39
158,171,47,63
158,172,74,56
158,173,64,56
158,174,56,53
158,175,55,37
158,176,62,31
158,177,48,43
158,178,75,63
158,179,48,66
158,180,48,57
158,181,61,68
158,182,53,49
158,183,47,49
158,184,65,62
158,185,52,25
158,186,52,53
158,187,40,51
158,188,63,77
158,189,69,47
158,190,67,38
158,191,32,58
158,192,56,41
158,193,62,57
158,194,58,47
158,195,65,60
158,196,57,63
159,1,52,27
159,2,45,49
159,3,43,72
159,4,39,39
159,5,36,48
159,6,39,32
159,7,52,56
159,8,46,58
159,9,24,51
159,10,24,57
159,11,29,58
159,12,40,54
159,13,68,48
159,14,56,57
159,15,37,31
159,16,29,32
159,17,54,37
159,18,46,51
159,19,28,59
159,20,49,38
159,21,33,61
159,22,19,61
159,23,42,36
159,24,26,48
159,25,41,42
159,26,37,44
159,27,40,74
159,28,59,43
159,29,47,42
159,30,31,38
159,31,29,68
159,32,53,53
159,33,40,57
159,34,46,40
159,35,42,47
159,36,44,36
159,37,48,48
159,38,50,71
159,39,42,56
159,40,19,63
159,41,29,62
159,42,39,67
159,43,65,18
159,44,51,38
159,45,42,53
159,46,51,37
159,47,35,48
159,48,58,26
159,49,56,66
159,50,51,55
159,51,29,43
159,52,46,63
159,53,24,50
159,54,42,61
159,55,60,71
159,56,60,78
159,57,33,39
159,58,36,33
159,59,38,34
159,60,56,38
159,61,52,66
159,62,54,52
159,63,58,58
159,64,26,33
159,65,40,42
159,66,43,42
159,67,30,53
159,68,44,48
159,69,64,67
159,70,44,64
159,71,61,40
159,72,32,41
159,73,45,63
159,74,66,35
159,75,35,58
159,76,26,23
159,77,52,55
159,78,52,37
159,79,44,63
159,80,51,76
159,81,47,73
159,82,38,50
159,83,58,67
159,84,39,62
159,85,44,16
159,86,64,38
159,87,53,71
159,88,62,42
159,89,51,64
159,90,47,44
159,91,50,45
159,92,49,33
159,93,72,33
159,94,47,68
159,95,44,50
159,96,60,62
159,97,74,48
159,98,79,60
159,99,60,39
159,100,51,47
159,101,41,45
159,102,66,51
159,103,55,52
159,104,30,49
159,105,52,32
159,106,43,59
159,107,61,45
159,108,48,70
159,109,46,47
159,110,50,47
159,111,49,44
159,112,53,50
159,113,56,42
159,114,37,40
159,115,53,45
159,116,47,34
159,117,64,35
159,118,33,52
159,119,52,26
159,120,55,43
159,121,61,36
159,122,59,49
159,123,43,63
159,124,54,69
159,125,43,65
159,126,64,53
159,127,42,43
159,128,60,34
159,129,38,29
159,130,54,54
159,131,46,42
159,132,56,31
159,133,69,64
159,134,38,49
159,135,45,42
159,136,49,63
159,137,66,56
159,138,53,54
159,139,45,79
159,140,33,50
159,141,51,24
159,142,41,48
159,143,41,73
159,144,51,44
159,145,64,33
159,146,59,51
159,147,77,47
159,148,55,60
159,149,56,44
159,150,62,66
159,151,43,57
159,152,47,60
159,153,51,48
159,154,66,67
159,155,63,45
159,156,47,41
159,157,59,36
159,158,41,41
159,159,72,36
159,160,60,46
159,161,54,48
159,162,47,43
159,163,63,50
159,164,78,48
159,165,50,41
159,166,47,45
159,167,44,35
159,168,40,72
159,169,74,53
159,170,54,39
159,171,47,64
159,172,74,57
159,173,63,57
159,174,57,54
159,175,54,38
159,176,62,30
159,177,49,43
159,178,76,64
159,179,48,65
159,180,47,56
159,181,62,68
159,182,52,50
159,183,46,49
159,184,64,63
159,185,53,25
159,186,53,52
159,187,39,52
159,188,62,77
159,189,68,47
159,190,68,39
159,191,32,59
159,192,55,40
159,193,61,58
159,194,57,48
159,195,64,61
159,196,58,64
160,1,51,27
160,2,45,50
160,3,43,73
160,4,39,40
160,5,36,49
160,6,39,31
160,7,53,57
160,8,45,59
160,9,24,52
160,10,25,57
160,11,28,57
160,12,41,55
160,13,69,48
160,14,57,57
160,15,38,30
160,16,28,31
160,17,53,36
160,18,47,50
160,19,28,58
160,20,49,37
160,21,34,60
160,22,20,61
160,23,42,37
160,24,25,49
160,25,42,42
160,26,36,45
160,27,39,73
160,28,58,43
160,29,46,43
160,30,32,37
160,31,30,69
160,32,52,52
160,33,39,57
160,34,45,41
160,35,41,47
160,36,45,36
160,37,49,48
160,38,51,71
160,39,43,55
160,40,18,63
160,41,28,62
160,42,38,68
160,43,66,19
160,44,51,39
160,45,43,53
160,46,52,38
160,47,36,47
160,48,57,27
160,49,55,67
160,50,50,56
160,51,30,42
160,52,46,64
160,53,24,49
160,54,41,61
160,55,60,70
160,56,59,77
160,57,34,39
160,58,36,32
160,59,37,34
160,60,57,38
160,61,53,67
160,62,54,53
160,63,58,59
160,64,26,34
160,65,39,43
160,66,44,43
160,67,30,54
160,68,45,49
160,69,65,67
160,70,44,65
160,71,62,39
160,72,33,41
160,73,44,64
160,74,67,36
160,75,35,59
160,76,27,22
160,77,51,54
160,78,51,38
160,79,43,64
160,80,50,75
160,81,48,73
160,82,39,51
160,83,58,68
160,84,38,63
160,85,44,17
160,86,65,37
160,87,52,71
160,88,63,43
160,89,52,64
160,90,48,44
160,91,51,46
160,92,48,33
160,93,73,34
160,94,48,69
160,95,44,49
160,96,60,63
160,97,74,47
160,98,80,60
160,99,61,40
160,100,52,48
160,101,41,44
160,102,66,50
160,103,55,51
160,104,29,49
160,105,53,33
160,106,44,60
160,107,60,44
160,108,47,71
160,109,46,48
160,110,50,48
160,111,50,45
160,112,53,49
160,113,55,42
160,114,38,40
160,115,54,45
160,116,46,35
160,117,64,36
160,118,32,52
160,119,51,26
160,120,56,43
160,121,60,36
160,122,60,48
160,123,43,62
160,124,53,70
160,125,42,64
160,126,65,52
160,127,43,43
160,128,61,35
160,129,37,28
160,130,53,55
160,131,45,43
160,132,55,30
160,133,70,63
160,134,39,50
160,135,46,41
160,136,50,64
160,137,66,57
160,138,52,53
160,139,46,79
160,140,34,51
160,141,52,24
160,142,40,47
160,143,40,74
160,144,52,43
160,145,65,33
160,146,60,50
160,147,76,48
160,148,54,60
160,149,55,43
160,150,61,65
160,151,42,58
160,152,46,59
160,153,52,49
160,154,67,68
160,155,64,45
160,156,48,42
160,157,58,37
160,158,42,41
160,159,72,35
160,160,61,45
160,161,53,47
160,162,48,43
160,163,63,49
160,164,77,48
160,165,50,42
160,166,48,45
160,167,43,35
160,168,39,72
160,169,73,53
160,170,53,39
160,171,46,63
160,172,73,57
160,173,64,57
160,174,56,55
160,175,53,37
160,176,63,29
160,177,49,44
160,178,77,65
160,179,49,64
160,180,48,56
160,181,61,68
160,182,51,49
160,183,47,49
160,184,63,64
160,185,52,26
160,186,54,52
160,187,39,53
160,188,63,77
160,189,68,46
160,190,67,40
160,191,33,58
160,192,56,40
160,193,62,57
160,194,58,48
160,195,65,61
160,196,57,65
161,1,50,28
161,2,46,50
161,3,44,72
161,4,39,41
161,5,35,50
161,6,40,31
161,7,53,58
161,8,44,58
161,9,25,53
161,10,26,58
161,11,27,57
161,12,40,54
161,13,70,47
161,14,56,56
161,15,37,29
161,16,27,32
161,17,54,35
161,18,47,51
161,19,28,59
161,20,48,38
161,21,34,61
161,22,21,62
161,23,43,36
161,24,25,50
161,25,43,42
161,26,37,46
161,27,38,72
161,28,57,42
161,29,47,42
161,30,32,38
161,31,29,69
161,32,51,51
161,33,40,56
161,34,45,42
161,35,42,47
161,36,45,37
161,37,50,47
161,38,51,70
161,39,44,55
161,40,18,64
161,41,28,63
161,42,39,68
161,43,66,18
161,44,50,40
161,45,44,54
161,46,52,37
161,47,35,48
161,48,56,26
161,49,56,67
161,50,51,56
161,51,29,41
161,52,47,65
161,53,24,48
161,54,42,61
161,55,61,70
161,56,58,78
161,57,34,38
161,58,35,33
161,59,36,35
161,60,56,37
161,61,53,66
161,62,55,54
161,63,58,60
161,64,25,34
161,65,38,44
161,66,44,42
161,67,30,53
161,68,44,50
161,69,65,68
161,70,43,66
161,71,61,38
161,72,32,42
161,73,45,63
161,74,68,35
161,75,34,60
161,76,27,23
161,77,50,54
161,78,50,37
161,79,42,65
161,80,49,75
161,81,47,74
161,82,39,52
161,83,58,67
161,84,39,63
161,85,45,18
161,86,64,38
161,87,53,71
161,88,62,44
161,89,52,65
161,90,49,45
161,91,50,46
161,92,49,33
161,93,72,33
161,94,47,69
161,95,45,48
161,96,61,62
161,97,73,48
161,98,81,59
161,99,61,39
161,100,52,47
161,101,41,43
161,102,66,51
161,103,54,51
161,104,30,48
161,105,53,34
161,106,43,60
161,107,59,45
161,108,48,70
161,109,47,47
161,110,49,48
161,111,51,44
161,112,54,48
161,113,54,41
161,114,37,41
161,115,55,46
161,116,47,34
161,117,64,37
161,118,32,51
161,119,50,26
161,120,55,44
161,121,59,37
161,122,61,48
161,123,44,62
161,124,54,70
161,125,41,64
161,126,64,51
161,127,42,44
161,128,60,36
161,129,37,27
161,130,53,54
161,131,44,44
161,132,54,31
161,133,70,62
161,134,40,50
161,135,45,40
161,136,49,63
161,137,67,57
161,138,52,52
161,139,45,78
161,140,33,50
161,141,53,25
161,142,40,48
161,143,39,74
161,144,53,44
161,145,64,33
161,146,61,50
161,147,77,49
161,148,55,60
161,149,56,42
161,150,62,65
161,151,41,59
161,152,47,60
161,153,51,50
161,154,67,67
161,155,65,44
161,156,49,42
161,157,58,38
161,158,41,41
161,159,73,36
161,160,62,46
161,161,52,46
161,162,47,43
161,163,62,49
161,164,76,47
161,165,49,41
161,166,48,46
161,167,44,35
161,168,40,73
161,169,72,54
161,170,54,38
161,171,47,63
161,172,72,56
161,173,63,58
161,174,55,56
161,175,52,38
161,176,62,28
161,177,48,44
161,178,78,64
161,179,50,65
161,180,47,55
161,181,60,69
161,182,50,48
161,183,47,50
161,184,63,63
161,185,51,26
161,186,55,53
161,187,38,53
161,188,63,76
161,189,67,47
161,190,66,39
161,191,32,57
161,192,55,41
161,193,61,56
161,194,57,48
161,195,64,60
161,196,56,66
162,1,49,29
162,2,47,49
162,3,44,73
162,4,38,41
162,5,36,50
162,6,41,31
162,7,54,58
162,8,45,57
162,9,24,52
162,10,27,58
162,11,28,57
162,12,41,53
162,13,71,46
162,14,56,57
162,15,37,28
162,16,26,33
162,17,55,35
162,18,48,52
162,19,29,60
162,20,47,37
162,21,33,61
162,22,21,63
162,23,42,37
162,24,26,50
162,25,42,42
162,26,36,45
162,27,37,73
162,28,56,43
162,29,48,41
162,30,32,37
162,31,30,70
162,32,52,51
162,33,41,56
162,34,45,43
162,35,43,47
162,36,46,38
162,37,51,48
162,38,51,71
162,39,43,54
162,40,18,63
162,41,29,64
162,42,39,67
162,43,65,19
162,44,51,41
162,45,45,55
162,46,51,36
162,47,34,48
162,48,57,27
162,49,55,66
162,50,52,57
162,51,30,40
162,52,47,64
162,53,23,48
162,54,42,60
162,55,62,70
162,56,59,78
162,57,34,39
162,58,35,32
162,59,35,36
162,60,55,38
162,61,52,67
162,62,56,55
162,63,57,59
162,64,26,34
162,65,37,43
162,66,44,41
162,67,31,53
162,68,44,51
162,69,66,68
162,70,43,67
162,71,61,37
162,72,32,43
162,73,44,63
162,74,69,35
162,75,35,60
162,76,27,24
162,77,50,53
162,78,51,38
162,79,42,64
162,80,50,76
162,81,48,75
162,82,39,51
162,83,57,67
162,84,40,64
162,85,44,17
162,86,65,38
162,87,54,71
162,88,62,45
162,89,53,64
162,90,49,44
162,91,50,45
162,92,50,33
162,93,71,32
162,94,46,70
162,95,46,47
162,96,62,63
162,97,74,48
162,98,82,58
162,99,62,40
162,100,53,47
162,101,42,43
162,102,66,50
162,103,55,52
162,104,29,47
162,105,52,35
162,106,44,61
162,107,60,46
162,108,47,69
162,109,47,46
162,110,50,47
162,111,50,43
162,112,54,49
162,113,55,42
162,114,36,40
162,115,56,46
162,116,47,35
162,117,63,37
162,118,31,50
162,119,49,26
162,120,55,45
162,121,58,37
162,122,60,48
162,123,45,62
162,124,55,69
162,125,42,63
162,126,65,51
162,127,41,44
162,128,59,36
162,129,38,27
162,130,52,54
162,131,43,45
162,132,54,32
162,133,69,61
162,134,39,49
162,135,45,41
162,136,50,63
162,137,67,56
162,138,53,52
162,139,46,77
162,140,32,50
162,141,52,26
162,142,41,48
162,143,39,73
162,144,54,43
162,145,65,34
162,146,61,49
162,147,78,49
162,148,55,61
162,149,55,43
162,150,62,66
162,151,41,58
162,152,47,59
162,153,52,49
162,154,67,66
162,155,65,43
162,156,50,41
162,157,57,39
162,158,41,42
162,159,72,36
162,160,61,46
162,161,53,45
162,162,46,42
162,163,63,48
162,164,77,46
162,165,50,40
162,166,48,47
162,167,45,35
162,168,39,74
162,169,71,55
162,170,55,39
162,171,46,64
162,172,73,55
162,173,64,59
162,174,55,57
162,175,51,39
162,176,63,29
162,177,48,43
162,178,77,63
162,179,51,65
162,180,46,55
162,181,61,68
162,182,49,47
162,183,48,51
162,184,64,62
162,185,52,25
162,186,56,53
162,187,37,52
162,188,63,77
162,189,66,48
162,190,67,38
162,191,32,58
162,192,56,41
162,193,60,57
162,194,58,47
162,195,63,61
162,196,56,67
163,1,48,28
163,2,48,50
163,3,44,72
163,4,39,41
163,5,37,51
163,6,41,30
163,7,54,57
163,8,46,57
163,9,24,53
163,10,26,58
163,11,29,58
163,12,42,53
163,13,70,46
163,14,55,58
163,15,38,29
163,16,25,33
163,17,54,36
163,18,49,53
163,19,30,61
163,20,48,36
163,21,33,60
163,22,20,64
163,23,43,37
163,24,27,49
163,25,42,41
163,26,37,44
163,27,36,73
163,28,57,44
163,29,47,42
163,30,32,36
163,31,31,69
163,32,52,52
163,33,42,57
163,34,46,43
163,35,42,48
163,36,47,39
163,37,51,47
163,38,52,72
163,39,42,54
163,40,19,63
163,41,28,63
163,42,40,68
163,43,66,18
163,44,51,40
163,45,44,55
163,46,50,37
163,47,34,47
163,48,57,26
163,49,54,66
163,50,52,56
163,51,29,40
163,52,46,63
163,53,22,49
163,54,41,59
163,55,62,71
163,56,58,77
163,57,33,40
163,58,34,31
163,59,34,37
163,60,56,38
163,61,52,66
163,62,57,55
163,63,58,59
163,64,27,34
163,65,36,43
163,66,43,42
163,67,30,52
163,68,43,50
163,69,65,69
163,70,42,68
163,71,60,37
163,72,33,43
163,73,43,63
163,74,70,34
163,75,35,61
163,76,27,25
163,77,51,54
163,78,52,39
163,79,41,65
163,80,50,77
163,81,48,74
163,82,38,50
163,83,58,68
163,84,40,63
163,85,45,18
163,86,65,37
163,87,53,70
163,88,63,45
163,89,53,65
163,90,49,45
163,91,50,44
163,92,49,32
163,93,71,31
163,94,45,69
163,95,45,48
163,96,63,63
163,97,75,49
163,98,81,57
163,99,61,40
163,100,54,46
163,101,41,43
163,102,67,49
163,103,55,53
163,104,28,46
163,105,52,36
163,106,44,60
163,107,60,45
163,108,48,70
163,109,47,47
163,110,51,46
163,111,50,42
163,112,54,50
163,113,56,43
163,114,37,40
163,115,57,47
163,116,46,35
163,117,62,38
163,118,32,49
163,119,48,25
163,120,55,46
163,121,58,38
163,122,59,49
163,123,46,61
163,124,54,68
163,125,42,62
163,126,66,52
163,127,42,45
163,128,60,35
163,129,37,28
163,130,53,53
163,131,44,44
163,132,54,31
163,133,70,61
163,134,40,49
163,135,45,40
163,136,51,63
163,137,68,57
163,138,54,52
163,139,47,76
163,140,32,51
163,141,53,25
163,142,42,47
163,143,40,73
163,144,54,44
163,145,66,33
163,146,62,50
163,147,79,48
163,148,55,60
163,149,54,42
163,150,61,66
163,151,42,58
163,152,48,59
163,153,52,50
163,154,66,66
163,155,64,44
163,156,49,40
163,157,56,40
163,158,40,43
163,159,73,36
163,160,60,47
163,161,52,45
163,162,46,41
163,163,62,49
163,164,77,45
163,165,49,39
163,166,49,48
163,167,46,36
163,168,38,73
163,169,71,56
163,170,55,40
163,171,46,65
163,172,73,54
163,173,63,58
163,174,56,57
163,175,50,39
163,176,62,30
163,177,49,44
163,178,76,63
163,179,51,64
163,180,47,55
163,181,61,67
163,182,48,48
163,183,49,52
163,184,64,63
163,185,52,24
163,186,56,54
163,187,38,53
163,188,62,76
163,189,66,49
163,190,68,39
163,191,31,57
163,192,56,42
163,193,59,56
163,194,57,46
163,195,64,62
163,196,55,66
164,1,49,29
164,2,49,49
164,3,43,72
164,4,40,40
164,5,36,51
164,6,41,31
164,7,54,56
164,8,45,58
164,9,23,54
164,10,25,57
164,11,30,59
164,12,41,52
164,13,71,46
164,14,54,57
164,15,39,29
164,16,26,33
164,17,55,35
164,18,48,54
164,19,29,60
164,20,48,35
164,21,33,61
164,22,19,65
164,23,42,36
164,24,27,48
164,25,41,42
164,26,37,45
164,27,36,72
164,28,58,44
164,29,47,43
164,30,31,36
164,31,32,70
164,32,52,53
164,33,43,56
164,34,46,44
164,35,43,48
164,36,48,39
164,37,52,47
164,38,51,73
164,39,41,53
164,40,18,63
164,41,28,64
164,42,41,68
164,43,65,17
164,44,51,39
164,45,43,55
164,46,51,36
164,47,33,46
164,48,58,25
164,49,54,65
164,50,52,57
164,51,29,39
164,52,46,62
164,53,23,50
164,54,41,58
164,55,63,70
164,56,59,77
164,57,32,40
164,58,35,32
164,59,33,36
164,60,55,39
164,61,53,67
164,62,56,55
164,63,57,60
164,64,26,34
164,65,37,43
164,66,42,41
164,67,29,53
164,68,44,49
164,69,66,70
164,70,41,69
164,71,61,38
164,72,34,43
164,73,43,62
164,74,70,35
164,75,34,61
164,76,27,26
164,77,51,55
164,78,53,38
164,79,41,66
164,80,51,78
164,81,47,75
164,82,38,49
164,83,58,67
164,84,39,63
164,85,45,17
164,86,64,36
164,87,52,70
164,88,63,46
164,89,53,66
164,90,50,45
164,91,49,45
164,92,50,33
164,93,72,30
164,94,45,70
164,95,45,49
164,96,62,63
164,97,74,49
164,98,82,58
164,99,62,39
164,100,53,47
164,101,42,42
164,102,67,48
164,103,55,52
164,104,28,47
164,105,51,35
164,106,43,59
164,107,59,44
164,108,49,71
164,109,47,46
164,110,51,45
164,111,50,41
164,112,53,50
164,113,57,43
164,114,38,41
164,115,56,48
164,116,46,34
164,117,63,39
164,118,31,50
164,119,47,25
164,120,56,45
164,121,59,39
164,122,58,48
164,123,46,60
164,124,55,67
164,125,41,62
164,126,66,53
164,127,41,45
164,128,59,36
164,129,36,28
164,130,54,53
164,131,45,44
164,132,55,31
164,133,69,60
164,134,40,48
164,135,46,40
164,136,52,63
164,137,67,56
164,138,54,51
164,139,48,76
164,140,31,51
164,141,54,24
164,142,41,46
164,143,41,72
164,144,53,44
164,145,66,34
164,146,61,49
164,147,78,48
164,148,56,60
164,149,53,41
164,150,61,65
164,151,43,58
164,152,47,59
164,153,53,51
164,154,65,66
164,155,64,43
164,156,49,41
164,157,56,41
164,158,39,44
164,159,72,36
164,160,59,47
164,161,53,46
164,162,47,42
164,163,61,48
164,164,78,44
164,165,49,38
164,166,50,49
164,167,47,37
164,168,37,73
164,169,71,57
164,170,56,40
164,171,47,64
164,172,74,53
164,173,63,57
164,174,55,56
164,175,50,38
164,176,61,29
164,177,48,45
164,178,75,63
164,179,51,63
164,180,48,56
164,181,60,67
164,182,48,49
164,183,50,52
164,184,65,62
164,185,53,25
164,186,57,55
164,187,39,52
164,188,63,77
164,189,66,48
164,190,69,38
164,191,30,56
164,192,55,41
164,193,58,55
164,194,58,47
164,195,63,61
164,196,55,65
165,1,48,30
165,2,48,48
165,3,42,73
165,4,41,40
165,5,35,52
165,6,42,31
165,7,55,57
165,8,44,59
165,9,24,55
165,10,25,56
165,11,30,60
165,12,40,53
165,13,71,45
165,14,53,57
165,15,40,28
165,16,26,32
165,17,54,36
165,18,48,53
165,19,29,59
165,20,49,34
165,21,33,62
165,22,18,65
165,23,42,35
165,24,28,49
165,25,41,43
165,26,38,44
165,27,35,71
165,28,58,43
165,29,48,42
165,30,32,36
165,31,33,71
165,32,52,52
165,33,42,55
165,34,46,43
165,35,44,47
165,36,49,40
165,37,51,46
165,38,52,74
165,39,40,52
165,40,17,64
165,41,29,64
165,42,40,69
165,43,65,16
165,44,52,38
165,45,44,54
165,46,50,36
165,47,34,47
165,48,59,25
165,49,54,66
165,50,53,58
165,51,30,40
165,52,47,62
165,53,24,50
165,54,42,57
165,55,64,70
165,56,58,77
165,57,31,40
165,58,36,33
165,59,34,37
165,60,55,38
165,61,52,68
165,62,57,56
165,63,57,59
165,64,25,33
165,65,38,43
165,66,43,40
165,67,30,54
165,68,44,48
165,69,65,71
165,70,42,70
165,71,61,37
165,72,33,44
165,73,44,63
165,74,69,36
165,75,34,60
165,76,26,25
165,77,51,54
165,78,54,37
165,79,41,65
165,80,50,77
165,81,48,75
165,82,37,50
165,83,59,66
165,84,40,62
165,85,44,18
165,86,65,36
165,87,53,69
165,88,63,45
165,89,53,67
165,90,50,46
165,91,49,44
165,92,51,32
165,93,73,29
165,94,46,69
165,95,46,50
165,96,62,64
165,97,74,48
165,98,81,59
165,99,61,38
165,100,53,48
165,101,41,41
165,102,66,49
165,103,55,53
165,104,28,46
165,105,52,34
165,106,42,59
165,107,60,43
165,108,48,72
165,109,47,47
165,110,50,44
165,111,49,42
165,112,52,49
165,113,56,44
165,114,37,42
165,115,57,49
165,116,45,33
165,117,64,40
165,118,30,49
165,119,47,24
165,120,56,46
165,121,58,39
165,122,57,48
165,123,47,61
165,124,56,67
165,125,41,61
165,126,67,53
165,127,40,46
165,128,60,36
165,129,36,29
165,130,55,52
165,131,44,45
165,132,54,32
165,133,70,60
165,134,41,47
165,135,45,40
165,136,53,64
165,137,66,57
165,138,53,52
165,139,48,77
165,140,32,52
165,141,54,25
165,142,42,46
165,143,40,73
165,144,52,45
165,145,67,33
165,146,60,49
165,147,79,48
165,148,56,59
165,149,53,42
165,150,60,64
165,151,43,59
165,152,48,58
165,153,54,50
165,154,65,65
165,155,63,44
165,156,50,40
165,157,57,40
165,158,39,45
165,159,72,35
165,160,58,46
165,161,52,47
165,162,47,43
165,163,62,47
165,164,79,44
165,165,49,39
165,166,51,48
165,167,46,36
165,168,38,72
165,169,72,58
165,170,55,39
165,171,48,65
165,172,75,53
165,173,63,56
165,174,54,57
165,175,50,37
165,176,61,30
165,177,47,44
165,178,76,64
165,179,50,62
165,180,49,56
165,181,60,68
165,182,48,50
165,183,51,53
165,184,66,62
165,185,52,25
165,186,56,56
165,187,38,53
165,188,63,78
165,189,65,48
165,190,68,37
165,191,30,55
165,192,56,42
165,193,57,55
165,194,58,48
165,195,62,60
165,196,55,64
166,1,49,31
166,2,49,47
166,3,41,73
166,4,42,40
166,5,35,51
166,6,43,31
166,7,55,56
166,8,43,58
166,9,23,55
166,10,26,55
166,11,31,61
166,12,39,53
166,13,70,44
166,14,52,58
166,15,39,27
166,16,27,31
166,17,55,37
166,18,48,52
166,19,29,58
166,20,50,34
166,21,34,62
166,22,17,65
166,23,42,34
166,24,27,49
166,25,40,44
166,26,38,45
166,27,35,72
166,28,59,44
166,29,48,43
166,30,33,36
166,31,32,70
166,32,51,52
166,33,42,54
166,34,47,42
166,35,45,48
166,36,48,39
166,37,50,45
166,38,52,75
166,39,39,51
166,40,16,63
166,41,28,64
166,42,40,68
166,43,64,16
166,44,53,37
166,45,43,54
166,46,49,35
166,47,35,46
166,48,60,24
166,49,54,65
166,50,54,59
166,51,30,39
166,52,47,63
166,53,25,51
166,54,42,56
166,55,65,69
166,56,59,76
166,57,31,41
166,58,36,32
166,59,35,37
166,60,56,39
166,61,51,69
166,62,57,57
166,63,57,58
166,64,26,34
166,65,37,44
166,66,44,39
166,67,31,54
166,68,44,47
166,69,66,72
166,70,42,69
166,71,62,37
166,72,34,43
166,73,43,64
166,74,70,37
166,75,34,59
166,76,27,25
166,77,52,54
166,78,54,36
166,79,42,65
166,80,50,78
166,81,47,75
166,82,37,51
166,83,59,65
166,84,39,61
166,85,44,17
166,86,65,35
166,87,54,70
166,88,64,45
166,89,54,66
166,90,49,46
166,91,48,45
166,92,50,31
166,93,74,30
166,94,46,70
166,95,45,50
166,96,63,63
166,97,75,49
166,98,81,58
166,99,62,38
166,100,54,48
166,101,42,41
166,102,66,50
166,103,56,53
166,104,29,46
166,105,51,34
166,106,42,60
166,107,60,42
166,108,47,71
166,109,48,46
166,110,51,44
166,111,48,41
166,112,51,50
166,113,55,45
166,114,36,41
166,115,58,49
166,116,46,32
166,117,63,39
166,118,29,48
166,119,46,25
166,120,56,47
166,121,58,38
166,122,58,47
166,123,46,61
166,124,57,67
166,125,40,60
166,126,67,52
166,127,41,46
166,128,61,36
166,129,36,30
166,130,54,53
166,131,45,45
166,132,54,31
166,133,69,61
166,134,42,48
166,135,46,41
166,136,53,63
166,137,66,56
166,138,54,52
166,139,47,77
166,140,31,53
166,141,54,24
166,142,41,45
166,143,39,72
166,144,53,45
166,145,68,32
166,146,60,50
166,147,78,48
166,148,55,59
166,149,54,42
166,150,61,63
166,151,42,59
166,152,47,59
166,153,55,49
166,154,64,64
166,155,63,45
166,156,50,41
166,157,56,41
166,158,40,46
166,159,73,36
166,160,59,46
166,161,51,46
166,162,48,44
166,163,61,48
166,164,78,44
166,165,48,40
166,166,52,47
166,167,46,37
166,168,38,71
166,169,72,59
166,170,54,40
166,171,47,64
166,172,76,53
166,173,62,57
166,174,53,58
166,175,50,36
166,176,61,29
166,177,46,43
166,178,77,65
166,179,51,63
166,180,48,57
166,181,59,67
166,182,48,51
166,183,50,54
166,184,67,63
166,185,51,25
166,186,57,56
166,187,39,54
166,188,63,79
166,189,65,47
166,190,68,38
166,191,29,55
166,192,55,42
166,193,56,56
166,194,57,48
166,195,61,59
166,196,54,63
167,1,48,32
167,2,50,48
167,3,42,72
167,4,43,40
167,5,35,52
167,6,43,32
167,7,55,55
167,8,43,59
167,9,23,56
167,10,26,56
167,11,30,62
167,12,38,54
167,13,69,44
167,14,52,57
167,15,38,27
167,16,26,32
167,17,56,36
167,18,47,53
167,19,30,58
167,20,51,35
167,21,35,62
167,22,16,66
167,23,42,33
167,24,28,49
167,25,41,43
167,26,39,45
167,27,34,72
167,28,60,44
167,29,49,42
167,30,32,36
167,31,33,69
167,32,50,52
167,33,41,55
167,34,46,42
167,35,46,48
167,36,47,38
167,37,51,45
167,38,52,74
167,39,40,51
167,40,15,63
167,41,28,63
167,42,40,69
167,43,64,17
167,44,52,36
167,45,42,55
167,46,48,35
167,47,36,46
167,48,59,24
167,49,54,64
167,50,55,60
167,51,31,38
167,52,47,62
167,53,26,52
167,54,41,56
167,55,66,68
167,56,59,77
167,57,32,42
167,58,36,33
167,59,35,38
167,60,55,40
167,61,52,69
167,62,58,58
167,63,57,57
167,64,25,34
167,65,37,43
167,66,45,38
167,67,31,55
167,68,43,48
167,69,67,72
167,70,41,70
167,71,61,37
167,72,33,44
167,73,43,63
167,74,69,38
167,75,35,58
167,76,28,26
167,77,53,55
167,78,54,35
167,79,42,66
167,80,51,77
167,81,46,76
167,82,36,50
167,83,58,66
167,84,39,60
167,85,45,18
167,86,66,35
167,87,53,71
167,88,64,44
167,89,55,67
167,90,50,47
167,91,47,44
167,92,49,30
167,93,73,30
167,94,45,69
167,95,46,49
167,96,62,63
167,97,74,48
167,98,80,58
167,99,62,37
167,100,53,49
167,101,42,42
167,102,65,51
167,103,55,53
167,104,28,47
167,105,51,33
167,106,43,60
167,107,60,43
167,108,46,71
167,109,48,47
167,110,50,45
167,111,47,42
167,112,50,50
167,113,54,45
167,114,35,41
167,115,58,50
167,116,47,32
167,117,62,40
167,118,28,48
167,119,47,24
167,120,56,46
167,121,59,38
167,122,59,48
167,123,45,62
167,124,56,67
167,125,40,59
167,126,66,53
167,127,42,45
167,128,61,35
167,129,37,30
167,130,55,52
167,131,46,45
167,132,53,31
167,133,70,60
167,134,41,49
167,135,45,40
167,136,52,62
167,137,67,57
167,138,55,51
167,139,48,77
167,140,30,53
167,141,53,23
167,142,40,45
167,143,38,73
167,144,54,46
167,145,68,31
167,146,61,51
167,147,77,48
167,148,54,60
167,149,54,41
167,150,60,62
167,151,42,60
167,152,47,58
167,153,54,50
167,154,63,64
167,155,63,46
167,156,51,42
167,157,56,40
167,158,41,46
167,159,72,36
167,160,58,47
167,161,50,46
167,162,49,43
167,163,62,49
167,164,79,45
167,165,48,41
167,166,51,48
167,167,45,37
167,168,38,70
167,169,73,60
167,170,53,39
167,171,48,64
167,172,75,52
167,173,61,58
167,174,52,58
167,175,49,36
167,176,61,30
167,177,47,43
167,178,78,64
167,179,50,63
167,180,49,58
167,181,58,67
167,182,47,51
167,183,51,53
167,184,67,62
167,185,50,24
167,186,58,57
167,187,38,55
167,188,62,78
167,189,66,48
167,190,68,39
167,191,29,54
167,192,55,43
167,193,57,55
167,194,58,49
167,195,61,60
167,196,55,64
168,1,48,31
168,2,49,49
168,3,41,73
168,4,43,39
168,5,36,51
168,6,42,31
168,7,54,55
168,8,44,58
168,9,23,55
168,10,27,56
168,11,30,63
168,12,37,54
168,13,70,45
168,14,51,56
168,15,37,28
168,16,26,31
168,17,57,37
168,18,46,53
168,19,29,59
168,20,51,34
168,21,35,61
168,22,15,65
168,23,41,32
168,24,27,50
168,25,41,44
168,26,38,46
168,27,33,73
168,28,61,43
168,29,50,41
168,30,32,37
168,31,34,69
168,32,50,51
168,33,41,54
168,34,46,41
168,35,47,47
168,36,48,38
168,37,51,46
168,38,52,73
168,39,40,50
168,40,14,62
168,41,28,62
168,42,39,70
168,43,65,16
168,44,51,35
168,45,42,54
168,46,49,35
168,47,37,46
168,48,59,23
168,49,55,65
168,50,54,59
168,51,32,39
168,52,48,63
168,53,26,51
168,54,40,55
168,55,66,69
168,56,60,78
168,57,32,43
168,58,35,33
168,59,35,37
168,60,56,41
168,61,51,68
168,62,59,57
168,63,58,58
168,64,24,34
168,65,37,44
168,66,44,37
168,67,31,56
168,68,43,49
168,69,67,73
168,70,40,71
168,71,60,38
168,72,34,45
168,73,42,63
168,74,70,37
168,75,34,59
168,76,29,26
168,77,53,54
168,78,54,36
168,79,42,65
168,80,50,78
168,81,47,75
168,82,35,49
168,83,57,66
168,84,39,59
168,85,44,17
168,86,66,36
168,87,52,70
168,88,65,44
168,89,54,66
168,90,50,48
168,91,48,45
168,92,48,30
168,93,73,29
168,94,44,69
168,95,47,50
168,96,63,63
168,97,75,48
168,98,81,59
168,99,63,36
168,100,52,49
168,101,43,41
168,102,66,52
168,103,54,54
168,104,29,47
168,105,52,33
168,106,43,61
168,107,61,42
168,108,47,71
168,109,48,46
168,110,51,45
168,111,46,43
168,112,51,49
168,113,53,44
168,114,35,40
168,115,59,51
168,116,48,33
168,117,61,40
168,118,29,48
168,119,46,24
168,120,57,47
168,121,59,39
168,122,60,48
168,123,44,63
168,124,55,68
168,125,40,58
168,126,67,53
168,127,42,46
168,128,62,34
168,129,38,31
168,130,56,53
168,131,45,46
168,132,52,32
168,133,70,61
168,134,41,48
168,135,45,39
168,136,51,62
168,137,66,56
168,138,55,50
168,139,48,76
168,140,30,52
168,141,52,23
168,142,40,46
168,143,39,74
168,144,53,45
168,145,68,32
168,146,61,50
168,147,76,49
168,148,55,59
168,149,55,40
168,150,61,61
168,151,42,61
168,152,47,57
168,153,55,49
168,154,62,65
168,155,62,47
168,156,52,43
168,157,57,39
168,158,42,47
168,159,73,36
168,160,58,46
168,161,49,47
168,162,48,44
168,163,63,50
168,164,78,44
168,165,48,40
168,166,50,47
168,167,46,36
168,168,37,70
168,169,74,61
168,170,53,40
168,171,49,63
168,172,76,52
168,173,61,57
168,174,51,57
168,175,50,37
168,176,62,29
168,177,47,42
168,178,79,64
168,179,49,64
168,180,50,59
168,181,59,67
168,182,48,50
168,183,52,53
168,184,68,62
168,185,50,25
168,186,57,58
168,187,37,56
168,188,61,79
168,189,66,47
168,190,67,39
168,191,28,55
168,192,54,42
168,193,56,54
168,194,59,50
168,195,62,59
168,196,54,63
169,1,49,30
169,2,48,48
169,3,42,72
169,4,44,40
169,5,37,50
169,6,43,32
169,7,53,55
169,8,45,57
169,9,22,54
169,10,28,56
169,11,31,62
169,12,38,54
169,13,71,44
169,14,50,57
169,15,37,27
169,16,25,30
169,17,58,38
169,18,45,54
169,19,30,60
169,20,52,35
169,21,36,60
169,22,16,64
169,23,42,32
169,24,26,49
169,25,41,43
169,26,39,45
169,27,33,74
169,28,60,44
169,29,49,41
169,30,31,37
169,31,34,68
169,32,49,51
169,33,41,53
169,34,45,40
169,35,46,46
169,36,49,37
169,37,51,47
169,38,53,73
169,39,39,51
169,40,14,63
169,41,28,63
169,42,40,70
169,43,66,15
169,44,52,34
169,45,42,53
169,46,49,34
169,47,36,46
169,48,60,22
169,49,55,64
169,50,53,58
169,51,31,39
169,52,48,64
169,53,25,52
169,54,40,56
169,55,65,69
169,56,59,79
169,57,31,42
169,58,34,33
169,59,34,38
169,60,57,42
169,61,51,69
169,62,60,58
169,63,57,57
169,64,25,35
169,65,36,45
169,66,44,36
169,67,30,56
169,68,42,48
169,69,66,74
169,70,41,71
169,71,59,37
169,72,35,46
169,73,43,64
169,74,69,37
169,75,33,60
169,76,30,26
169,77,54,55
169,78,55,37
169,79,41,66
169,80,51,78
169,81,48,74
169,82,36,48
169,83,57,67
169,84,38,58
169,85,45,16
169,86,66,37
169,87,53,70
169,88,66,45
169,89,54,67
169,90,49,48
169,91,47,46
169,92,49,29
169,93,74,28
169,94,43,68
169,95,48,49
169,96,64,62
169,97,74,49
169,98,81,58
169,99,64,37
169,100,52,48
169,101,43,42
169,102,66,53
169,103,55,54
169,104,28,46
169,105,51,34
169,106,43,60
169,107,61,43
169,108,47,72
169,109,49,45
169,110,52,46
169,111,46,42
169,112,51,50
169,113,53,43
169,114,34,39
169,115,60,51
169,116,47,32
169,117,62,40
169,118,28,49
169,119,47,24
169,120,56,48
169,121,60,39
169,122,61,48
169,123,45,64
169,124,54,69
169,125,41,59
169,126,68,53
169,127,41,47
169,128,61,34
169,129,38,32
169,130,57,54
169,131,46,47
169,132,52,31
169,133,71,60
169,134,40,48
169,135,44,38
169,136,52,61
169,137,65,57
169,138,54,50
169,139,47,76
169,140,31,52
169,141,52,22
169,142,40,47
169,143,40,74
169,144,52,45
169,145,68,33
169,146,61,49
169,147,76,50
169,148,56,59
169,149,56,39
169,150,62,62
169,151,43,61
169,152,48,58
169,153,55,48
169,154,63,64
169,155,62,48
169,156,51,42
169,157,57,38
169,158,42,46
169,159,74,37
169,160,59,46
169,161,50,46
169,162,48,45
169,163,62,50
169,164,77,43
169,165,47,39
169,166,49,47
169,167,47,35
169,168,38,69
169,169,73,62
169,170,53,41
169,171,50,62
169,172,75,52
169,173,61,56
169,174,51,58
169,175,50,36
169,176,62,30
169,177,48,41
169,178,79,65
169,179,48,63
169,180,51,60
169,181,60,66
169,182,49,49
169,183,53,52
169,184,67,62
169,185,51,25
169,186,57,59
169,187,36,56
169,188,61,78
169,189,67,47
169,190,66,39
169,191,27,56
169,192,54,41
169,193,57,55
169,194,58,49
169,195,63,59
169,196,53,63
170,1,50,30
170,2,47,48
170,3,43,73
170,4,45,39
170,5,38,49
170,6,43,31
170,7,52,56
170,8,44,56
170,9,23,54
170,10,28,57
170,11,32,61
170,12,38,53
170,13,70,44
170,14,50,58
170,15,36,28
170,16,24,31
170,17,58,37
170,18,44,53
170,19,29,60
170,20,53,36
170,21,37,60
170,22,15,65
170,23,42,31
170,24,25,50
170,25,40,44
170,26,39,46
170,27,34,73
170,28,61,45
170,29,48,42
170,30,30,36
170,31,35,67
170,32,49,52
170,33,41,54
170,34,46,39
170,35,47,45
170,36,49,38
170,37,52,47
170,38,54,74
170,39,39,50
170,40,14,64
170,41,27,63
170,42,41,69
170,43,67,14
170,44,53,35
170,45,43,53
170,46,48,35
170,47,35,47
170,48,61,21
170,49,54,64
170,50,53,57
170,51,30,38
170,52,49,63
170,53,25,51
170,54,40,57
170,55,66,68
170,56,59,80
170,57,30,41
170,58,35,32
170,59,35,39
170,60,56,41
170,61,52,70
170,62,61,57
170,63,56,58
170,64,25,34
170,65,37,44
170,66,43,36
170,67,31,57
170,68,43,47
170,69,67,75
170,70,40,70
170,71,60,37
170,72,34,47
170,73,42,65
170,74,69,36
170,75,34,60
170,76,30,27
170,77,53,56
170,78,54,36
170,79,42,66
170,80,52,79
170,81,49,74
170,82,36,47
170,83,58,67
170,84,39,58
170,85,44,17
170,86,66,38
170,87,54,71
170,88,67,46
170,89,53,68
170,90,50,47
170,91,47,47
170,92,50,28
170,93,75,27
170,94,43,67
170,95,49,48
170,96,63,61
170,97,75,49
170,98,80,58
170,99,64,38
170,100,51,47
170,101,42,42
170,102,67,54
170,103,54,54
170,104,28,45
170,105,52,35
170,106,44,60
170,107,62,43
170,108,46,71
170,109,49,46
170,110,53,45
170,111,45,41
170,112,50,51
170,113,52,43
170,114,34,40
170,115,61,50
170,116,48,33
170,117,61,40
170,118,29,48
170,119,46,24
170,120,57,48
170,121,59,39
170,122,60,47
170,123,46,63
170,124,55,69
170,125,41,58
170,126,67,53
170,127,42,48
170,128,61,35
170,129,39,32
170,130,56,53
170,131,46,46
170,132,52,30
170,133,72,59
170,134,40,49
170,135,45,38
170,136,51,61
170,137,66,58
170,138,54,49
170,139,47,77
170,140,30,52
170,141,52,21
170,142,39,48
170,143,39,74
170,144,51,45
170,145,69,32
170,146,60,49
170,147,75,50
170,148,55,59
170,149,56,40
170,150,63,62
170,151,42,62
170,152,49,57
170,153,55,49
170,154,62,64
170,155,61,49
170,156,50,42
170,157,56,37
170,158,41,47
170,159,74,38
170,160,60,45
170,161,49,45
170,162,48,44
170,163,63,51
170,164,78,43
170,165,48,39
170,166,48,47
170,167,47,36
170,168,39,69
170,169,74,63
170,170,52,41
170,171,51,63
170,172,76,52
170,173,62,55
170,174,52,58
170,175,51,37
170,176,61,29
170,177,49,42
170,178,78,66
170,179,48,64
170,180,50,61
170,181,60,65
170,182,50,50
170,183,54,53
170,184,67,61
170,185,52,25
170,186,58,59
170,187,37,56
170,188,60,78
170,189,68,46
170,190,65,40
170,191,26,55
170,192,53,40
170,193,57,56
170,194,59,48
170,195,62,58
170,196,54,63
171,1,50,29
171,2,46,48
171,3,44,73
171,4,44,39
171,5,37,49
171,6,42,30
171,7,52,57
171,8,44,55
171,9,22,53
171,10,29,58
171,11,31,60
171,12,38,54
171,13,69,45
171,14,51,57
171,15,35,29
171,16,25,32
171,17,58,36
171,18,44,52
171,19,30,59
171,20,54,35
171,21,38,59
171,22,16,66
171,23,43,31
171,24,24,49
171,25,40,45
171,26,39,47
171,27,35,72
171,28,60,46
171,29,47,41
171,30,31,35
171,31,34,66
171,32,48,52
171,33,42,55
171,34,46,38
171,35,48,46
171,36,50,38
171,37,53,48
171,38,53,75
171,39,39,49
171,40,13,65
171,41,27,64
171,42,42,70
171,43,66,14
171,44,53,36
171,45,42,53
171,46,48,36
171,47,36,46
171,48,61,20
171,49,55,65
171,50,54,56
171,51,31,39
171,52,50,62
171,53,26,51
171,54,41,57
171,55,65,67
171,56,59,79
171,57,29,42
171,58,34,31
171,59,34,38
171,60,57,40
171,61,51,71
171,62,61,58
171,63,55,57
171,64,26,34
171,65,37,43
171,66,42,37
171,67,30,57
171,68,44,47
171,69,67,76
171,70,40,71
171,71,59,38
171,72,35,46
171,73,41,66
171,74,68,36
171,75,33,59
171,76,30,28
171,77,54,55
171,78,55,37
171,79,42,67
171,80,52,78
171,81,48,73
171,82,35,48
171,83,58,66
171,84,40,57
171,85,43,18
171,86,65,38
171,87,54,70
171,88,66,45
171,89,54,69
171,90,50,46
171,91,47,46
171,92,51,28
171,93,75,28
171,94,43,66
171,95,50,48
171,96,62,60
171,97,76,50
171,98,81,58
171,99,64,39
171,100,52,48
171,101,42,41
171,102,68,55
171,103,55,53
171,104,28,44
171,105,53,34
171,106,43,60
171,107,63,42
171,108,45,70
171,109,48,45
171,110,54,46
171,111,45,40
171,112,49,52
171,113,53,42
171,114,35,40
171,115,62,51
171,116,47,33
171,117,60,40
171,118,30,47
171,119,45,23
171,120,58,47
171,121,59,40
171,122,61,47
171,123,47,64
171,124,56,68
171,125,40,58
171,126,67,54
171,127,43,47
171,128,62,34
171,129,40,33
171,130,56,52
171,131,47,47
171,132,53,31
171,133,71,58
171,134,40,50
171,135,45,37
171,136,52,60
171,137,67,57
171,138,53,50
171,139,47,78
171,140,29,52
171,141,51,21
171,142,40,48
171,143,40,75
171,144,52,46
171,145,68,31
171,146,61,48
171,147,75,49
171,148,55,60
171,149,56,41
171,150,62,61
171,151,42,63
171,152,49,58
171,153,56,50
171,154,63,64
171,155,60,48
171,156,50,43
171,157,56,36
171,158,41,46
171,159,73,37
171,160,59,46
171,161,49,44
171,162,49,45
171,163,62,50
171,164,79,42
171,165,48,38
171,166,49,46
171,167,47,37
171,168,40,70
171,169,75,64
171,170,52,40
171,171,51,62
171,172,75,53
171,173,61,54
171,174,51,58
171,175,51,38
171,176,60,30
171,177,48,41
171,178,77,67
171,179,49,65
171,180,49,61
171,181,61,65
171,182,49,51
171,183,55,54
171,184,66,62
171,185,53,24
171,186,58,60
171,187,37,57
171,188,60,79
171,189,67,45
171,190,64,41
171,191,25,55
171,192,52,41
171,193,57,57
171,194,59,47
171,195,62,59
171,196,54,62
172,1,50,28
172,2,45,49
172,3,44,74
172,4,45,39
172,5,38,49
172,6,41,30
172,7,51,56
172,8,44,56
172,9,21,52
172,10,29,57
172,11,32,61
172,12,37,54
172,13,70,46
172,14,50,58
172,15,35,30
172,16,26,32
172,17,59,36
172,18,43,51
172,19,31,58
172,20,54,34
172,21,37,59
172,22,17,66
172,23,42,32
172,24,23,50
172,25,41,44
172,26,38,48
172,27,35,71
172,28,61,46
172,29,46,41
172,30,32,34
172,31,35,67
172,32,49,53
172,33,42,56
172,34,46,39
172,35,49,47
172,36,49,38
172,37,52,49
172,38,52,76
172,39,40,49
172,40,12,65
172,41,27,65
172,42,41,69
172,43,65,14
172,44,52,36
172,45,41,52
172,46,49,37
172,47,35,45
172,48,61,19
172,49,56,65
172,50,53,56
172,51,31,40
172,52,49,63
172,53,25,52
172,54,40,56
172,55,64,68
172,56,59,78
172,57,29,43
172,58,34,30
172,59,34,39
172,60,57,39
172,61,51,72
172,62,61,57
172,63,54,58
172,64,27,33
172,65,37,42
172,66,43,38
172,67,30,56
172,68,43,48
172,69,68,76
172,70,39,71
172,71,59,39
172,72,35,47
172,73,42,66
172,74,67,36
172,75,34,60
172,76,31,27
172,77,53,55
172,78,54,36
172,79,41,67
172,80,51,79
172,81,47,73
172,82,34,47
172,83,57,67
172,84,39,56
172,85,44,18
172,86,66,37
172,87,53,69
172,88,67,44
172,89,55,68
172,90,50,45
172,91,46,46
172,92,51,29
172,93,75,29
172,94,43,65
172,95,50,49
172,96,63,59
172,97,77,49
172,98,81,59
172,99,63,39
172,100,53,47
172,101,41,40
172,102,68,56
172,103,54,54
172,104,27,45
172,105,52,35
172,106,44,59
172,107,64,43
172,108,44,69
172,109,47,46
172,110,53,46
172,111,44,39
172,112,50,51
172,113,53,43
172,114,35,41
172,115,61,50
172,116,46,32
172,117,60,41
172,118,31,48
172,119,45,24
172,120,57,47
172,121,59,41
172,122,62,47
172,123,48,65
172,124,56,67
172,125,41,59
172,126,68,53
172,127,44,46
172,128,61,33
172,129,41,33
172,130,55,52
172,131,48,47
172,132,54,32
172,133,71,57
172,134,40,51
172,135,44,37
172,136,53,60
172,137,66,58
172,138,54,51
172,139,48,77
172,140,29,53
172,141,52,22
172,142,41,47
172,143,40,76
172,144,51,46
172,145,67,30
172,146,62,49
172,147,74,50
172,148,55,61
172,149,57,40
172,150,63,62
172,151,41,64
172,152,48,58
172,153,57,51
172,154,62,63
172,155,61,49
172,156,49,43
172,157,55,37
172,158,42,46
172,159,74,37
172,160,60,47
172,161,48,43
172,162,50,44
172,163,61,51
172,164,78,41
172,165,48,39
172,166,48,46
172,167,47,38
172,168,40,69
172,169,76,64
172,170,53,41
172,171,52,61
172,172,76,54
172,173,62,55
172,174,50,57
172,175,50,39
172,176,61,29
172,177,47,42
172,178,76,67
172,179,50,64
172,180,49,60
172,181,60,66
172,182,49,52
172,183,56,54
172,184,66,63
172,185,52,23
172,186,59,60
172,187,38,56
172,188,60,78
172,189,67,46
172,190,65,41
172,191,25,54
172,192,53,40
172,193,57,58
172,194,58,47
172,195,61,58
172,196,54,61
173,1,49,29
173,2,46,49
173,3,43,74
173,4,44,40
173,5,39,48
173,6,42,29
173,7,52,57
173,8,44,57
173,9,20,51
173,10,28,57
173,11,33,62
173,12,37,55
173,13,69,45
173,14,51,59
173,15,34,29
173,16,25,31
173,17,58,37
173,18,43,52
173,19,32,58
173,20,54,35
173,21,38,58
173,22,16,66
173,23,43,33
173,24,23,51
173,25,40,45
173,26,38,49
173,27,36,72
173,28,61,45
173,29,47,41
173,30,32,33
173,31,36,68
173,32,50,52
173,33,42,55
173,34,46,40
173,35,50,48
173,36,50,38
173,37,53,48
173,38,53,77
173,39,41,50
173,40,13,64
173,41,26,64
173,42,42,68
173,43,64,13
173,44,51,35
173,45,42,53
173,46,48,37
173,47,36,44
173,48,62,19
173,49,55,66
173,50,54,55
173,51,30,39
173,52,48,63
173,53,26,52
173,54,41,55
173,55,63,68
173,56,59,77
173,57,29,42
173,58,35,31
173,59,35,40
173,60,57,38
173,61,52,73
173,62,60,58
173,63,53,59
173,64,28,33
173,65,36,43
173,66,43,39
173,67,29,55
173,68,42,48
173,69,68,75
173,70,38,71
173,71,59,40
173,72,36,47
173,73,42,65
173,74,67,35
173,75,33,60
173,76,32,28
173,77,52,55
173,78,55,35
173,79,41,68
173,80,52,80
173,81,46,74
173,82,35,47
173,83,58,68
173,84,40,55
173,85,45,19
173,86,67,38
173,87,52,69
173,88,68,44
173,89,54,68
173,90,49,46
173,91,46,47
173,92,50,28
173,93,76,29
173,94,44,66
173,95,50,50
173,96,62,60
173,97,76,49
173,98,80,59
173,99,64,40
173,100,52,47
173,101,42,40
173,102,69,55
173,103,55,53
173,104,27,46
173,105,53,36
173,106,45,59
173,107,65,44
173,108,45,68
173,109,48,45
173,110,53,45
173,111,45,40
173,112,49,51
173,113,54,42
173,114,34,42
173,115,60,51
173,116,46,31
173,117,61,41
173,118,32,47
173,119,45,25
173,120,57,46
173,121,60,40
173,122,61,47
173,123,48,66
173,124,56,68
173,125,40,59
173,126,67,54
173,127,43,45
173,128,62,33
173,129,41,34
173,130,55,51
173,131,49,47
173,132,53,31
173,133,72,57
173,134,40,52
173,135,45,37
173,136,52,59
173,137,67,59
173,138,55,52
173,139,47,78
173,140,30,54
173,141,51,22
173,142,42,47
173,143,39,75
173,144,50,47
173,145,66,29
173,146,61,48
173,147,75,49
173,148,56,61
173,149,57,41
173,150,64,62
173,151,41,65
173,152,48,59
173,153,58,50
173,154,61,64
173,155,61,50
173,156,50,43
173,157,54,37
173,158,43,47
173,159,75,37
173,160,61,46
173,161,47,43
173,162,49,44
173,163,60,50
173,164,79,42
173,165,47,40
173,166,47,47
173,167,47,37
173,168,41,69
173,169,77,65
173,170,52,41
173,171,52,60
173,172,75,55
173,173,63,54
173,174,50,58
173,175,49,40
173,176,62,30
173,177,46,43
173,178,76,66
173,179,49,63
173,180,48,61
173,181,61,65
173,182,48,52
173,183,57,54
173,184,66,64
173,185,51,23
173,186,60,60
173,187,39,55
173,188,60,77
173,189,66,47
173,190,64,42
173,191,24,55
173,192,52,40
173,193,58,57
173,194,59,46
173,195,62,59
173,196,54,60
174,1,49,30
174,2,45,49
174,3,43,75
174,4,44,39
174,5,39,49
174,6,43,30
174,7,51,56
174,8,45,58
174,9,21,50
174,10,27,58
174,11,34,62
174,12,38,56
174,13,69,44
174,14,51,58
174,15,33,30
174,16,24,32
174,17,58,38
174,18,42,51
174,19,31,59
174,20,54,34
174,21,39,59
174,22,16,65
174,23,42,32
174,24,24,50
174,25,41,44
174,26,37,48
174,27,35,72
174,28,60,45
174,29,48,40
174,30,33,34
174,31,37,69
174,32,50,51
174,33,41,56
174,34,47,39
174,35,49,49
174,36,49,38
174,37,53,49
174,38,54,77
174,39,42,49
174,40,13,65
174,41,26,63
174,42,41,67
174,43,64,14
174,44,52,35
174,45,41,52
174,46,49,36
174,47,37,43
174,48,62,18
174,49,56,67
174,50,55,55
174,51,30,38
174,52,48,62
174,53,27,52
174,54,41,54
174,55,63,69
174,56,58,76
174,57,28,43
174,58,34,31
174,59,34,39
174,60,56,37
174,61,52,72
174,62,59,57
174,63,54,59
174,64,27,34
174,65,37,44
174,66,43,38
174,67,28,56
174,68,41,47
174,69,67,76
174,70,39,70
174,71,60,39
174,72,35,48
174,73,42,66
174,74,68,35
174,75,33,59
174,76,31,27
174,77,52,54
174,78,54,36
174,79,40,67
174,80,51,80
174,81,45,74
174,82,34,47
174,83,59,69
174,84,41,55
174,85,46,19
174,86,66,37
174,87,52,70
174,88,67,45
174,89,55,67
174,90,49,45
174,91,46,48
174,92,51,27
174,93,77,28
174,94,45,65
174,95,49,50
174,96,61,59
174,97,75,50
174,98,80,60
174,99,65,40
174,100,53,46
174,101,43,39
174,102,69,56
174,103,56,53
174,104,27,47
174,105,52,36
174,106,46,60
174,107,64,45
174,108,46,68
174,109,47,44
174,110,52,44
174,111,46,41
174,112,48,51
174,113,54,41
174,114,33,41
174,115,59,51
174,116,45,31
174,117,62,41
174,118,31,48
174,119,45,24
174,120,58,46
174,121,60,41
174,122,62,48
174,123,49,65
174,124,56,69
174,125,40,60
174,126,66,54
174,127,43,44
174,128,63,33
174,129,41,35
174,130,54,50
174,131,50,46
174,132,54,32
174,133,73,56
174,134,40,51
174,135,46,36
174,136,52,58
174,137,66,58
174,138,55,53
174,139,48,77
174,140,31,53
174,141,50,21
174,142,43,48
174,143,38,75
174,144,49,47
174,145,65,29
174,146,60,47
174,147,76,50
174,148,57,60
174,149,57,42
174,150,63,63
174,151,40,65
174,152,49,60
174,153,58,49
174,154,61,63
174,155,60,51
174,156,51,44
174,157,55,36
174,158,42,48
174,159,74,36
174,160,61,47
174,161,48,44
174,162,50,44
174,163,59,49
174,164,80,43
174,165,46,39
174,166,47,48
174,167,46,37
174,168,42,68
174,169,77,64
174,170,51,42
174,171,53,61
174,172,76,55
174,173,62,55
174,174,50,57
174,175,50,39
174,176,62,29
174,177,47,42
174,178,77,65
174,179,49,62
174,180,48,60
174,181,60,65
174,182,47,51
174,183,57,53
174,184,67,64
174,185,50,24
174,186,59,60
174,187,40,56
174,188,61,77
174,189,67,47
174,190,64,41
174,191,23,55
174,192,53,39
174,193,59,58
174,194,60,46
174,195,62,60
174,196,55,61
175,1,48,31
175,2,45,48
175,3,44,76
175,4,45,39
175,5,38,50
175,6,44,29
175,7,52,57
175,8,46,59
175,9,21,51
175,10,27,59
175,11,34,63
175,12,39,57
175,13,70,44
175,14,50,59
175,15,33,29
175,16,23,31
175,17,57,37
175,18,42,52
175,19,30,59
175,20,55,34
175,21,40,58
175,22,17,65
175,23,41,33
175,24,23,51
175,25,41,43
175,26,36,49
175,27,34,73
175,28,61,44
175,29,49,39
175,30,34,33
175,31,36,69
175,32,51,50
175,33,41,57
175,34,48,40
175,35,48,49
175,36,50,38
175,37,52,49
175,38,55,76
175,39,43,49
175,40,14,66
175,41,25,62
175,42,41,68
175,43,65,14
175,44,53,34
175,45,41,51
175,46,48,36
175,47,38,43
175,48,61,19
175,49,57,67
175,50,54,56
175,51,31,39
175,52,47,61
175,53,28,52
175,54,42,55
175,55,62,70
175,56,59,76
175,57,29,44
175,58,35,31
175,59,34,38
175,60,56,38
175,61,52,71
175,62,58,58
175,63,53,60
175,64,28,33
175,65,36,45
175,66,42,37
175,67,28,55
175,68,42,47
175,69,67,77
175,70,38,69
175,71,61,40
175,72,35,49
175,73,42,65
175,74,67,36
175,75,32,58
175,76,31,26
175,77,51,54
175,78,53,36
175,79,39,67
175,80,51,81
175,81,46,75
175,82,35,46
175,83,58,70
175,84,42,56
175,85,46,20
175,86,66,36
175,87,53,69
175,88,66,45
175,89,56,67
175,90,50,45
175,91,47,49
175,92,51,28
175,93,78,27
175,94,46,65
175,95,50,49
175,96,62,59
175,97,75,51
175,98,79,60
175,99,64,40
175,100,54,46
175,101,42,38
175,102,69,55
175,103,55,52
175,104,26,46
175,105,51,37
175,106,45,61
175,107,63,46
175,108,45,68
175,109,46,44
175,110,51,45
175,111,45,42
175,112,47,52
175,113,53,40
175,114,34,41
175,115,59,52
175,116,46,31
175,117,63,40
175,118,32,48
175,119,44,25
175,120,59,46
175,121,59,41
175,122,63,49
175,123,50,66
175,124,55,70
175,125,41,60
175,126,65,53
175,127,42,44
175,128,64,32
175,129,40,34
175,130,55,50
175,131,51,47
175,132,53,31
175,133,72,55
175,134,39,51
175,135,47,37
175,136,52,59
175,137,66,59
175,138,56,54
175,139,47,78
175,140,32,52
175,141,51,20
175,142,44,48
175,143,38,76
175,144,48,47
175,145,66,29
175,146,60,48
175,147,77,49
175,148,56,59
175,149,56,41
175,150,62,64
175,151,41,65
175,152,48,59
175,153,57,48
175,154,62,63
175,155,61,50
175,156,50,43
175,157,54,37
175,158,42,49
175,159,73,36
175,160,62,48
175,161,49,45
175,162,51,43
175,163,60,49
175,164,79,42
175,165,47,38
175,166,46,49
175,167,46,36
175,168,42,67
175,169,76,64
175,170,50,42
175,171,52,61
175,172,75,54
175,173,63,54
175,174,49,57
175,175,51,38
175,176,61,29
175,177,46,42
175,178,78,64
175,179,50,63
175,180,47,60
175,181,61,64
175,182,46,52
175,183,58,54
175,184,68,63
175,185,51,24
175,186,60,59
175,187,40,57
175,188,61,76
175,189,67,46
175,190,65,40
175,191,24,54
175,192,54,40
175,193,60,58
175,194,59,47
175,195,61,61
175,196,56,60
176,1,47,31
176,2,45,49
176,3,44,77
176,4,46,40
176,5,37,50
176,6,45,29
176,7,51,57
176,8,45,59
176,9,21,52
176,10,28,59
176,11,33,62
176,12,40,56
176,13,70,43
176,14,50,58
176,15,34,28
176,16,24,30
176,17,56,37
176,18,43,53
176,19,29,58
176,20,54,34
176,21,40,59
176,22,16,64
176,23,42,34
176,24,24,52
176,25,42,42
176,26,36,48
176,27,33,72
176,28,61,43
176,29,50,39
176,30,35,34
176,31,36,70
176,32,50,50
176,33,42,57
176,34,47,40
176,35,47,50
176,36,49,39
176,37,53,48
176,38,55,77
176,39,44,49
176,40,14,67
176,41,25,63
176,42,40,68
176,43,64,15
176,44,52,35
176,45,40,52
176,46,48,35
176,47,37,43
176,48,61,20
176,49,58,68
176,50,55,56
176,51,32,40
176,52,46,60
176,53,27,52
176,54,41,56
176,55,63,71
176,56,60,77
176,57,30,45
176,58,36,32
176,59,35,37
176,60,57,38
176,61,52,70
176,62,57,57
176,63,53,61
176,64,29,33
176,65,37,46
176,66,43,36
176,67,28,56
176,68,41,47
176,69,66,78
176,70,37,70
176,71,60,40
176,72,34,49
176,73,42,64
176,74,66,35
176,75,31,58
176,76,31,25
176,77,52,55
176,78,53,37
176,79,39,68
176,80,52,82
176,81,45,75
176,82,36,46
176,83,57,69
176,84,43,56
176,85,45,20
176,86,67,35
176,87,52,68
176,88,66,46
176,89,55,68
176,90,50,46
176,91,47,48
176,92,50,28
176,93,78,26
176,94,45,66
176,95,49,50
176,96,62,58
176,97,75,50
176,98,78,61
176,99,64,41
176,100,55,46
176,101,42,37
176,102,68,56
176,103,55,53
176,104,25,45
176,105,50,37
176,106,44,60
176,107,62,46
176,108,46,67
176,109,47,43
176,110,50,44
176,111,46,41
176,112,47,53
176,113,52,41
176,114,33,40
176,115,58,53
176,116,45,30
176,117,62,40
176,118,33,47
176,119,43,25
176,120,60,45
176,121,59,42
176,122,64,50
176,123,50,67
176,124,54,69
176,125,40,60
176,126,66,54
176,127,43,43
176,128,65,31
176,129,41,34
176,130,56,50
176,131,52,48
176,132,53,30
176,133,73,56
176,134,40,50
176,135,46,38
176,136,53,58
176,137,66,60
176,138,57,53
176,139,46,77
176,140,33,52
176,141,52,20
176,142,43,48
176,143,37,76
176,144,48,48
176,145,66,30
176,146,61,49
176,147,77,48
176,148,57,60
176,149,56,42
176,150,63,63
176,151,40,66
176,152,49,58
176,153,58,47
176,154,62,62
176,155,61,51
176,156,51,44
176,157,55,38
176,158,42,48
176,159,73,35
176,160,61,47
176,161,49,44
176,162,52,42
176,163,59,48
176,164,78,42
176,165,48,38
176,166,46,50
176,167,46,37
176,168,42,68
176,169,75,63
176,170,51,41
176,171,51,60
176,172,74,54
176,173,62,55
176,174,48,58
176,175,51,39
176,176,60,30
176,177,45,43
176,178,79,63
176,179,50,64
176,180,46,61
176,181,60,65
176,182,45,52
176,183,58,55
176,184,67,63
176,185,52,25
176,186,60,60
176,187,40,58
176,188,62,75
176,189,66,45
176,190,65,39
176,191,23,53
176,192,53,41
176,193,60,57
176,194,58,46
176,195,62,60
176,196,57,59
177,1,46,30
177,2,44,50
177,3,45,76
177,4,45,39
177,5,36,50
177,6,46,28
177,7,50,56
177,8,46,59
177,9,22,52
177,10,27,58
177,11,33,61
177,12,39,56
177,13,69,43
177,14,50,59
177,15,35,27
177,16,25,31
177,17,57,37
177,18,44,52
177,19,28,57
177,20,54,33
177,21,41,60
177,22,17,63
177,23,41,33
177,24,23,51
177,25,43,41
177,26,37,49
177,27,32,73
177,28,61,42
177,29,51,38
177,30,34,34
177,31,37,71
177,32,51,49
177,33,42,56
177,34,46,40
177,35,48,51
177,36,48,40
177,37,54,47
177,38,56,78
177,39,45,49
177,40,14,66
177,41,26,64
177,42,40,69
177,43,63,14
177,44,52,34
177,45,39,53
177,46,48,34
177,47,38,42
177,48,62,19
177,49,57,67
177,50,56,55
177,51,31,40
177,52,47,59
177,53,28,51
177,54,40,56
177,55,63,72
177,56,61,77
177,57,31,46
177,58,35,32
177,59,34,38
177,60,58,37
177,61,52,71
177,62,56,56
177,63,53,62
177,64,30,34
177,65,36,47
177,66,43,35
177,67,29,55
177,68,40,48
177,69,66,77
177,70,36,69
177,71,59,41
177,72,34,48
177,73,42,65
177,74,67,36
177,75,30,59
177,76,30,24
177,77,53,54
177,78,54,37
177,79,38,68
177,80,52,81
177,81,46,75
177,82,37,45
177,83,56,68
177,84,43,57
177,85,46,19
177,86,68,35
177,87,52,69
177,88,65,46
177,89,55,69
177,90,49,46
177,91,48,49
177,92,51,28
177,93,78,25
177,94,45,67
177,95,49,49
177,96,61,57
177,97,76,50
177,98,79,61
177,99,65,42
177,100,55,47
177,101,41,36
177,102,69,57
177,103,54,53
177,104,24,44
177,105,50,36
177,106,45,61
177,107,63,46
177,108,47,66
177,109,48,43
177,110,50,45
177,111,46,42
177,112,46,54
177,113,53,42
177,114,33,39
177,115,58,54
177,116,44,31
177,117,62,39
177,118,34,47
177,119,42,25
177,120,59,45
177,121,60,42
177,122,63,50
177,123,51,67
177,124,55,70
177,125,40,59
177,126,67,53
177,127,42,44
177,128,64,31
177,129,41,35
177,130,56,49
177,131,51,47
177,132,52,31
177,133,72,56
177,134,40,49
177,135,46,39
177,136,53,59
177,137,67,59
177,138,58,52
177,139,46,78
177,140,33,53
177,141,53,19
177,142,44,49
177,143,38,76
177,144,49,48
177,145,67,30
177,146,60,49
177,147,76,47
177,148,56,61
177,149,56,41
177,150,64,62
177,151,41,66
177,152,48,57
177,153,57,47
177,154,63,63
177,155,60,51
177,156,52,44
177,157,56,39
177,158,42,49
177,159,74,36
177,160,60,48
177,161,50,43
177,162,53,43
177,163,58,49
177,164,79,43
177,165,47,39
177,166,46,49
177,167,46,38
177,168,42,67
177,169,74,63
177,170,52,41
177,171,50,60
177,172,73,54
177,173,63,54
177,174,48,59
177,175,52,40
177,176,61,31
177,177,45,42
177,178,79,62
177,179,49,65
177,180,46,60
177,181,60,66
177,182,44,51
177,183,58,56
177,184,68,63
177,185,51,25
177,186,59,61
177,187,39,58
177,188,62,76
177,189,67,46
177,190,65,40
177,191,22,54
177,192,54,40
177,193,60,58
177,194,58,45
177,195,61,61
177,196,58,60
178,1,47,30
178,2,45,51
178,3,46,77
178,4,45,38
178,5,37,51
178,6,46,27
178,7,51,56
178,8,45,59
178,9,21,52
178,10,26,58
178,11,34,62
178,12,38,57
178,13,70,43
178,14,49,58
178,15,35,26
178,16,26,30
178,17,56,36
178,18,43,51
178,19,27,58
178,20,55,32
178,21,42,61
178,22,18,63
178,23,42,34
178,24,22,51
178,25,42,42
178,26,38,48
178,27,31,72
178,28,61,43
178,29,52,39
178,30,33,35
178,31,38,70
178,32,50,50
178,33,41,56
178,34,45,39
178,35,49,51
178,36,47,40
178,37,55,46
178,38,57,78
178,39,45,50
178,40,15,67
178,41,27,63
178,42,41,69
178,43,63,13
178,44,51,33
178,45,39,52
178,46,48,33
178,47,38,41
178,48,61,20
178,49,56,66
178,50,55,54
178,51,32,39
178,52,46,59
178,53,27,52
178,54,39,57
178,55,62,72
178,56,62,77
178,57,32,46
178,58,36,33
178,59,35,39
178,60,58,38
178,61,51,72
178,62,55,56
178,63,52,63
178,64,31,35
178,65,37,46
178,66,44,36
178,67,29,56
178,68,39,49
178,69,66,78
178,70,37,69
178,71,58,42
178,72,33,49
178,73,42,66
178,74,66,35
178,75,31,60
178,76,30,23
178,77,52,55
178,78,53,37
178,79,38,67
178,80,51,81
178,81,45,75
178,82,36,45
178,83,57,67
178,84,43,58
178,85,46,18
178,86,69,35
178,87,52,70
178,88,65,47
178,89,56,69
178,90,48,47
178,91,47,50
178,92,52,28
178,93,78,26
178,94,45,66
178,95,50,49
178,96,61,56
178,97,77,50
178,98,79,60
178,99,64,41
178,100,56,46
178,101,42,35
178,102,69,58
178,103,54,52
178,104,24,45
178,105,49,37
178,106,44,61
178,107,64,47
178,108,48,67
178,109,47,43
178,110,50,44
178,111,47,42
178,112,45,54
178,113,52,43
178,114,34,39
178,115,58,55
178,116,43,30
178,117,63,38
178,118,33,47
178,119,41,26
178,120,58,44
178,121,59,42
178,122,64,50
178,123,51,68
178,124,56,71
178,125,41,58
178,126,67,54
178,127,42,43
178,128,63,30
178,129,40,35
178,130,55,49
178,131,51,48
178,132,53,30
178,133,71,55
178,134,39,48
178,135,46,40
178,136,54,59
178,137,68,58
178,138,57,52
178,139,45,78
178,140,32,54
178,141,52,18
178,142,44,48
178,143,38,75
178,144,50,47
178,145,67,31
178,146,60,50
178,147,75,46
178,148,57,60
178,149,55,41
178,150,64,63
178,151,40,65
178,152,47,57
178,153,57,48
178,154,62,64
178,155,59,51
178,156,52,45
178,157,55,39
178,158,41,49
178,159,75,36
178,160,61,48
178,161,49,42
178,162,52,42
178,163,59,48
178,164,78,43
178,165,48,39
178,166,45,49
178,167,46,39
178,168,43,67
178,169,74,62
178,170,53,40
178,171,49,60
178,172,72,54
178,173,62,53
178,174,49,59
178,175,53,41
178,176,60,30
178,177,46,43
178,178,80,63
178,179,50,64
178,180,47,61
178,181,61,65
178,182,45,52
178,183,59,57
178,184,69,62
178,185,50,25
178,186,59,62
178,187,40,58
178,188,61,77
178,189,66,46
178,190,65,39
178,191,21,54
178,192,55,40
178,193,59,58
178,194,58,46
178,195,62,62
178,196,58,61
179,1,46,31
179,2,44,52
179,3,46,76
179,4,46,38
179,5,36,51
179,6,47,27
179,7,50,56
179,8,44,58
179,9,20,53
179,10,25,58
179,11,35,62
179,12,39,58
179,13,69,43
179,14,50,58
179,15,34,25
179,16,27,29
179,17,57,35
179,18,43,50
179,19,26,57
179,20,55,33
179,21,43,61
179,22,19,62
179,23,43,35
179,24,23,52
179,25,43,43
179,26,37,47
179,27,30,71
179,28,62,43
179,29,51,38
179,30,32,35
179,31,39,70
179,32,51,49
179,33,40,55
179,34,44,39
179,35,48,51
179,36,48,41
179,37,54,47
179,38,56,79
179,39,46,50
179,40,15,68
179,41,27,62
179,42,40,68
179,43,62,13
179,44,52,32
179,45,39,51
179,46,47,34
179,47,39,42
179,48,62,20
179,49,56,67
179,50,55,53
179,51,33,39
179,52,47,59
179,53,28,53
179,54,40,57
179,55,61,73
179,56,61,78
179,57,32,47
179,58,36,34
179,59,35,40
179,60,57,38
179,61,52,71
179,62,54,57
179,63,53,64
179,64,31,36
179,65,36,47
179,66,44,35
179,67,28,55
179,68,38,48
179,69,65,79
179,70,36,70
179,71,57,43
179,72,33,50
179,73,41,66
179,74,66,36
179,75,32,60
179,76,30,22
179,77,53,54
179,78,52,36
179,79,38,68
179,80,52,82
179,81,46,74
179,82,36,46
179,83,56,66
179,84,44,57
179,85,45,17
179,86,70,35
179,87,51,69
179,88,65,46
179,89,57,68
179,90,48,48
179,91,46,49
179,92,51,27
179,93,79,27
179,94,44,66
179,95,49,50
179,96,61,57
179,97,76,49
179,98,80,60
179,99,64,40
179,100,57,46
179,101,41,34
179,102,70,57
179,103,53,52
179,104,23,44
179,105,50,37
179,106,45,61
179,107,64,46
179,108,47,68
179,109,46,44
179,110,51,43
179,111,47,43
179,112,46,53
179,113,52,44
179,114,33,40
179,115,58,56
179,116,44,30
179,117,62,37
179,118,33,48
179,119,42,27
179,120,57,44
179,121,60,43
179,122,63,49
179,123,52,67
179,124,57,71
179,125,41,57
179,126,68,53
179,127,42,44
179,128,63,29
179,129,41,36
179,130,55,50
179,131,50,48
179,132,53,29
179,133,72,55
179,134,40,48
179,135,45,39
179,136,54,58
179,137,67,58
179,138,56,51
179,139,46,78
179,140,31,54
179,141,52,19
179,142,45,48
179,143,39,74
179,144,49,48
179,145,66,31
179,146,61,49
179,147,76,47
179,148,58,60
179,149,56,42
179,150,63,64
179,151,40,66
179,152,48,57
179,153,58,49
179,154,63,65
179,155,59,50
179,156,51,44
179,157,55,38
179,158,41,48
179,159,74,35
179,160,62,48
179,161,48,43
179,162,51,41
179,163,58,47
179,164,77,42
179,165,47,40
179,166,44,50
179,167,45,40
179,168,42,68
179,169,74,61
179,170,54,39
179,171,50,59
179,172,71,53
179,173,63,53
179,174,49,58
179,175,53,42
179,176,61,29
179,177,47,44
179,178,81,64
179,179,51,65
179,180,47,60
179,181,62,64
179,182,46,52
179,183,59,56
179,184,70,61
179,185,49,26
179,186,58,63
179,187,40,59
179,188,62,77
179,189,66,45
179,190,64,39
179,191,20,55
179,192,56,40
179,193,60,59
179,194,59,47
179,195,61,63
179,196,57,62
180,1,45,30
180,2,45,53
180,3,45,75
180,4,46,39
180,5,36,52
180,6,46,26
180,7,50,57
180,8,44,59
180,9,21,54
180,10,24,58
180,11,34,61
180,12,39,59
180,13,68,44
180,14,49,57
180,15,34,24
180,16,27,30
180,17,57,34
180,18,44,51
180,19,26,58
180,20,56,33
180,21,44,61
180,22,18,61
180,23,44,36
180,24,22,52
180,25,44,43
180,26,38,47
180,27,29,70
180,28,63,43
180,29,52,39
180,30,33,36
180,31,38,71
180,32,51,48
180,33,40,54
180,34,44,40
180,35,47,51
180,36,48,40
180,37,53,48
180,38,57,78
180,39,47,49
180,40,15,67
180,41,26,62
180,42,40,69
180,43,63,12
180,44,53,31
180,45,38,50
180,46,46,35
180,47,38,41
180,48,62,21
180,49,55,68
180,50,56,53
180,51,34,40
180,52,48,60
180,53,28,52
180,54,40,56
180,55,61,72
180,56,61,77
180,57,31,46
180,58,35,33
180,59,35,41
180,60,57,37
180,61,51,71
180,62,55,58
180,63,52,65
180,64,32,37
180,65,35,47
180,66,43,36
180,67,29,56
180,68,37,48
180,69,66,78
180,70,35,69
180,71,58,42
180,72,32,51
180,73,41,67
180,74,65,35
180,75,32,61
180,76,31,23
180,77,54,53
180,78,53,37
180,79,39,68
180,80,51,82
180,81,46,75
180,82,37,46
180,83,57,66
180,84,43,58
180,85,44,16
180,86,71,36
180,87,52,70
180,88,66,46
180,89,58,69
180,90,49,49
180,91,46,50
180,92,52,28
180,93,80,28
180,94,44,67
180,95,50,51
180,96,62,56
180,97,77,50
180,98,80,61
180,99,63,41
180,100,58,45
180,101,42,33
180,102,71,57
180,103,52,51
180,104,22,44
180,105,49,37
180,106,45,60
180,107,64,45
180,108,48,67
180,109,45,45
180,110,52,43
180,111,48,42
180,112,47,54
180,113,52,45
180,114,33,41
180,115,59,55
180,116,43,30
180,117,61,36
180,118,34,48
180,119,42,26
180,120,57,43
180,121,61,43
180,122,62,49
180,123,51,67
180,124,57,70
180,125,40,57
180,126,69,54
180,127,43,44
180,128,63,30
180,129,42,37
180,130,56,50
180,131,50,47
180,132,52,30
180,133,71,54
180,134,41,49
180,135,46,40
180,136,53,59
180,137,66,59
180,138,55,51
180,139,46,79
180,140,32,55
180,141,52,20
180,142,44,49
180,143,40,73
180,144,49,47
180,145,65,30
180,146,61,48
180,147,76,46
180,148,58,59
180,149,56,41
180,150,62,63
180,151,39,65
180,152,47,56
180,153,59,48
180,154,64,65
180,155,58,49
180,156,51,43
180,157,56,39
180,158,40,48
180,159,73,34
180,160,61,47
180,161,49,42
180,162,50,42
180,163,58,46
180,164,76,42
180,165,47,39
180,166,45,50
180,167,45,39
180,168,41,69
180,169,73,61
180,170,55,39
180,171,51,59
180,172,70,54
180,173,63,52
180,174,48,57
180,175,53,41
180,176,61,28
180,177,48,44
180,178,82,65
180,179,52,64
180,180,46,61
180,181,63,64
180,182,47,52
180,183,60,56
180,184,69,60
180,185,48,27
180,186,59,64
180,187,39,60
180,188,63,78
180,189,67,46
180,190,63,39
180,191,20,54
180,192,57,39
180,193,61,59
180,194,59,46
180,195,60,64
180,196,57,63
181,1,44,30
181,2,46,52
181,3,45,74
181,4,47,40
181,5,37,51
181,6,47,25
181,7,51,57
181,8,43,59
181,9,22,54
181,10,24,59
181,11,33,61
181,12,40,60
181,13,68,45
181,14,49,56
181,15,35,24
181,16,26,29
181,17,58,33
181,18,43,51
181,19,26,57
181,20,57,32
181,21,44,60
181,22,18,62
181,23,43,35
181,24,21,51
181,25,45,44
181,26,38,46
181,27,28,71
181,28,64,43
181,29,53,38
181,30,34,35
181,31,37,71
181,32,50,48
181,33,40,53
181,34,43,40
181,35,48,51
181,36,49,39
181,37,54,47
181,38,58,77
181,39,46,48
181,40,15,66
181,41,27,62
181,42,41,68
181,43,64,13
181,44,54,32
181,45,39,49
181,46,47,35
181,47,37,42
181,48,63,20
181,49,55,69
181,50,55,53
181,51,34,39
181,52,48,61
181,53,28,51
181,54,41,57
181,55,61,71
181,56,62,76
181,57,30,46
181,58,35,34
181,59,34,42
181,60,57,38
181,61,52,71
181,62,56,57
181,63,51,64
181,64,31,37
181,65,35,46
181,66,44,35
181,67,30,55
181,68,38,48
181,69,67,77
181,70,34,70
181,71,59,42
181,72,32,52
181,73,41,66
181,74,64,34
181,75,31,61
181,76,32,22
181,77,53,53
181,78,54,38
181,79,39,69
181,80,52,81
181,81,46,76
181,82,36,47
181,83,57,67
181,84,42,58
181,85,43,15
181,86,72,36
181,87,53,70
181,88,65,46
181,89,59,68
181,90,50,49
181,91,47,49
181,92,51,27
181,93,79,28
181,94,43,66
181,95,49,52
181,96,63,57
181,97,76,51
181,98,79,61
181,99,63,40
181,100,57,44
181,101,41,32
181,102,71,56
181,103,51,51
181,104,23,45
181,105,49,38
181,106,46,59
181,107,63,44
181,108,47,66
181,109,44,46
181,110,52,42
181,111,47,42
181,112,48,53
181,113,51,46
181,114,33,40
181,115,58,56
181,116,44,29
181,117,60,37
181,118,35,47
181,119,41,25
181,120,56,44
181,121,60,43
181,122,62,48
181,123,50,68
181,124,57,71
181,125,40,58
181,126,70,53
181,127,42,45
181,128,63,31
181,129,41,37
181,130,55,49
181,131,51,48
181,132,53,29
181,133,71,55
181,134,42,50
181,135,46,39
181,136,52,58
181,137,66,60
181,138,55,50
181,139,45,79
181,140,31,56
181,141,53,19
181,142,44,50
181,143,41,73
181,144,48,47
181,145,66,29
181,146,61,49
181,147,75,46
181,148,57,59
181,149,56,42
181,150,61,63
181,151,38,64
181,152,46,55
181,153,60,49
181,154,65,65
181,155,58,50
181,156,51,42
181,157,56,38
181,158,40,49
181,159,73,33
181,160,62,46
181,161,50,41
181,162,51,41
181,163,57,47
181,164,75,41
181,165,48,39
181,166,45,49
181,167,44,38
181,168,40,69
181,169,74,60
181,170,55,40
181,171,50,59
181,172,69,55
181,173,62,53
181,174,47,58
181,175,54,41
181,176,62,28
181,177,49,44
181,178,81,66
181,179,53,65
181,180,46,60
181,181,62,65
181,182,46,53
181,183,61,55
181,184,69,59
181,185,47,27
181,186,58,63
181,187,38,61
181,188,63,79
181,189,67,45
181,190,64,39
181,191,21,54
181,192,57,40
181,193,61,60
181,194,60,46
181,195,60,65
181,196,56,64
182,1,43,31
182,2,47,51
182,3,44,73
182,4,47,39
182,5,37,50
182,6,48,24
182,7,52,56
182,8,44,58
182,9,23,53
182,10,23,60
182,11,33,62
182,12,40,61
182,13,67,46
182,14,48,56
182,15,34,24
182,16,25,29
182,17,59,34
182,18,42,51
182,19,27,58
182,20,57,31
182,21,44,61
182,22,19,62
182,23,44,36
182,24,22,51
182,25,46,44
182,26,37,46
182,27,27,70
182,28,65,42
182,29,52,38
182,30,35,35
182,31,38,72
182,32,51,49
182,33,41,54
182,34,44,40
182,35,49,50
182,36,48,40
182,37,55,46
182,38,59,78
182,39,47,48
182,40,16,67
182,41,26,61
182,42,42,67
182,43,65,12
182,44,54,33
182,45,40,48
182,46,48,35
182,47,36,41
182,48,62,19
182,49,56,70
182,50,54,53
182,51,33,39
182,52,47,62
182,53,27,50
182,54,41,56
182,55,62,72
182,56,62,77
182,57,29,46
182,58,34,34
182,59,35,43
182,60,56,39
182,61,51,71
182,62,56,58
182,63,52,64
182,64,31,38
182,65,34,45
182,66,43,36
182,67,29,56
182,68,39,49
182,69,68,78
182,70,35,69
182,71,58,42
182,72,31,53
182,73,40,65
182,74,63,34
182,75,31,60
182,76,31,21
182,77,53,54
182,78,53,38
182,79,39,70
182,80,51,81
182,81,46,75
182,82,37,47
182,83,58,68
182,84,41,59
182,85,42,15
182,86,71,35
182,87,54,71
182,88,66,47
182,89,58,69
182,90,50,48
182,91,46,48
182,92,50,26
182,93,79,27
182,94,44,67
182,95,48,52
182,96,64,57
182,97,76,50
182,98,80,62
182,99,62,40
182,100,58,45
182,101,40,33
182,102,72,56
182,103,52,50
182,104,22,46
182,105,50,38
182,106,46,58
182,107,64,43
182,108,48,66
182,109,43,45
182,110,53,43
182,111,48,41
182,112,49,52
182,113,51,47
182,114,32,39
182,115,57,55
182,116,43,29
182,117,60,36
182,118,34,47
182,119,40,25
182,120,57,43
182,121,59,43
182,122,63,47
182,123,51,67
182,124,56,71
182,125,40,57
182,126,71,53
182,127,42,44
182,128,64,32
182,129,41,36
182,130,54,49
182,131,50,49
182,132,52,29
182,133,72,54
182,134,41,49
182,135,47,38
182,136,51,59
182,137,65,60
182,138,54,50
182,139,44,79
182,140,30,57
182,141,53,20
182,142,45,51
182,143,41,74
182,144,49,48
182,145,65,30
182,146,61,50
182,147,76,47
182,148,56,59
182,149,57,42
182,150,60,64
182,151,37,63
182,152,46,54
182,153,61,49
182,154,64,64
182,155,57,49
182,156,52,43
182,157,55,38
182,158,39,48
182,159,74,33
182,160,63,46
182,161,50,42
182,162,50,40
182,163,56,47
182,164,76,40
182,165,47,40
182,166,46,49
182,167,43,37
182,168,41,69
182,169,73,61
182,170,54,39
182,171,49,60
182,172,68,55
182,173,61,53
182,174,48,57
182,175,55,40
182,176,62,27
182,177,48,45
182,178,80,67
182,179,52,66
182,180,45,59
182,181,61,64
182,182,47,52
182,183,60,56
182,184,69,58
182,185,48,27
182,186,58,62
182,187,39,60
182,188,64,80
182,189,68,45
182,190,64,40
182,191,22,53
182,192,56,41
182,193,60,60
182,194,59,45
182,195,59,65
182,196,57,64
183,1,42,31
183,2,48,50
183,3,45,74
183,4,46,40
183,5,37,49
183,6,47,23
183,7,53,56
183,8,44,57
183,9,23,54
183,10,23,59
183,11,32,63
183,12,41,62
183,13,68,47
183,14,47,57
183,15,35,25
183,16,24,30
183,17,60,33
183,18,42,50
183,19,28,58
183,20,56,31
183,21,44,60
183,22,18,61
183,23,45,36
183,24,22,52
183,25,45,44
183,26,38,46
183,27,27,71
183,28,64,41
183,29,52,37
183,30,36,34
183,31,37,73
183,32,52,49
183,33,41,55
183,34,43,41
183,35,49,49
183,36,49,41
183,37,56,45
183,38,60,77
183,39,46,47
183,40,15,66
183,41,26,62
183,42,42,68
183,43,64,12
183,44,54,32
183,45,41,47
183,46,49,35
183,47,36,40
183,48,62,18
183,49,57,70
183,50,53,53
183,51,33,40
183,52,47,63
183,53,28,49
183,54,40,55
183,55,62,73
183,56,61,77
183,57,28,47
183,58,35,34
183,59,35,44
183,60,57,39
183,61,51,70
183,62,57,57
183,63,52,63
183,64,31,37
183,65,33,46
183,66,42,35
183,67,29,57
183,68,40,50
183,69,68,79
183,70,34,68
183,71,59,42
183,72,32,54
183,73,39,64
183,74,62,35
183,75,30,61
183,76,32,22
183,77,53,55
183,78,53,37
183,79,38,69
183,80,50,82
183,81,47,76
183,82,37,48
183,83,59,67
183,84,42,60
183,85,43,15
183,86,72,35
183,87,55,70
183,88,67,48
183,89,59,70
183,90,49,47
183,91,45,49
183,92,49,26
183,93,78,26
183,94,45,66
183,95,49,53
183,96,63,58
183,97,77,50
183,98,79,61
183,99,63,39
183,100,58,44
183,101,39,33
183,102,71,57
183,103,51,51
183,104,22,45
183,105,50,37
183,106,45,57
183,107,63,44
183,108,48,67
183,109,43,46
183,110,53,44
183,111,47,42
183,112,48,52
183,113,52,48
183,114,32,40
183,115,56,56
183,116,42,30
183,117,61,36
183,118,34,48
183,119,40,26
183,120,58,43
183,121,60,42
183,122,63,48
183,123,52,68
183,124,55,72
183,125,39,58
183,126,71,54
183,127,43,43
183,128,65,31
183,129,42,37
183,130,53,49
183,131,50,50
183,132,51,29
183,133,71,55
183,134,40,48
183,135,48,39
183,136,50,59
183,137,64,60
183,138,54,51
183,139,43,80
183,140,30,56
183,141,53,19
183,142,44,50
183,143,40,74
183,144,50,48
183,145,64,31
183,146,62,51
183,147,77,46
183,148,56,58
183,149,57,43
183,150,61,65
183,151,36,63
183,152,45,55
183,153,61,48
183,154,63,64
183,155,56,48
183,156,52,42
183,157,56,37
183,158,38,47
183,159,75,32
183,160,63,45
183,161,51,42
183,162,50,41
183,163,55,48
183,164,77,41
183,165,46,39
183,166,45,50
183,167,43,36
183,168,42,70
183,169,72,61
183,170,54,40
183,171,50,61
183,172,67,55
183,173,62,54
183,174,49,56
183,175,54,39
183,176,63,28
183,177,47,46
183,178,80,68
183,179,52,65
183,180,44,58
183,181,61,63
183,182,46,52
183,183,60,55
183,184,70,57
183,185,47,26
183,186,57,62
183,187,40,61
183,188,64,79
183,189,67,45
183,190,65,41
183,191,23,52
183,192,56,40
183,193,59,60
183,194,59,44
183,195,60,66
183,196,57,63
184,1,41,31
184,2,48,51
184,3,45,73
184,4,45,41
184,5,37,50
184,6,46,23
184,7,52,57
184,8,45,58
184,9,24,53
184,10,24,59
184,11,32,62
184,12,42,63
184,13,69,47
184,14,48,56
184,15,34,25
184,16,24,29
184,17,61,34
184,18,42,49
184,19,28,57
184,20,57,30
184,21,44,61
184,22,17,61
184,23,45,37
184,24,22,53
184,25,45,43
184,26,37,45
184,27,27,72
184,28,63,40
184,29,53,38
184,30,36,33
184,31,36,74
184,32,53,50
184,33,42,55
184,34,42,42
184,35,49,50
184,36,50,40
184,37,56,44
184,38,59,77
184,39,45,46
184,40,15,65
184,41,27,61
184,42,43,67
184,43,63,13
184,44,55,31
184,45,42,48
184,46,48,35
184,47,35,41
184,48,63,18
184,49,57,69
184,50,54,54
184,51,34,40
184,52,46,64
184,53,27,49
184,54,40,56
184,55,61,72
184,56,62,76
184,57,28,48
184,58,36,35
184,59,36,45
184,60,56,39
184,61,50,69
184,62,58,58
184,63,51,62
184,64,30,37
184,65,33,45
184,66,41,34
184,67,30,57
184,68,39,49
184,69,67,80
184,70,35,69
184,71,59,43
184,72,33,54
184,73,40,65
184,74,63,36
184,75,29,60
184,76,32,21
184,77,54,55
184,78,54,37
184,79,37,68
184,80,50,81
184,81,46,75
184,82,36,49
184,83,59,66
184,84,42,59
184,85,42,16
184,86,72,34
184,87,56,70
184,88,67,49
184,89,59,69
184,90,48,46
184,91,46,48
184,92,49,27
184,93,79,27
184,94,44,65
184,95,50,53
184,96,62,58
184,97,76,50
184,98,79,60
184,99,62,40
184,100,57,45
184,101,39,34
184,102,70,56
184,103,52,51
184,104,21,44
184,105,51,37
184,106,46,58
184,107,63,43
184,108,47,66
184,109,42,47
184,110,54,43
184,111,46,42
184,112,47,51
184,113,51,49
184,114,31,40
184,115,57,56
184,116,42,31
184,117,62,37
184,118,34,49
184,119,39,26
184,120,59,42
184,121,61,43
184,122,62,48
184,123,52,69
184,124,56,73
184,125,38,58
184,126,70,55
184,127,44,44
184,128,65,30
184,129,41,38
184,130,52,50
184,131,49,51
184,132,50,29
184,133,72,54
184,134,40,47
184,135,49,38
184,136,51,60
184,137,63,61
184,138,53,52
184,139,42,80
184,140,31,57
184,141,54,20
184,142,45,51
184,143,39,75
184,144,50,49
184,145,63,30
184,146,61,51
184,147,77,45
184,148,55,59
184,149,58,43
184,150,61,66
184,151,36,64
184,152,45,54
184,153,62,47
184,154,62,64
184,155,55,49
184,156,51,41
184,157,57,37
184,158,37,48
184,159,75,31
184,160,64,46
184,161,50,42
184,162,51,42
184,163,54,49
184,164,78,40
184,165,47,39
184,166,44,49
184,167,43,35
184,168,41,71
184,169,73,62
184,170,53,40
184,171,50,60
184,172,68,56
184,173,61,53
184,174,50,56
184,175,54,38
184,176,62,27
184,177,46,47
184,178,80,69
184,179,53,66
184,180,43,57
184,181,60,64
184,182,46,51
184,183,61,56
184,184,69,57
184,185,48,25
184,186,56,62
184,187,41,61
184,188,65,78
184,189,66,45
184,190,66,42
184,191,22,51
184,192,56,41
184,193,60,61
184,194,60,45
184,195,60,67
184,196,57,62
185,1,41,30
185,2,47,50
185,3,46,72
185,4,46,41
185,5,38,50
185,6,45,24
185,7,52,58
185,8,44,59
185,9,23,54
185,10,24,58
185,11,33,63
185,12,42,64
185,13,69,46
185,14,48,55
185,15,33,26
185,16,24,28
185,17,60,35
185,18,42,50
185,19,28,56
185,20,56,29
185,21,45,60
185,22,17,62
185,23,46,38
185,24,21,53
185,25,46,44
185,26,36,46
185,27,28,72
185,28,64,40
185,29,52,39
185,30,35,34
185,31,35,73
185,32,53,51
185,33,41,56
185,34,41,41
185,35,50,51
185,36,49,41
185,37,57,43
185,38,59,76
185,39,46,46
185,40,15,66
185,41,28,60
185,42,43,66
185,43,63,12
185,44,54,30
185,45,41,48
185,46,47,34
185,47,34,42
185,48,62,18
185,49,57,68
185,50,55,53
185,51,33,39
185,52,46,63
185,53,26,50
185,54,41,55
185,55,61,73
185,56,61,77
185,57,28,47
185,58,37,36
185,59,36,44
185,60,56,38
185,61,50,70
185,62,57,57
185,63,52,61
185,64,29,37
185,65,34,45
185,66,40,34
185,67,29,56
185,68,40,48
185,69,68,79
185,70,34,69
185,71,60,43
185,72,34,53
185,73,41,66
185,74,64,36
185,75,28,61
185,76,31,21
185,77,55,54
185,78,55,36
185,79,36,69
185,80,49,80
185,81,45,75
185,82,35,49
185,83,60,66
185,84,42,58
185,85,41,16
185,86,73,35
185,87,55,69
185,88,68,50
185,89,60,69
185,90,47,47
185,91,45,47
185,92,48,27
185,93,80,27
185,94,44,64
185,95,49,54
185,96,63,59
185,97,77,51
185,98,78,59
185,99,62,39
185,100,57,46
185,101,40,35
185,102,71,57
185,103,52,52
185,104,22,44
185,105,51,36
185,106,47,58
185,107,62,44
185,108,46,66
185,109,43,47
185,110,53,42
185,111,47,42
185,112,46,52
185,113,52,49
185,114,32,40
185,115,56,56
185,116,42,30
185,117,63,38
185,118,35,48
185,119,38,26
185,120,58,42
185,121,61,42
185,122,61,47
185,123,52,68
185,124,56,72
185,125,37,57
185,126,70,56
185,127,44,45
185,128,65,29
185,129,40,37
185,130,53,49
185,131,50,50
185,132,51,29
185,133,73,53
185,134,40,46
185,135,48,38
185,136,52,59
185,137,63,62
185,138,54,52
185,139,41,79
185,140,31,56
185,141,54,19
185,142,45,50
185,143,40,75
185,144,51,50
185,145,64,31
185,146,62,51
185,147,77,44
185,148,56,59
185,149,59,42
185,150,61,67
185,151,36,65
185,152,46,54
185,153,63,48
185,154,61,65
185,155,56,48
185,156,52,41
185,157,57,36
185,158,36,48
185,159,76,30
185,160,64,45
185,161,50,41
185,162,52,43
185,163,55,49
185,164,78,39
185,165,47,40
185,166,44,48
185,167,43,34
185,168,42,72
185,169,74,61
185,170,52,40
185,171,50,61
185,172,67,55
185,173,60,54
185,174,50,57
185,175,55,39
185,176,61,26
185,177,45,46
185,178,81,70
185,179,54,67
185,180,44,56
185,181,59,63
185,182,46,50
185,183,61,55
185,184,70,58
185,185,48,26
185,186,55,61
185,187,40,62
185,188,66,79
185,189,65,44
185,190,65,43
185,191,21,51
185,192,56,42
185,193,61,62
185,194,59,44
185,195,61,66
185,196,56,61
186,1,41,31
186,2,46,51
186,3,45,72
186,4,46,42
186,5,39,50
186,6,44,25
186,7,53,59
186,8,44,60
186,9,23,53
186,10,25,58
186,11,34,62
186,12,41,63
186,13,68,47
186,14,47,54
186,15,33,25
186,16,24,27
186,17,61,36
186,18,42,51
186,19,29,57
186,20,55,28
186,21,45,61
186,22,16,62
186,23,45,39
186,24,21,54
186,25,46,43
186,26,35,47
186,27,28,71
186,28,65,40
186,29,53,40
186,30,34,34
186,31,36,74
186,32,52,50
186,33,40,56
186,34,40,41
186,35,49,50
186,36,49,42
186,37,57,44
186,38,58,76
186,39,46,45
186,40,15,65
186,41,27,59
186,42,43,67
186,43,64,13
186,44,53,31
186,45,40,49
186,46,48,33
186,47,35,42
186,48,61,18
186,49,56,68
186,50,55,52
186,51,32,39
186,52,46,64
186,53,26,49
186,54,40,55
186,55,60,74
186,56,60,77
186,57,27,47
186,58,38,37
186,59,35,45
186,60,57,37
186,61,49,70
186,62,58,56
186,63,51,62
186,64,29,38
186,65,35,46
186,66,40,33
186,67,28,55
186,68,39,48
186,69,69,78
186,70,35,69
186,71,61,44
186,72,34,52
186,73,42,67
186,74,63,35
186,75,27,61
186,76,32,20
186,77,56,55
186,78,54,35
186,79,37,68
186,80,50,81
186,81,46,76
186,82,34,49
186,83,60,67
186,84,41,57
186,85,40,17
186,86,74,34
186,87,56,69
186,88,69,50
186,89,61,68
186,90,46,48
186,91,44,46
186,92,49,26
186,93,79,26
186,94,45,64
186,95,49,53
186,96,62,59
186,97,77,50
186,98,77,60
186,99,62,38
186,100,58,47
186,101,39,35
186,102,72,56
186,103,51,51
186,104,23,45
186,105,52,37
186,106,47,59
186,107,63,44
186,108,45,67
186,109,42,46
186,110,54,43
186,111,47,43
186,112,47,53
186,113,53,50
186,114,31,41
186,115,55,56
186,116,42,31
186,117,62,37
186,118,36,49
186,119,39,27
186,120,57,42
186,121,60,42
186,122,60,48
186,123,51,68
186,124,55,73
186,125,36,58
186,126,69,56
186,127,44,44
186,128,65,28
186,129,39,38
186,130,52,49
186,131,50,49
186,132,52,29
186,133,73,52
186,134,41,45
186,135,48,37
186,136,51,60
186,137,62,63
186,138,54,53
186,139,41,78
186,140,30,55
186,141,55,20
186,142,45,49
186,143,39,75
186,144,50,50
186,145,64,32
186,146,61,50
186,147,76,44
186,148,55,60
186,149,58,41
186,150,60,66
186,151,37,64
186,152,45,55
186,153,63,47
186,154,60,64
186,155,57,49
186,156,51,42
186,157,58,36
186,158,37,48
186,159,77,31
186,160,64,46
186,161,49,41
186,162,53,44
186,163,55,48
186,164,78,40
186,165,47,41
186,166,44,49
186,167,44,35
186,168,42,71
186,169,75,61
186,170,51,39
186,171,50,60
186,172,68,56
186,173,60,53
186,174,49,57
186,175,55,40
186,176,62,27
186,177,46,47
186,178,82,69
186,179,55,68
186,180,44,57
186,181,59,64
186,182,47,50
186,183,60,56
186,184,71,58
186,185,48,27
186,186,56,60
186,187,39,63
186,188,67,78
186,189,66,45
186,190,66,42
186,191,22,50
186,192,55,42
186,193,62,62
186,194,58,45
186,195,61,65
186,196,56,62
187,1,40,30
187,2,45,52
187,3,44,71
187,4,45,41
187,5,39,49
187,6,43,25
187,7,53,58
187,8,43,60
187,9,23,52
187,10,24,58
187,11,33,61
187,12,41,62
187,13,67,48
187,14,48,54
187,15,34,25
187,16,25,28
187,17,62,35
187,18,42,52
187,19,29,58
187,20,54,27
187,21,46,62
187,22,15,63
187,23,46,40
187,24,20,53
187,25,46,42
187,26,34,46
187,27,29,71
187,28,65,39
187,29,52,39
187,30,33,35
187,31,35,75
187,32,53,49
187,33,39,55
187,34,41,41
187,35,48,51
187,36,50,41
187,37,56,43
187,38,59,77
187,39,45,44
187,40,15,66
187,41,26,58
187,42,43,68
187,43,65,14
187,44,54,32
187,45,39,50
187,46,49,33
187,47,34,42
187,48,60,18
187,49,55,67
187,50,54,51
187,51,31,38
187,52,47,64
187,53,27,50
187,54,39,56
187,55,61,74
187,56,60,78
187,57,28,46
187,58,38,36
187,59,36,44
187,60,56,37
187,61,49,71
187,62,57,55
187,63,52,61
187,64,29,39
187,65,35,45
187,66,41,33
187,67,27,55
187,68,39,47
187,69,68,79
187,70,36,70
187,71,62,44
187,72,34,51
187,73,41,68
187,74,62,36
187,75,27,62
187,76,33,19
187,77,57,54
187,78,53,35
187,79,37,67
187,80,51,80
187,81,45,76
187,82,34,48
187,83,59,67
187,84,40,58
187,85,41,16
187,86,73,35
187,87,57,68
187,88,70,51
187,89,60,68
187,90,47,48
187,91,44,47
187,92,50,27
187,93,80,25
187,94,45,63
187,95,48,53
187,96,62,60
187,97,76,51
187,98,76,61
187,99,63,38
187,100,57,48
187,101,39,34
187,102,73,55
187,103,52,51
187,104,24,45
187,105,52,36
187,106,47,58
187,107,64,44
187,108,46,67
187,109,43,47
187,110,54,42
187,111,48,43
187,112,47,54
187,113,53,51
187,114,32,40
187,115,55,55
187,116,41,30
187,117,62,38
187,118,35,50
187,119,39,26
187,120,56,41
187,121,60,41
187,122,59,49
187,123,52,67
187,124,55,74
187,125,37,59
187,126,68,55
187,127,43,45
187,128,65,27
187,129,40,38
187,130,52,50
187,131,49,49
187,132,53,30
187,133,72,53
187,134,40,46
187,135,49,38
187,136,51,59
187,137,61,62
187,138,53,54
187,139,40,79
187,140,29,55
187,141,56,21
187,142,44,50
187,143,40,76
187,144,51,50
187,145,63,31
187,146,60,51
187,147,76,43
187,148,55,59
187,149,57,40
187,150,61,67
187,151,38,64
187,152,44,54
187,153,62,47
187,154,59,65
187,155,58,48
187,156,51,43
187,157,57,37
187,158,37,47
187,159,76,30
187,160,65,45
187,161,50,40
187,162,53,45
187,163,55,47
187,164,78,39
187,165,48,40
187,166,43,48
187,167,43,34
187,168,42,72
187,169,76,60
187,170,51,38
187,171,50,61
187,172,67,56
187,173,61,54
187,174,50,56
187,175,55,41
187,176,63,28
187,177,47,47
187,178,81,70
187,179,56,67
187,180,43,57
187,181,58,64
187,182,46,50
187,183,61,55
187,184,70,59
187,185,48,28
187,186,57,61
187,187,40,63
187,188,68,78
187,189,65,44
187,190,67,43
187,191,21,51
187,192,55,43
187,193,62,63
187,194,57,46
187,195,60,66
187,196,56,63
188,1,39,31
188,2,46,53
188,3,45,72
188,4,44,41
188,5,38,50
188,6,44,24
188,7,54,59
188,8,43,61
188,9,24,52
188,10,25,59
188,11,32,62
188,12,40,61
188,13,67,49
188,14,47,55
188,15,33,26
188,16,26,28
188,17,63,35
188,18,43,51
188,19,30,57
188,20,53,28
188,21,47,63
188,22,14,64
188,23,45,41
188,24,20,54
188,25,47,42
188,26,33,47
188,27,28,71
188,28,64,39
188,29,53,40
188,30,34,35
188,31,34,76
188,32,53,50
188,33,39,54
188,34,40,42
188,35,47,51
188,36,49,42
188,37,57,44
188,38,58,77
188,39,46,44
188,40,16,66
188,41,27,59
188,42,43,69
188,43,65,15
188,44,53,33
188,45,38,49
188,46,48,32
188,47,35,43
188,48,61,18
188,49,55,68
188,50,55,50
188,51,32,38
188,52,46,63
188,53,26,49
188,54,38,57
188,55,60,75
188,56,61,79
188,57,27,47
188,58,39,37
188,59,36,45
188,60,56,36
188,61,49,72
188,62,58,56
188,63,53,61
188,64,30,40
188,65,34,45
188,66,40,33
188,67,27,54
188,68,38,46
188,69,67,79
188,70,35,70
188,71,62,43
188,72,34,50
188,73,40,69
188,74,62,37
188,75,28,63
188,76,33,20
188,77,57,53
188,78,52,35
188,79,36,68
188,80,52,80
188,81,46,77
188,82,33,48
188,83,58,68
188,84,39,57
188,85,42,17
188,86,73,34
188,87,57,67
188,88,69,52
188,89,59,67
188,90,48,47
188,91,45,46
188,92,49,26
188,93,80,26
188,94,46,64
188,95,47,53
188,96,62,59
188,97,77,50
188,98,76,62
188,99,62,39
188,100,58,47
188,101,38,34
188,102,72,56
188,103,51,52
188,104,23,45
188,105,51,35
188,106,46,59
188,107,63,45
188,108,47,66
188,109,42,47
188,110,55,42
188,111,47,44
188,112,48,55
188,113,54,50
188,114,31,40
188,115,56,55
188,116,41,29
188,117,63,37
188,118,34,51
188,119,39,25
188,120,55,40
188,121,59,41
188,122,60,49
188,123,53,67
188,124,54,74
188,125,36,60
188,126,67,54
188,127,43,46
188,128,64,26
188,129,40,39
188,130,53,49
188,131,49,50
188,132,53,29
188,133,73,52
188,134,40,47
188,135,50,38
188,136,51,58
188,137,60,61
188,138,54,54
188,139,41,79
188,140,29,56
188,141,56,22
188,142,45,49
188,143,41,77
188,144,52,51
188,145,64,32
188,146,61,52
188,147,75,42
188,148,55,58
188,149,57,39
188,150,62,68
188,151,37,63
188,152,45,53
188,153,61,48
188,154,59,66
188,155,58,49
188,156,52,44
188,157,56,37
188,158,38,48
188,159,76,29
188,160,66,45
188,161,49,41
188,162,54,44
188,163,55,46
188,164,77,40
188,165,47,41
188,166,43,49
188,167,42,35
188,168,43,71
188,169,75,61
188,170,52,39
188,171,49,60
188,172,67,57
188,173,62,54
188,174,51,56
188,175,56,40
188,176,64,28
188,177,46,47
188,178,80,71
188,179,57,66
188,180,42,57
188,181,58,65
188,182,47,50
188,183,62,55
188,184,70,60
188,185,49,28
188,186,58,60
188,187,40,64
188,188,68,77
188,189,64,44
188,190,66,44
188,191,20,52
188,192,56,42
188,193,63,64
188,194,57,47
188,195,60,65
188,196,55,64
189,1,39,30
189,2,47,54
189,3,46,73
189,4,45,42
189,5,39,49
189,6,45,24
189,7,53,60
189,8,44,62
189,9,23,53
189,10,26,60
189,11,31,62
189,12,41,60
189,13,68,49
189,14,46,55
189,15,33,27
189,16,25,28
189,17,63,36
189,18,42,52
189,19,30,58
189,20,52,27
189,21,47,62
189,22,13,65
189,23,45,40
189,24,19,55
189,25,46,41
189,26,32,46
189,27,28,70
189,28,64,40
189,29,52,41
189,30,34,34
189,31,34,77
189,32,52,49
189,33,40,53
189,34,41,41
189,35,46,50
189,36,49,43
189,37,58,43
189,38,59,78
189,39,47,43
189,40,17,67
189,41,28,59
189,42,42,69
189,43,64,14
189,44,52,32
189,45,39,50
189,46,47,33
189,47,36,43
189,48,60,17
189,49,54,68
189,50,56,49
189,51,31,37
189,52,47,63
189,53,27,50
189,54,37,58
189,55,59,75
189,56,62,79
189,57,28,47
189,58,38,36
189,59,36,46
189,60,55,35
189,61,49,71
189,62,59,56
189,63,54,62
189,64,29,39
189,65,33,46
189,66,41,33
189,67,27,55
189,68,37,47
189,69,66,78
189,70,36,71
189,71,63,44
189,72,33,49
189,73,40,70
189,74,61,36
189,75,28,64
189,76,34,20
189,77,58,53
189,78,51,34
189,79,36,67
189,80,53,79
189,81,45,77
189,82,32,49
189,83,59,69
189,84,40,57
189,85,42,16
189,86,72,35
189,87,56,68
189,88,68,52
189,89,58,66
189,90,47,47
189,91,46,46
189,92,50,27
189,93,80,27
189,94,47,65
189,95,48,53
189,96,63,58
189,97,78,50
189,98,75,62
189,99,61,40
189,100,59,48
189,101,39,35
189,102,73,57
189,103,50,51
189,104,24,46
189,105,52,36
189,106,45,60
189,107,64,45
189,108,48,66
189,109,42,48
189,110,56,43
189,111,46,43
189,112,49,55
189,113,53,51
189,114,32,39
189,115,55,55
189,116,42,29
189,117,63,38
189,118,34,50
189,119,38,25
189,120,54,41
189,121,60,40
189,122,60,48
189,123,53,66
189,124,55,74
189,125,37,61
189,126,66,55
189,127,42,47
189,128,65,27
189,129,41,38
189,130,52,50
189,131,49,49
189,132,53,28
189,133,72,52
189,134,40,48
189,135,51,39
189,136,50,59
189,137,59,62
189,138,53,53
189,139,41,80
189,140,30,55
189,141,55,22
189,142,46,49
189,143,40,76
189,144,52,52
189,145,65,31
189,146,62,52
189,147,75,43
189,148,56,58
189,149,57,40
189,150,63,69
189,151,38,63
189,152,44,53
189,153,61,47
189,154,59,65
189,155,57,50
189,156,51,45
189,157,57,38
189,158,37,49
189,159,77,30
189,160,65,45
189,161,49,42
189,162,55,43
189,163,56,45
189,164,77,41
189,165,47,42
189,166,44,48
189,167,41,36
189,168,44,70
189,169,75,60
189,170,53,40
189,171,48,59
189,172,67,58
189,173,63,55
189,174,50,55
189,175,57,41
189,176,63,27
189,177,47,48
189,178,79,72
189,179,57,65
189,180,41,56
189,181,58,64
189,182,47,49
189,183,63,54
189,184,69,60
189,185,48,28
189,186,59,59
189,187,40,63
189,188,69,78
189,189,65,44
189,190,66,43
189,191,21,52
189,192,57,42
189,193,64,63
189,194,56,47
189,195,61,66
189,196,56,64
190,1,39,29
190,2,48,54
190,3,45,74
190,4,44,42
190,5,38,50
190,6,44,24
190,7,54,61
190,8,44,61
190,9,22,53
190,10,27,60
190,11,31,61
190,12,42,60
190,13,67,49
190,14,46,56
190,15,34,28
190,16,25,29
190,17,63,35
190,18,43,52
190,19,29,57
190,20,52,26
190,21,48,63
190,22,14,64
190,23,44,39
190,24,20,54
190,25,46,40
190,26,32,45
190,27,27,69
190,28,65,40
190,29,52,42
190,30,35,33
190,31,33,78
190,32,53,49
190,33,41,53
190,34,40,42
190,35,47,50
190,36,50,43
190,37,59,42
190,38,60,78
190,39,46,44
190,40,18,66
190,41,28,58
190,42,42,68
190,43,64,15
190,44,51,33
190,45,38,51
190,46,48,34
190,47,36,44
190,48,61,16
190,49,54,69
190,50,56,48
190,51,30,38
190,52,46,64
190,53,28,49
190,54,36,57
190,55,60,74
190,56,61,80
190,57,28,48
190,58,37,35
190,59,36,47
190,60,54,36
190,61,48,71
190,62,60,56
190,63,55,62
190,64,29,38
190,65,34,46
190,66,41,32
190,67,28,54
190,68,38,47
190,69,65,77
190,70,37,72
190,71,62,45
190,72,33,48
190,73,41,71
190,74,62,35
190,75,29,65
190,76,33,19
190,77,59,54
190,78,50,33
190,79,35,66
190,80,54,80
190,81,45,78
190,82,32,48
190,83,59,70
190,84,39,58
190,85,41,15
190,86,71,35
190,87,55,69
190,88,67,51
190,89,57,67
190,90,48,48
190,91,45,47
190,92,49,28
190,93,80,28
190,94,47,64
190,95,47,53
190,96,63,59
190,97,78,49
190,98,76,61
190,99,61,41
190,100,60,49
190,101,38,35
190,102,72,57
190,103,51,52
190,104,24,45
190,105,52,37
190,106,45,61
190,107,65,46
190,108,47,65
190,109,41,48
190,110,56,42
190,111,45,44
190,112,50,54
190,113,54,50
190,114,31,39
190,115,55,56
190,116,41,29
190,117,63,37
190,118,34,49
190,119,39,26
190,120,54,40
190,121,61,39
190,122,60,47
190,123,52,67
190,124,56,74
190,125,36,60
190,126,65,55
190,127,42,46
190,128,66,27
190,129,42,38
190,130,53,51
190,131,49,50
190,132,53,27
190,133,71,51
190,134,40,49
190,135,52,38
190,136,50,60
190,137,60,62
190,138,54,52
190,139,40,79
190,140,31,55
190,141,56,22
190,142,45,48
190,143,40,75
190,144,53,52
190,145,66,32
190,146,63,53
190,147,75,42
190,148,56,59
190,149,57,39
190,150,64,70
190,151,38,62
190,152,43,54
190,153,60,48
190,154,59,66
190,155,56,49
190,156,50,45
190,157,56,37
190,158,36,50
190,159,76,29
190,160,66,46
190,161,48,42
190,162,54,43
190,163,57,45
190,164,76,42
190,165,47,41
190,166,45,49
190,167,42,37
190,168,43,69
190,169,74,60
190,170,54,39
190,171,47,60
190,172,68,59
190,173,63,56
190,174,51,55
190,175,57,40
190,176,62,27
190,177,48,49
190,178,80,73
190,179,56,65
190,180,40,55
190,181,58,63
190,182,48,50
190,183,63,55
190,184,69,61
190,185,49,29
190,186,60,60
190,187,40,62
190,188,70,77
190,189,66,44
190,190,65,42
190,191,20,52
190,192,58,42
190,193,63,62
190,194,57,48
190,195,62,65
190,196,57,63
191,1,40,30
191,2,47,54
191,3,45,75
191,4,43,41
191,5,39,51
191,6,43,24
191,7,54,60
191,8,43,61
191,9,22,52
191,10,26,59
191,11,31,62
191,12,42,59
191,13,66,49
191,14,45,56
191,15,33,28
191,16,26,28
191,17,63,34
191,18,43,51
191,19,30,56
191,20,53,25
191,21,47,62
191,22,15,65
191,23,45,39
191,24,19,55
191,25,46,39
191,26,31,46
191,27,26,69
191,28,66,39
191,29,53,43
191,30,34,33
191,31,33,77
191,32,53,50
191,33,40,53
191,34,41,43
191,35,47,49
191,36,51,43
191,37,60,43
191,38,59,79
191,39,47,44
191,40,19,65
191,41,29,58
191,42,41,68
191,43,63,15
191,44,52,33
191,45,39,50
191,46,49,34
191,47,37,43
191,48,62,17
191,49,53,70
191,50,55,47
191,51,31,37
191,52,46,65
191,53,29,50
191,54,36,58
191,55,61,74
191,56,62,80
191,57,28,47
191,58,37,34
191,59,37,48
191,60,54,35
191,61,49,71
191,62,59,55
191,63,54,61
191,64,29,37
191,65,33,45
191,66,42,31
191,67,29,53
191,68,39,47
191,69,64,76
191,70,36,72
191,71,63,44
191,72,33,49
191,73,41,70
191,74,63,36
191,75,30,65
191,76,32,19
191,77,60,53
191,78,51,33
191,79,34,66
191,80,53,81
191,81,45,79
191,82,31,49
191,83,58,70
191,84,39,57
191,85,41,16
191,86,70,36
191,87,56,68
191,88,66,52
191,89,57,68
191,90,47,47
191,91,46,48
191,92,49,27
191,93,81,27
191,94,48,65
191,95,46,52
191,96,62,59
191,97,77,48
191,98,75,61
191,99,61,40
191,100,61,50
191,101,39,34
191,102,73,57
191,103,51,51
191,104,25,45
191,105,51,38
191,106,44,60
191,107,65,45
191,108,47,64
191,109,42,48
191,110,57,41
191,111,46,45
191,112,49,53
191,113,54,49
191,114,30,39
191,115,54,55
191,116,42,29
191,117,62,36
191,118,34,50
191,119,40,27
191,120,53,39
191,121,62,40
191,122,60,46
191,123,53,67
191,124,55,74
191,125,35,61
191,126,66,56
191,127,43,45
191,128,65,27
191,129,43,37
191,130,54,51
191,131,50,50
191,132,53,28
191,133,72,50
191,134,39,48
191,135,51,39
191,136,49,60
191,137,61,61
191,138,55,51
191,139,39,78
191,140,32,56
191,141,55,23
191,142,46,47
191,143,39,76
191,144,52,53
191,145,65,33
191,146,64,54
191,147,74,42
191,148,56,60
191,149,56,38
191,150,65,70
191,151,39,62
191,152,44,54
191,153,61,49
191,154,59,67
191,155,55,50
191,156,51,44
191,157,57,37
191,158,37,51
191,159,77,29
191,160,66,47
191,161,47,43
191,162,55,44
191,163,57,44
191,164,75,42
191,165,46,40
191,166,45,48
191,167,42,36
191,168,44,68
191,169,73,59
191,170,55,38
191,171,46,59
191,172,68,60
191,173,62,56
191,174,50,55
191,175,58,40
191,176,62,26
191,177,49,50
191,178,81,74
191,179,57,64
191,180,41,55
191,181,59,62
191,182,48,49
191,183,63,54
191,184,68,61
191,185,48,28
191,186,59,61
191,187,39,61
191,188,69,77
191,189,67,45
191,190,65,43
191,191,19,51
191,192,59,43
191,193,64,63
191,194,56,49
191,195,63,64
191,196,58,63
192,1,41,29
192,2,48,53
192,3,44,75
192,4,44,42
192,5,40,50
192,6,43,23
192,7,55,59
192,8,42,60
192,9,23,52
192,10,26,58
192,11,32,62
192,12,43,58
192,13,67,49
192,14,44,57
192,15,33,29
192,16,25,28
192,17,63,33
192,18,42,51
192,19,30,55
192,20,52,25
192,21,48,63
192,22,16,65
192,23,46,38
192,24,20,56
192,25,45,39
192,26,31,47
192,27,26,70
192,28,66,38
192,29,54,42
192,30,33,33
192,31,34,77
192,32,52,49
192,33,41,53
192,34,40,44
192,35,47,50
192,36,50,42
192,37,60,42
192,38,60,80
192,39,48,43
192,40,18,64
192,41,30,57
192,42,42,67
192,43,64,15
192,44,52,32
192,45,40,49
192,46,49,33
192,47,36,44
192,48,61,18
192,49,54,69
192,50,55,48
192,51,31,36
192,52,45,66
192,53,30,50
192,54,37,57
192,55,62,73
192,56,61,79
192,57,27,48
192,58,36,33
192,59,37,49
192,60,55,34
192,61,49,70
192,62,60,55
192,63,53,62
192,64,28,37
192,65,33,44
192,66,43,30
192,67,30,54
192,68,40,46
192,69,65,75
192,70,35,71
192,71,64,45
192,72,34,48
192,73,42,69
192,74,62,37
192,75,29,66
192,76,33,20
192,77,61,52
192,78,50,32
192,79,33,67
192,80,52,80
192,81,45,78
192,82,30,49
192,83,58,69
192,84,40,56
192,85,42,17
192,86,71,35
192,87,57,69
192,88,65,52
192,89,57,67
192,90,48,47
192,91,45,47
192,92,48,27
192,93,81,26
192,94,48,66
192,95,47,53
192,96,63,58
192,97,76,48
192,98,76,61
192,99,60,39
192,100,60,51
192,101,38,33
192,102,73,56
192,103,51,52
192,104,26,46
192,105,52,39
192,106,44,59
192,107,64,46
192,108,46,63
192,109,43,49
192,110,56,42
192,111,47,44
192,112,50,54
192,113,54,50
192,114,31,40
192,115,53,54
192,116,43,29
192,117,61,36
192,118,34,49
192,119,41,26
192,120,53,40
192,121,61,39
192,122,61,46
192,123,52,67
192,124,56,73
192,125,35,60
192,126,67,57
192,127,42,46
192,128,66,26
192,129,43,36
192,130,53,51
192,131,50,51
192,132,52,29
192,133,71,49
192,134,40,47
192,135,50,40
192,136,48,61
192,137,62,60
192,138,56,51
192,139,38,79
192,140,31,57
192,141,54,22
192,142,46,46
192,143,38,76
192,144,51,53
192,145,66,32
192,146,63,53
192,147,73,42
192,148,57,61
192,149,56,39
192,150,66,69
192,151,39,63
192,152,43,53
192,153,60,50
192,154,60,66
192,155,54,51
192,156,50,43
192,157,58,36
192,158,38,52
192,159,77,30
192,160,65,48
192,161,46,44
192,162,55,43
192,163,56,44
192,164,76,41
192,165,45,40
192,166,46,48
192,167,43,35
192,168,43,67
192,169,72,58
192,170,56,38
192,171,46,58
192,172,69,59
192,173,61,56
192,174,49,55
192,175,59,41
192,176,63,26
192,177,48,51
192,178,80,73
192,179,56,65
192,180,42,54
192,181,60,61
192,182,48,50
192,183,62,54
192,184,69,62
192,185,49,29
192,186,58,61
192,187,39,62
192,188,68,76
192,189,68,45
192,190,64,44
192,191,18,50
192,192,58,44
192,193,64,62
192,194,57,48
192,195,63,65
192,196,58,62
193,1,42,29
193,2,47,52
193,3,45,76
193,4,45,42
193,5,41,49
193,6,42,22
193,7,56,58
193,8,43,61
193,9,22,51
193,10,27,59
193,11,33,63
193,12,42,57
193,13,66,50
193,14,45,58
193,15,34,29
193,16,26,27
193,17,63,32
193,18,43,50
193,19,29,56
193,20,52,24
193,21,49,63
193,22,16,64
193,23,47,39
193,24,19,55
193,25,46,39
193,26,32,46
193,27,27,69
193,28,65,39
193,29,54,41
193,30,34,34
193,31,33,77
193,32,52,50
193,33,42,53
193,34,41,44
193,35,46,49
193,36,51,42
193,37,61,42
193,38,60,79
193,39,49,42
193,40,18,65
193,41,29,58
193,42,41,66
193,43,64,16
193,44,51,32
193,45,39,48
193,46,48,32
193,47,35,43
193,48,62,18
193,49,53,69
193,50,54,48
193,51,30,36
193,52,46,67
193,53,31,50
193,54,36,58
193,55,61,73
193,56,62,79
193,57,28,49
193,58,37,32
193,59,36,48
193,60,54,34
193,61,48,69
193,62,61,54
193,63,53,61
193,64,29,37
193,65,32,44
193,66,42,31
193,67,31,55
193,68,39,45
193,69,65,76
193,70,36,72
193,71,65,46
193,72,35,47
193,73,42,68
193,74,63,38
193,75,30,67
193,76,32,20
193,77,62,51
193,78,50,33
193,79,34,66
193,80,53,81
193,81,46,78
193,82,31,48
193,83,59,68
193,84,41,55
193,85,43,16
193,86,70,35
193,87,56,69
193,88,64,53
193,89,58,67
193,90,49,46
193,91,45,48
193,92,48,26
193,93,80,27
193,94,49,65
193,95,48,53
193,96,62,59
193,97,75,48
193,98,77,60
193,99,59,39
193,100,61,50
193,101,38,34
193,102,73,57
193,103,52,53
193,104,26,47
193,105,52,40
193,106,44,60
193,107,63,47
193,108,47,62
193,109,44,49
193,110,57,43
193,111,46,43
193,112,49,53
193,113,53,49
193,114,32,41
193,115,52,55
193,116,44,30
193,117,62,35
193,118,35,48
193,119,40,27
193,120,52,41
193,121,60,38
193,122,61,45
193,123,53,66
193,124,55,74
193,125,35,61
193,126,68,57
193,127,42,47
193,128,67,25
193,129,43,37
193,130,52,51
193,131,51,52
193,132,53,29
193,133,72,48
193,134,41,48
193,135,49,39
193,136,47,61
193,137,62,61
193,138,55,52
193,139,37,80
193,140,30,58
193,141,55,22
193,142,45,47
193,143,37,77
193,144,51,54
193,145,67,31
193,146,64,52
193,147,72,43
193,148,57,62
193,149,57,39
193,150,65,70
193,151,38,62
193,152,44,52
193,153,59,51
193,154,59,66
193,155,53,52
193,156,50,44
193,157,59,36
193,158,39,51
193,159,78,29
193,160,64,48
193,161,47,44
193,162,54,44
193,163,57,44
193,164,77,40
193,165,44,41
193,166,47,47
193,167,43,34
193,168,42,67
193,169,71,59
193,170,56,39
193,171,46,59
193,172,68,59
193,173,61,55
193,174,49,54
193,175,58,40
193,176,64,26
193,177,49,52
193,178,79,74
193,179,57,65
193,180,43,54
193,181,59,62
193,182,49,49
193,183,62,53
193,184,69,61
193,185,50,30
193,186,57,61
193,187,40,62
193,188,68,75
193,189,69,46
193,190,64,43
193,191,19,51
193,192,59,45
193,193,65,61
193,194,56,49
193,195,63,66
193,196,59,63
194,1,41,28
194,2,46,51
194,3,46,76
194,4,45,41
194,5,40,50
194,6,43,23
194,7,56,59
194,8,44,62
194,9,21,51
194,10,26,58
194,11,33,62
194,12,43,57
194,13,67,50
194,14,46,58
194,15,35,28
194,16,27,27
194,17,63,31
194,18,44,50
194,19,30,57
194,20,51,25
194,21,49,64
194,22,17,65
194,23,48,38
194,24,18,55
194,25,45,39
194,26,33,45
194,27,28,68
194,28,64,39
194,29,55,42
194,30,35,35
194,31,34,78
194,32,51,50
194,33,41,54
194,34,41,43
194,35,47,49
194,36,52,42
194,37,62,42
194,38,61,80
194,39,48,41
194,40,19,65
194,41,28,58
194,42,41,67
194,43,64,17
194,44,50,32
194,45,38,47
194,46,47,31
194,47,34,42
194,48,61,18
194,49,53,68
194,50,55,47
194,51,31,37
194,52,45,68
194,53,31,51
194,54,36,57
194,55,61,72
194,56,62,80
194,57,28,48
194,58,38,31
194,59,36,47
194,60,55,34
194,61,49,70
194,62,60,53
194,63,52,62
194,64,28,36
194,65,31,43
194,66,43,30
194,67,32,54
194,68,40,45
194,69,66,75
194,70,37,73
194,71,64,46
194,72,34,46
194,73,43,69
194,74,63,39
194,75,29,68
194,76,32,21
194,77,62,52
194,78,49,33
194,79,34,67
194,80,53,82
194,81,46,79
194,82,32,47
194,83,60,69
194,84,40,56
194,85,42,15
194,86,70,34
194,87,56,68
194,88,64,54
194,89,57,68
194,90,50,47
194,91,46,48
194,92,49,26
194,93,79,26
194,94,48,66
194,95,47,54
194,96,63,60
194,97,75,47
194,98,76,61
194,99,59,38
194,100,61,51
194,101,39,35
194,102,73,58
194,103,51,53
194,104,26,46
194,105,52,39
194,106,45,60
194,107,62,48
194,108,48,62
194,109,43,50
194,110,58,43
194,111,47,43
194,112,50,54
194,113,54,50
194,114,33,42
194,115,52,56
194,116,45,30
194,117,63,34
194,118,36,49
194,119,40,26
194,120,51,42
194,121,59,39
194,122,61,46
194,123,52,66
194,124,56,75
194,125,36,62
194,126,69,57
194,127,42,48
194,128,68,25
194,129,44,37
194,130,52,50
194,131,50,51
194,132,54,28
194,133,73,47
194,134,42,47
194,135,49,40
194,136,48,60
194,137,62,62
194,138,55,51
194,139,37,79
194,140,29,59
194,141,56,21
194,142,46,47
194,143,38,77
194,144,52,55
194,145,66,31
194,146,65,53
194,147,73,44
194,148,58,62
194,149,56,38
194,150,66,69
194,151,38,63
194,152,43,53
194,153,60,50
194,154,58,66
194,155,54,51
194,156,50,45
194,157,59,37
194,158,40,51
194,159,77,28
194,160,64,49
194,161,46,44
194,162,54,45
194,163,56,45
194,164,78,41
194,165,44,42
194,166,48,46
194,167,44,34
194,168,43,66
194,169,72,60
194,170,55,39
194,171,47,60
194,172,68,58
194,173,61,54
194,174,48,53
194,175,58,39
194,176,65,27
194,177,48,51
194,178,78,73
194,179,56,65
194,180,44,53
194,181,60,63
194,182,48,49
194,183,61,52
194,184,69,60
194,185,51,30
194,186,57,62
194,187,41,63
194,188,67,74
194,189,70,47
194,190,63,44
194,191,19,50
194,192,59,44
194,193,64,61
194,194,55,50
194,195,63,67
194,196,58,64
195,1,42,29
195,2,46,50
195,3,45,76
195,4,44,41
195,5,41,51
195,6,43,24
195,7,55,59
195,8,45,62
195,9,20,50
195,10,25,58
195,11,34,63
195,12,42,57
195,13,68,49
195,14,47,57
195,15,36,29
195,16,26,27
195,17,62,30
195,18,45,51
195,19,29,56
195,20,52,24
195,21,50,65
195,22,18,66
195,23,47,37
195,24,17,56
195,25,44,38
195,26,32,45
195,27,27,68
195,28,64,40
195,29,56,42
195,30,34,36
195,31,34,77
195,32,50,50
195,33,42,53
195,34,40,44
195,35,47,48
195,36,52,41
195,37,61,41
195,38,60,81
195,39,47,40
195,40,20,65
195,41,27,58
195,42,42,67
195,43,64,16
195,44,49,32
195,45,37,48
195,46,46,31
195,47,35,43
195,48,61,19
195,49,52,67
195,50,55,48
195,51,30,37
195,52,44,67
195,53,30,52
195,54,35,56
195,55,62,73
195,56,62,79
195,57,27,47
195,58,37,31
195,59,36,48
195,60,55,33
195,61,49,71
195,62,60,54
195,63,52,61
195,64,28,37
195,65,30,42
195,66,44,31
195,67,32,53
195,68,41,46
195,69,65,76
195,70,37,72
195,71,65,45
195,72,35,47
195,73,42,68
195,74,63,38
195,75,28,68
195,76,31,20
195,77,63,51
195,78,50,32
195,79,34,68
195,80,54,81
195,81,46,80
195,82,31,48
195,83,61,69
195,84,41,56
195,85,42,16
195,86,71,33
195,87,55,68
195,88,64,53
195,89,57,69
195,90,49,48
195,91,45,48
195,92,48,27
195,93,80,27
195,94,48,67
195,95,48,55
195,96,62,61
195,97,76,46
195,98,75,61
195,99,60,37
195,100,62,51
195,101,38,36
195,102,74,57
195,103,52,54
195,104,25,45
195,105,52,38
195,106,45,61
195,107,61,48
195,108,49,63
195,109,44,49
195,110,57,44
195,111,46,42
195,112,51,53
195,113,53,49
195,114,34,42
195,115,52,57
195,116,44,29
195,117,62,33
195,118,37,49
195,119,41,25
195,120,50,41
195,121,58,40
195,122,61,47
195,123,53,67
195,124,57,75
195,125,36,63
195,126,70,56
195,127,42,49
195,128,67,26
195,129,45,37
195,130,51,51
195,131,50,52
195,132,55,27
195,133,72,46
195,134,41,47
195,135,48,39
195,136,49,60
195,137,61,61
195,138,54,52
195,139,36,78
195,140,30,60
195,141,57,22
195,142,47,46
195,143,39,76
195,144,52,56
195,145,67,31
195,146,64,52
195,147,72,43
195,148,58,61
195,149,57,38
195,150,65,69
195,151,39,62
195,152,43,52
195,153,59,49
195,154,57,67
195,155,53,50
195,156,51,46
195,157,59,36
195,158,39,52
195,159,76,29
195,160,63,49
195,161,46,43
195,162,55,45
195,163,56,44
195,164,77,40
195,165,44,43
195,166,49,45
195,167,43,34
195,168,42,66
195,169,71,61
195,170,55,38
195,171,48,59
195,172,68,57
195,173,61,55
195,174,47,52
195,175,57,40
195,176,66,28
195,177,49,52
195,178,77,72
195,179,57,65
195,180,45,52
195,181,59,63
195,182,48,50
195,183,61,51
195,184,68,61
195,185,51,29
195,186,58,63
195,187,40,63
195,188,68,75
195,189,69,47
195,190,62,43
195,191,20,51
195,192,60,43
195,193,65,60
195,194,54,49
195,195,64,67
195,196,58,65
196,1,41,29
196,2,45,50
196,3,44,75
196,4,45,41
196,5,42,50
196,6,43,23
196,7,55,60
196,8,44,63
196,9,21,49
196,10,25,57
196,11,35,64
196,12,43,56
196,13,67,49
196,14,46,56
196,15,36,30
196,16,26,28
196,17,61,30
196,18,44,51
196,19,30,55
196,20,51,25
196,21,50,64
196,22,18,67
196,23,47,36
196,24,17,55
196,25,43,39
196,26,33,46
196,27,26,68
196,28,65,41
196,29,55,43
196,30,34,37
196,31,33,77
196,32,50,51
196,33,43,53
196,34,41,43
196,35,47,49
196,36,51,41
196,37,62,40
196,38,60,80
196,39,48,40
196,40,20,66
196,41,27,57
196,42,43,66
196,43,63,16
196,44,49,31
196,45,36,49
196,46,46,32
196,47,36,42
196,48,62,20
196,49,52,68
196,50,54,47
196,51,31,37
196,52,45,67
196,53,31,53
196,54,35,57
196,55,63,72
196,56,61,79
196,57,28,46
196,58,38,31
196,59,37,48
196,60,54,33
196,61,49,72
196,62,59,53
196,63,52,60
196,64,27,37
196,65,31,41
196,66,44,32
196,67,33,52
196,68,41,45
196,69,65,77
196,70,38,73
196,71,64,46
196,72,36,46
196,73,43,67
196,74,64,39
196,75,27,68
196,76,32,21
196,77,62,52
196,78,51,32
196,79,35,67
196,80,55,81
196,81,45,79
196,82,32,48
196,83,60,68
196,84,40,56
196,85,43,15
196,86,72,32
196,87,56,69
196,88,65,54
196,89,57,70
196,90,50,49
196,91,44,48
196,92,47,28
196,93,79,28
196,94,49,68
196,95,47,55
196,96,61,60
196,97,76,47
196,98,74,61
196,99,59,37
196,100,62,50
196,101,39,36
196,102,73,58
196,103,51,54
196,104,26,46
196,105,53,38
196,106,45,62
196,107,62,48
196,108,48,64
196,109,45,49
196,110,58,44
196,111,47,42
196,112,52,52
196,113,52,50
196,114,34,41
196,115,53,56
196,116,45,29
196,117,62,32
196,118,38,48
196,119,42,24
196,120,51,40
196,121,58,39
196,122,61,46
196,123,53,68
196,124,56,76
196,125,36,62
196,126,71,56
196,127,43,49
196,128,68,25
196,129,44,38
196,130,51,50
196,131,51,52
196,132,54,27
196,133,73,45
196,134,42,47
196,135,47,40
196,136,49,61
196,137,62,62
196,138,54,51
196,139,35,78
196,140,30,59
196,141,58,23
196,142,46,47
196,143,38,77
196,144,53,55
196,145,68,31
196,146,64,51
196,147,71,44
196,148,59,62
196,149,57,37
196,150,64,70
196,151,38,62
196,152,44,52
196,153,58,48
196,154,56,66
196,155,53,51
196,156,52,47
196,157,60,37
196,158,40,52
196,159,77,30
196,160,64,50
196,161,46,44
196,162,56,46
196,163,56,45
196,164,76,40
196,165,45,44
196,166,49,46
196,167,44,34
196,168,41,65
196,169,72,62
196,170,55,39
196,171,49,60
196,172,67,57
196,173,61,54
196,174,46,51
196,175,57,41
196,176,66,29
196,177,49,51
196,178,77,73
196,179,56,65
196,180,44,53
196,181,59,64
196,182,48,51
196,183,60,52
196,184,69,60
196,185,50,28
196,186,57,63
196,187,40,64
196,188,69,76
196,189,68,47
196,190,62,42
196,191,19,51
196,192,60,44
196,193,64,59
196,194,53,50
196,195,64,68
196,196,57,65
197,1,42,28
197,2,44,49
197,3,45,75
197,4,46,41
197,5,41,51
197,6,44,22
197,7,55,59
197,8,44,64
197,9,20,48
197,10,26,57
197,11,34,65
197,12,44,57
197,13,67,48
197,14,45,55
197,15,35,30
197,16,25,29
197,17,61,31
197,18,43,52
197,19,29,54
197,20,52,26
197,21,50,65
197,22,18,68
197,23,47,35
197,24,18,54
197,25,43,38
197,26,32,47
197,27,27,67
197,28,66,42
197,29,56,42
197,30,35,38
197,31,33,76
197,32,50,52
197,33,43,54
197,34,41,42
197,35,48,49
197,36,52,40
197,37,63,39
197,38,59,80
197,39,48,41
197,40,21,65
197,41,28,56
197,42,44,65
197,43,63,15
197,44,50,31
197,45,37,50
197,46,47,33
197,47,36,43
197,48,62,19
197,49,51,67
197,50,53,48
197,51,30,38
197,52,44,67
197,53,31,54
197,54,34,56
197,55,64,71
197,56,62,78
197,57,29,47
197,58,39,31
197,59,36,49
197,60,54,34
197,61,48,71
197,62,60,54
197,63,51,59
197,64,28,38
197,65,30,41
197,66,45,33
197,67,33,53
197,68,42,44
197,69,66,77
197,70,37,72
197,71,65,47
197,72,37,45
197,73,44,66
197,74,65,40
197,75,28,67
197,76,33,22
197,77,62,51
197,78,52,31
197,79,35,66
197,80,54,82
197,81,46,80
197,82,31,47
197,83,59,67
197,84,40,57
197,85,43,14
197,86,71,32
197,87,56,68
197,88,65,55
197,89,58,69
197,90,51,48
197,91,43,47
197,92,46,28
197,93,78,29
197,94,49,67
197,95,46,56
197,96,60,60
197,97,76,46
197,98,75,60
197,99,59,38
197,100,61,51
197,101,39,37
197,102,72,58
197,103,50,53
197,104,25,47
197,105,52,38
197,106,44,61
197,107,62,47
197,108,47,64
197,109,46,48
197,110,57,43
197,111,46,42
197,112,52,51
197,113,51,49
197,114,35,42
197,115,53,57
197,116,44,30
197,117,63,33
197,118,39,47
197,119,42,25
197,120,50,40
197,121,57,40
197,122,60,46
197,123,54,69
197,124,55,75
197,125,35,63
197,126,72,55
197,127,43,50
197,128,69,25
197,129,43,37
197,130,52,50
197,131,51,51
197,132,55,27
197,133,72,46
197,134,41,46
197,135,48,40
197,136,50,61
197,137,61,61
197,138,53,52
197,139,36,77
197,140,29,60
197,141,57,23
197,142,47,47
197,143,38,78
197,144,53,56
197,145,69,31
197,146,63,52
197,147,71,45
197,148,60,61
197,149,57,36
197,150,65,71
197,151,38,63
197,152,43,53
197,153,58,49
197,154,55,65
197,155,54,52
197,156,53,46
197,157,61,37
197,158,40,51
197,159,76,31
197,160,65,49
197,161,47,44
197,162,57,47
197,163,57,45
197,164,75,39
197,165,46,45
197,166,50,46
197,167,45,34
197,168,41,64
197,169,71,62
197,170,56,40
197,171,48,61
197,172,67,56
197,173,62,53
197,174,45,51
197,175,58,42
197,176,65,30
197,177,50,51
197,178,78,73
197,179,56,64
197,180,45,52
197,181,60,63
197,182,48,52
197,183,59,52
197,184,68,61
197,185,51,29
197,186,56,63
197,187,41,65
197,188,70,75
197,189,67,47
197,190,63,41
197,191,20,51
197,192,61,43
197,193,63,60
197,194,54,51
197,195,64,67
197,196,56,66
198,1,43,27
198,2,44,48
198,3,46,76
198,4,47,40
198,5,40,50
198,6,43,22
198,7,56,60
198,8,45,65
198,9,19,47
198,10,25,57
198,11,33,65
198,12,44,56
198,13,68,49
198,14,45,54
198,15,36,29
198,16,24,30
198,17,60,32
198,18,44,53
198,19,28,53
198,20,52,25
198,21,51,66
198,22,19,69
198,23,48,34
198,24,18,53
198,25,44,39
198,26,32,46
198,27,28,68
198,28,65,42
198,29,57,41
198,30,36,37
198,31,32,76
198,32,51,52
198,33,44,55
198,34,40,41
198,35,48,48
198,36,52,41
198,37,62,40
198,38,59,79
198,39,47,41
198,40,22,65
198,41,28,57
198,42,44,64
198,43,62,16
198,44,49,30
198,45,36,50
198,46,48,32
198,47,35,43
198,48,62,20
198,49,52,66
198,50,52,49
198,51,29,39
198,52,45,67
198,53,30,55
198,54,34,57
198,55,64,70
198,56,63,78
198,57,28,47
198,58,38,32
198,59,35,48
198,60,54,33
198,61,47,72
198,62,61,54
198,63,52,58
198,64,28,37
198,65,29,42
198,66,44,32
198,67,32,52
198,68,42,45
198,69,66,78
198,70,37,71
198,71,66,46
198,72,36,46
198,73,45,66
198,74,64,41
198,75,28,66
198,76,32,23
198,77,61,52
198,78,53,31
198,79,34,65
198,80,54,81
198,81,45,81
198,82,31,48
198,83,60,68
198,84,41,57
198,85,43,15
198,86,72,31
198,87,55,69
198,88,66,54
198,89,57,68
198,90,50,47
198,91,44,47
198,92,47,27
198,93,77,29
198,94,48,66
198,95,46,57
198,96,59,61
198,97,75,45
198,98,74,60
198,99,60,37
198,100,60,50
198,101,39,38
198,102,71,57
198,103,49,53
198,104,26,48
198,105,53,37
198,106,43,62
198,107,63,48
198,108,46,64
198,109,46,49
198,110,57,44
198,111,45,42
198,112,53,51
198,113,50,50
198,114,36,43
198,115,53,58
198,116,43,31
198,117,64,33
198,118,38,46
198,119,41,26
198,120,49,41
198,121,58,39
198,122,59,47
198,123,53,69
198,124,54,75
198,125,35,64
198,126,71,56
198,127,43,51
198,128,70,26
198,129,42,38
198,130,53,49
198,131,51,50
198,132,56,28
198,133,72,47
198,134,41,47
198,135,48,41
198,136,51,61
198,137,61,62
198,138,54,53
198,139,37,76
198,140,30,59
198,141,57,22
198,142,46,46
198,143,39,79
198,144,52,56
198,145,70,32
198,146,64,52
198,147,70,46
198,148,61,60
198,149,57,37
198,150,66,72
198,151,39,62
198,152,44,54
198,153,58,50
198,154,55,66
198,155,53,53
198,156,52,46
198,157,60,36
198,158,41,51
198,159,76,30
198,160,64,49
198,161,46,44
198,162,56,47
198,163,57,46
198,164,75,40
198,165,45,45
198,166,50,45
198,167,45,33
198,168,40,63
198,169,70,62
198,170,57,40
198,171,48,60
198,172,66,57
198,173,61,53
198,174,46,51
198,175,58,41
198,176,66,30
198,177,51,51
198,178,77,74
198,179,55,64
198,180,44,51
198,181,60,62
198,182,47,52
198,183,60,52
198,184,69,60
198,185,50,29
198,186,55,62
198,187,42,65
198,188,71,76
198,189,68,46
198,190,62,41
198,191,20,50
198,192,60,43
198,193,63,61
198,194,55,52
198,195,65,67
198,196,55,67
199,1,44,28
199,2,43,48
199,3,47,76
199,4,47,39
199,5,39,50
199,6,44,22
199,7,56,61
199,8,46,65
199,9,20,48
199,10,24,58
199,11,32,64
199,12,43,57
199,13,67,50
199,14,46,53
199,15,36,28
199,16,23,31
199,17,59,31
199,18,45,53
199,19,27,52
199,20,53,24
199,21,52,67
199,22,18,68
199,23,48,33
199,24,19,53
199,25,44,40
199,26,32,45
199,27,27,68
199,28,66,42
199,29,57,42
199,30,37,37
199,31,33,77
199,32,50,51
199,33,43,56
199,34,41,42
199,35,49,48
199,36,51,42
199,37,61,39
199,38,59,80
199,39,48,42
199,40,23,66
199,41,27,57
199,42,45,64
199,43,61,17
199,44,48,30
199,45,37,50
199,46,49,33
199,47,35,44
199,48,63,19
199,49,51,66
199,50,52,48
199,51,30,39
199,52,45,68
199,53,29,55
199,54,33,56
199,55,65,69
199,56,62,79
199,57,29,46
199,58,38,33
199,59,35,47
199,60,54,32
199,61,48,71
199,62,60,53
199,63,51,59
199,64,28,36
199,65,30,42
199,66,45,32
199,67,32,53
199,68,41,45
199,69,65,78
199,70,38,71
199,71,67,47
199,72,37,45
199,73,46,66
199,74,64,42
199,75,29,66
199,76,33,22
199,77,62,53
199,78,52,30
199,79,35,66
199,80,55,80
199,81,44,81
199,82,31,49
199,83,59,68
199,84,41,58
199,85,43,14
199,86,71,32
199,87,54,68
199,88,67,55
199,89,56,68
199,90,51,46
199,91,45,48
199,92,48,27
199,93,78,29
199,94,49,66
199,95,46,56
199,96,60,61
199,97,75,44
199,98,75,60
199,99,59,37
199,100,61,51
199,101,39,39
199,102,72,56
199,103,50,54
199,104,27,49
199,105,52,36
199,106,43,61
199,107,63,47
199,108,47,65
199,109,45,49
199,110,56,44
199,111,44,43
199,112,54,51
199,113,49,50
199,114,37,44
199,115,53,57
199,116,44,30
199,117,63,32
199,118,39,45
199,119,40,26
199,120,48,40
199,121,59,38
199,122,58,46
199,123,52,70
199,124,55,75
199,125,35,65
199,126,72,57
199,127,44,52
199,128,70,27
199,129,43,38
199,130,54,49
199,131,52,51
199,132,55,27
199,133,72,46
199,134,42,47
199,135,49,41
199,136,52,60
199,137,61,61
199,138,53,54
199,139,36,77
199,140,31,60
199,141,58,23
199,142,45,47
199,143,38,79
199,144,51,57
199,145,70,33
199,146,63,52
199,147,69,46
199,148,62,60
199,149,56,38
199,150,65,72
199,151,38,63
199,152,44,53
199,153,57,50
199,154,56,65
199,155,54,53
199,156,51,45
199,157,61,35
199,158,40,50
199,159,75,29
199,160,65,48
199,161,45,43
199,162,55,46
199,163,56,46
199,164,75,39
199,165,46,46
199,166,50,44
199,167,46,34
199,168,40,64
199,169,69,63
199,170,58,40
199,171,49,60
199,172,67,58
199,173,61,54
199,174,46,50
199,175,58,42
199,176,65,29
199,177,52,50
199,178,76,74
199,179,55,65
199,180,45,51
199,181,61,63
199,182,47,53
199,183,59,52
199,184,70,60
199,185,51,30
199,186,54,62
199,187,42,64
199,188,71,75
199,189,67,45
199,190,61,41
199,191,21,51
199,192,61,44
199,193,62,61
199,194,54,52
199,195,66,68
199,196,56,67
200,1,45,28
200,2,44,47
200,3,47,75
200,4,47,40
200,5,40,49
200,6,43,22
200,7,55,60
200,8,46,64
200,9,21,47
200,10,23,57
200,11,32,63
200,12,42,56
200,13,68,50
200,14,45,54
200,15,35,27
200,16,23,32
200,17,59,30
200,18,44,54
200,19,28,53
200,20,54,23
200,21,52,66
200,22,19,68
200,23,47,33
200,24,20,53
200,25,44,39
200,26,31,44
200,27,26,67
200,28,67,41
200,29,58,43
200,30,37,36
200,31,33,78
200,32,51,50
200,33,43,55
200,34,41,43
200,35,50,48
200,36,50,41
200,37,60,38
200,38,58,79
200,39,47,43
200,40,24,65
200,41,28,56
200,42,45,65
200,43,60,17
200,44,47,31
200,45,37,49
200,46,49,34
200,47,34,45
200,48,64,18
200,49,50,67
200,50,53,49
200,51,30,40
200,52,46,67
200,53,30,55
200,54,34,57
200,55,64,68
200,56,63,80
200,57,28,46
200,58,39,33
200,59,34,48
200,60,55,33
200,61,48,72
200,62,61,52
200,63,52,58
200,64,28,37
200,65,30,43
200,66,45,31
200,67,31,53
200,68,42,44
200,69,65,77
200,70,39,70
200,71,67,48
200,72,38,45
200,73,46,65
200,74,65,42
200,75,29,67
200,76,34,21
200,77,62,54
200,78,52,29
200,79,35,67
200,80,56,79
200,81,45,80
200,82,30,49
200,83,58,69
200,84,40,59
200,85,43,15
200,86,71,33
200,87,55,68
200,88,66,55
200,89,57,68
200,90,51,47
200,91,46,49
200,92,49,28
200,93,78,28
200,94,49,67
200,95,46,57
200,96,59,62
200,97,75,43
200,98,76,60
200,99,59,36
200,100,61,50
200,101,39,38
200,102,72,55
200,103,50,55
200,104,27,50
200,105,52,35
200,106,43,62
200,107,64,48
200,108,47,64
200,109,45,48
200,110,56,45
200,111,43,44
200,112,55,52
200,113,50,49
200,114,38,44
200,115,53,58
200,116,44,29
200,117,62,31
200,118,40,46
200,119,39,25
200,120,48,41
200,121,59,39
200,122,59,46
200,123,53,69
200,124,56,75
200,125,35,66
200,126,73,56
200,127,43,52
200,128,71,26
200,129,42,37
200,130,53,48
200,131,52,52
200,132,55,26
200,133,73,45
200,134,41,48
200,135,48,42
200,136,53,60
200,137,60,60
200,138,54,55
200,139,35,77
200,140,31,59
200,141,58,22
200,142,44,48
200,143,38,80
200,144,50,56
200,145,69,33
200,146,62,53
200,147,68,47
200,148,63,61
200,149,55,37
200,150,64,73
200,151,39,64
200,152,45,52
200,153,56,51
200,154,55,64
200,155,54,54
200,156,52,44
200,157,62,36
200,158,41,50
200,159,75,28
200,160,66,48
200,161,45,44
200,162,56,47
200,163,57,46
200,164,76,38
200,165,47,46
200,166,49,45
200,167,45,35
200,168,41,63
200,169,68,64
200,170,57,39
200,171,50,59
200,172,66,57
200,173,62,55
200,174,45,50
200,175,59,42
200,176,64,30
200,177,52,49
200,178,75,74
200,179,56,64
200,180,46,52
200,181,60,63
200,182,47,52
200,183,58,53
200,184,69,60
200,185,51,31
200,186,53,61
200,187,42,65
200,188,70,75
200,189,67,44
200,190,60,42
200,191,21,52
200,192,62,43
200,193,63,60
200,194,54,53
200,195,66,67
200,196,55,67
201,1,44,28
201,2,45,46
201,3,46,76
201,4,48,40
201,5,40,48
201,6,43,21
201,7,54,59
201,8,45,63
201,9,21,48
201,10,24,58
201,11,33,64
201,12,43,57
201,13,68,51
201,14,44,53
201,15,34,27
201,16,24,33
201,17,60,29
201,18,43,53
201,19,27,53
201,20,53,23
201,21,52,67
201,22,19,67
201,23,46,32
201,24,21,53
201,25,43,40
201,26,30,44
201,27,27,67
201,28,68,42
201,29,58,44
201,30,38,36
201,31,33,79
201,32,50,51
201,33,42,55
201,34,42,42
201,35,49,48
201,36,51,42
201,37,61,37
201,38,59,78
201,39,46,44
201,40,25,66
201,41,27,56
201,42,44,65
201,43,61,17
201,44,48,32
201,45,38,49
201,46,50,35
201,47,33,46
201,48,65,18
201,49,49,66
201,50,52,48
201,51,29,39
201,52,46,68
201,53,30,54
201,54,34,58
201,55,64,67
201,56,64,79
201,57,27,47
201,58,40,32
201,59,33,49
201,60,54,33
201,61,48,71
201,62,60,53
201,63,52,59
201,64,27,38
201,65,31,42
201,66,44,31
201,67,31,52
201,68,41,44
201,69,65,76
201,70,40,71
201,71,66,47
201,72,37,44
201,73,47,65
201,74,64,43
201,75,28,67
201,76,35,20
201,77,61,53
201,78,53,28
201,79,34,67
201,80,56,78
201,81,46,79
201,82,31,48
201,83,58,68
201,84,40,60
201,85,44,14
201,86,70,33
201,87,54,67
201,88,67,54
201,89,58,67
201,90,52,47
201,91,47,50
201,92,49,27
201,93,77,29
201,94,48,66
201,95,46,56
201,96,58,63
201,97,75,44
201,98,75,61
201,99,59,37
201,100,61,49
201,101,38,38
201,102,71,56
201,103,49,55
201,104,26,51
201,105,52,36
201,106,44,63
201,107,65,47
201,108,46,64
201,109,46,49
201,110,57,44
201,111,43,45
201,112,56,52
201,113,51,48
201,114,39,45
201,115,52,58
201,116,45,30
201,117,61,32
201,118,40,45
201,119,39,24
201,120,47,42
201,121,58,40
201,122,59,45
201,123,54,70
201,124,57,75
201,125,36,67
201,126,73,55
201,127,42,51
201,128,71,25
201,129,42,36
201,130,54,47
201,131,51,51
201,132,55,27
201,133,74,44
201,134,42,47
201,135,48,43
201,136,52,60
201,137,59,61
201,138,53,56
201,139,34,78
201,140,32,60
201,141,59,22
201,142,45,47
201,143,39,79
201,144,51,55
201,145,69,32
201,146,63,53
201,147,67,48
201,148,63,62
201,149,55,38
201,150,64,74
201,151,40,64
201,152,44,52
201,153,56,50
201,154,54,65
201,155,54,55
201,156,52,45
201,157,61,36
201,158,41,51
201,159,75,27
201,160,67,47
201,161,44,44
201,162,56,48
201,163,58,46
201,164,77,37
201,165,47,47
201,166,49,44
201,167,45,34
201,168,40,63
201,169,69,64
201,170,58,38
201,171,51,58
201,172,67,56
201,173,62,56
201,174,44,51
201,175,60,41
201,176,63,31
201,177,52,50
201,178,74,75
201,179,55,64
201,180,46,51
201,181,60,64
201,182,47,53
201,183,57,53
201,184,70,61
201,185,52,31
201,186,52,61
201,187,43,66
201,188,69,75
201,189,68,45
201,190,61,41
201,191,20,51
201,192,61,44
201,193,62,61
201,194,53,53
201,195,66,68
201,196,55,66
202,1,45,29
202,2,46,47
202,3,45,77
202,4,49,40
202,5,40,49
202,6,43,22
202,7,55,59
202,8,45,64
202,9,20,47
202,10,23,58
202,11,34,64
202,12,42,58
202,13,69,52
202,14,45,52
202,15,33,27
202,16,25,33
202,17,59,29
202,18,44,53
202,19,26,53
202,20,54,24
202,21,53,68
202,22,19,68
202,23,45,32
202,24,22,53
202,25,44,41
202,26,30,45
202,27,28,68
202,28,68,41
202,29,57,43
202,30,38,37
202,31,34,80
202,32,49,52
202,33,43,54
202,34,41,43
202,35,49,49
202,36,52,43
202,37,61,38
202,38,60,77
202,39,47,43
202,40,24,66
202,41,28,55
202,42,45,65
202,43,60,17
202,44,48,31
202,45,38,50
202,46,49,35
202,47,33,45
202,48,66,18
202,49,49,67
202,50,51,47
202,51,28,38
202,52,47,69
202,53,29,54
202,54,35,59
202,55,63,67
202,56,63,79
202,57,28,46
202,58,39,31
202,59,32,50
202,60,53,33
202,61,47,71
202,62,60,54
202,63,53,59
202,64,28,39
202,65,31,43
202,66,45,31
202,67,32,51
202,68,40,44
202,69,65,77
202,70,39,71
202,71,65,48
202,72,38,43
202,73,46,65
202,74,64,44
202,75,27,67
202,76,35,21
202,77,60,52
202,78,53,27
202,79,35,66
202,80,57,77
202,81,45,79
202,82,32,48
202,83,57,67
202,84,41,60
202,85,45,15
202,86,69,33
202,87,54,68
202,88,67,55
202,89,59,67
202,90,53,47
202,91,46,50
202,92,48,28
202,93,76,28
202,94,48,65
202,95,45,55
202,96,57,63
202,97,74,43
202,98,75,60
202,99,59,36
202,100,62,49
202,101,37,37
202,102,72,55
202,103,50,55
202,104,25,50
202,105,51,36
202,106,45,63
202,107,66,47
202,108,47,65
202,109,47,49
202,110,56,45
202,111,42,45
202,112,57,51
202,113,50,48
202,114,38,45
202,115,53,58
202,116,46,30
202,117,62,31
202,118,41,46
202,119,40,23
202,120,48,41
202,121,58,39
202,122,60,45
202,123,53,71
202,124,58,75
202,125,36,68
202,126,72,56
202,127,42,52
202,128,71,24
202,129,41,35
202,130,53,48
202,131,51,52
202,132,56,28
202,133,75,44
202,134,43,48
202,135,47,44
202,136,53,61
202,137,60,62
202,138,53,55
202,139,33,77
202,140,33,60
202,141,59,23
202,142,45,48
202,143,39,80
202,144,52,55
202,145,68,32
202,146,62,52
202,147,66,49
202,148,64,63
202,149,54,38
202,150,65,73
202,151,39,65
202,152,45,51
202,153,57,50
202,154,55,65
202,155,55,55
202,156,52,44
202,157,62,37
202,158,40,51
202,159,75,26
202,160,66,46
202,161,44,45
202,162,55,49
202,163,59,47
202,164,76,37
202,165,47,48
202,166,50,44
202,167,44,33
202,168,41,63
202,169,68,63
202,170,58,37
202,171,52,57
202,172,66,56
202,173,63,56
202,174,45,50
202,175,61,42
202,176,64,31
202,177,53,49
202,178,75,74
202,179,55,63
202,180,47,51
202,181,59,65
202,182,47,52
202,183,58,52
202,184,69,60
202,185,51,32
202,186,52,62
202,187,43,65
202,188,70,76
202,189,67,46
202,190,60,42
202,191,19,51
202,192,62,44
202,193,61,62
202,194,54,52
202,195,66,69
202,196,56,65
203,1,44,30
203,2,45,47
203,3,45,76
203,4,50,39
203,5,40,50
203,6,42,21
203,7,56,60
203,8,46,64
203,9,20,48
203,10,24,58
203,11,33,63
203,12,43,57
203,13,68,53
203,14,44,52
203,15,34,26
203,16,25,32
203,17,59,28
203,18,43,53
203,19,25,53
203,20,55,23
203,21,52,68
203,22,18,67
203,23,46,32
203,24,23,52
203,25,43,41
203,26,29,44
203,27,29,67
203,28,69,40
203,29,58,44
203,30,39,38
203,31,35,80
203,32,50,53
203,33,44,55
203,34,42,43
203,35,50,50
203,36,52,42
203,37,60,38
203,38,59,76
203,39,47,42
203,40,23,65
203,41,29,56
203,42,44,64
203,43,59,17
203,44,49,30
203,45,38,51
203,46,49,36
203,47,32,46
203,48,66,17
203,49,50,68
203,50,50,47
203,51,29,38
203,52,48,68
203,53,29,53
203,54,35,58
203,55,62,67
203,56,63,78
203,57,27,47
203,58,40,32
203,59,33,50
203,60,53,32
203,61,48,72
203,62,59,53
203,63,54,58
203,64,28,40
203,65,31,44
203,66,44,32
203,67,32,50
203,68,41,43
203,69,65,78
203,70,38,72
203,71,64,49
203,72,39,44
203,73,47,66
203,74,63,45
203,75,27,66
203,76,36,22
203,77,60,53
203,78,54,26
203,79,34,66
203,80,56,76
203,81,44,78
203,82,31,49
203,83,56,66
203,84,40,59
203,85,44,14
203,86,70,33
203,87,53,67
203,88,66,55
203,89,60,66
203,90,54,47
203,91,46,49
203,92,48,29
203,93,77,28
203,94,49,66
203,95,45,56
203,96,58,62
203,97,73,43
203,98,76,61
203,99,60,35
203,100,63,50
203,101,37,38
203,102,73,54
203,103,51,56
203,104,26,50
203,105,52,36
203,106,44,62
203,107,65,48
203,108,46,65
203,109,46,48
203,110,55,46
203,111,42,44
203,112,58,51
203,113,49,47
203,114,37,44
203,115,52,58
203,116,45,31
203,117,61,32
203,118,40,45
203,119,40,24
203,120,47,41
203,121,57,40
203,122,61,46
203,123,54,70
203,124,57,74
203,125,35,67
203,126,71,56
203,127,43,52
203,128,70,25
203,129,42,34
203,130,52,49
203,131,50,52
203,132,57,27
203,133,76,44
203,134,42,47
203,135,47,45
203,136,53,62
203,137,59,63
203,138,54,55
203,139,34,77
203,140,32,61
203,141,59,22
203,142,45,49
203,143,40,80
203,144,51,55
203,145,67,32
203,146,63,53
203,147,67,49
203,148,63,64
203,149,54,37
203,150,65,72
203,151,40,65
203,152,45,52
203,153,57,51
203,154,55,66
203,155,55,56
203,156,51,45
203,157,63,36
203,158,41,51
203,159,74,25
203,160,65,45
203,161,43,44
203,162,54,49
203,163,59,46
203,164,75,38
203,165,47,49
203,166,49,43
203,167,45,34
203,168,41,62
203,169,68,62
203,170,58,38
203,171,53,57
203,172,65,57
203,173,64,56
203,174,44,49
203,175,61,43
203,176,63,31
203,177,54,50
203,178,75,75
203,179,56,64
203,180,48,50
203,181,60,64
203,182,46,53
203,183,57,53
203,184,70,61
203,185,50,33
203,186,53,63
203,187,44,65
203,188,69,77
203,189,67,45
203,190,59,42
203,191,20,50
203,192,62,45
203,193,60,62
203,194,55,51
203,195,67,69
203,196,57,65
204,1,45,29
204,2,44,46
204,3,46,76
204,4,50,38
204,5,39,50
204,6,43,20
204,7,57,59
204,8,47,65
204,9,20,49
204,10,24,57
204,11,33,64
204,12,44,57
204,13,69,54
204,14,45,51
204,15,35,25
204,16,25,33
204,17,59,27
204,18,44,52
204,19,26,54
204,20,54,22
204,21,52,69
204,22,18,68
204,23,47,32
204,24,23,53
204,25,42,40
204,26,28,45
204,27,30,66
204,28,69,39
204,29,59,45
204,30,40,38
204,31,36,81
204,32,51,54
204,33,43,54
204,34,41,44
204,35,51,50
204,36,51,43
204,37,59,39
204,38,58,75
204,39,46,41
204,40,23,64
204,41,30,56
204,42,43,65
204,43,60,17
204,44,50,29
204,45,39,52
204,46,50,37
204,47,31,45
204,48,65,16
204,49,49,69
204,50,49,48
204,51,30,38
204,52,47,67
204,53,28,54
204,54,34,58
204,55,62,68
204,56,63,77
204,57,26,48
204,58,39,32
204,59,32,49
204,60,52,32
204,61,48,71
204,62,58,54
204,63,55,57
204,64,29,39
204,65,30,44
204,66,45,32
204,67,33,49
204,68,42,43
204,69,64,77
204,70,37,72
204,71,65,49
204,72,39,43
204,73,48,66
204,74,64,45
204,75,28,67
204,76,35,23
204,77,59,52
204,78,53,25
204,79,33,65
204,80,56,77
204,81,43,79
204,82,30,49
204,83,56,67
204,84,40,60
204,85,45,13
204,86,70,32
204,87,54,67
204,88,66,54
204,89,61,65
204,90,55,48
204,91,47,50
204,92,48,28
204,93,77,29
204,94,48,65
204,95,45,55
204,96,57,62
204,97,74,44
204,98,75,62
204,99,59,36
204,100,62,49
204,101,36,37
204,102,74,53
204,103,50,55
204,104,25,50
204,105,53,37
204,106,45,61
204,107,66,49
204,108,47,66
204,109,46,49
204,110,54,45
204,111,41,45
204,112,59,51
204,113,48,46
204,114,36,45
204,115,53,58
204,116,44,31
204,117,60,32
204,118,39,45
204,119,39,23
204,120,46,42
204,121,56,39
204,122,60,46
204,123,53,69
204,124,56,75
204,125,35,68
204,126,70,55
204,127,42,53
204,128,70,26
204,129,43,35
204,130,52,48
204,131,49,53
204,132,58,27
204,133,76,45
204,134,41,46
204,135,47,46
204,136,52,63
204,137,58,64
204,138,53,54
204,139,33,77
204,140,32,62
204,141,58,22
204,142,45,50
204,143,41,81
204,144,52,56
204,145,67,33
204,146,62,53
204,147,68,49
204,148,62,64
204,149,55,36
204,150,66,73
204,151,39,66
204,152,44,51
204,153,56,50
204,154,54,66
204,155,56,56
204,156,51,44
204,157,64,37
204,158,41,52
204,159,75,26
204,160,66,45
204,161,44,45
204,162,54,48
204,163,58,46
204,164,76,38
204,165,48,48
204,166,50,44
204,167,46,34
204,168,42,63
204,169,67,61
204,170,58,37
204,171,54,57
204,172,66,58
204,173,63,57
204,174,45,49
204,175,62,43
204,176,62,31
204,177,54,49
204,178,75,76
204,179,55,64
204,180,48,51
204,181,60,65
204,182,45,54
204,183,58,52
204,184,71,62
204,185,51,32
204,186,53,64
204,187,44,64
204,188,69,78
204,189,66,44
204,190,59,41
204,191,21,50
204,192,63,45
204,193,60,63
204,194,54,52
204,195,66,70
204,196,56,66
205,1,45,28
205,2,44,47
205,3,45,77
205,4,51,39
205,5,38,49
205,6,42,20
205,7,58,59
205,8,48,64
205,9,21,49
205,10,23,57
205,11,32,63
205,12,43,57
205,13,68,55
205,14,46,50
205,15,36,24
205,16,26,33
205,17,60,26
205,18,45,51
205,19,27,54
205,20,53,22
205,21,53,68
205,22,18,67
205,23,48,33
205,24,23,52
205,25,41,39
205,26,28,46
205,27,29,67
205,28,70,38
205,29,58,44
205,30,40,37
205,31,36,80
205,32,50,54
205,33,44,53
205,34,40,44
205,35,50,49
205,36,52,42
205,37,60,39
205,38,58,74
205,39,45,40
205,40,24,65
205,41,30,55
205,42,44,66
205,43,59,16
205,44,51,29
205,45,38,52
205,46,51,37
205,47,32,44
205,48,65,17
205,49,49,70
205,50,49,47
205,51,29,38
205,52,47,68
205,53,28,55
205,54,35,59
205,55,61,67
205,56,62,77
205,57,27,47
205,58,40,32
205,59,31,49
205,60,53,31
205,61,47,70
205,62,59,55
205,63,55,58
205,64,29,40
205,65,29,44
205,66,46,31
205,67,32,50
205,68,43,42
205,69,64,76
205,70,36,72
205,71,65,50
205,72,39,44
205,73,49,65
205,74,65,45
205,75,27,68
205,76,35,24
205,77,60,51
205,78,54,24
205,79,34,65
205,80,57,76
205,81,42,79
205,82,31,48
205,83,57,68
205,84,40,61
205,85,44,13
205,86,69,32
205,87,54,68
205,88,65,55
205,89,61,64
205,90,56,49
205,91,47,51
205,92,47,29
205,93,76,29
205,94,47,65
205,95,46,55
205,96,58,61
205,97,75,43
205,98,75,61
205,99,60,36
205,100,61,48
205,101,35,37
205,102,74,52
205,103,51,54
205,104,25,51
205,105,52,36
205,106,44,60
205,107,67,49
205,108,46,66
205,109,47,48
205,110,55,44
205,111,42,45
205,112,60,52
205,113,47,45
205,114,35,46
205,115,52,57
205,116,43,31
205,117,61,32
205,118,39,46
205,119,38,22
205,120,46,43
205,121,57,39
205,122,61,45
205,123,52,68
205,124,55,75
205,125,36,68
205,126,69,55
205,127,43,53
205,128,70,27
205,129,42,36
205,130,51,49
205,131,48,53
205,132,57,28
205,133,77,45
205,134,41,45
205,135,48,46
205,136,53,63
205,137,59,65
205,138,53,53
205,139,34,78
205,140,31,62
205,141,58,21
205,142,46,51
205,143,41,82
205,144,52,55
205,145,67,34
205,146,62,52
205,147,68,50
205,148,61,65
205,149,56,35
205,150,67,72
205,151,40,67
205,152,43,52
205,153,57,51
205,154,55,65
205,155,55,56
205,156,52,43
205,157,63,37
205,158,41,53
205,159,76,26
205,160,65,46
205,161,45,44
205,162,53,48
205,163,57,47
205,164,75,38
205,165,49,48
205,166,51,45
205,167,46,33
205,168,41,63
205,169,68,60
205,170,59,37
205,171,55,57
205,172,67,57
205,173,62,56
205,174,44,50
205,175,61,42
205,176,61,31
205,177,55,49
205,178,76,75
205,179,54,64
205,180,49,51
205,181,59,64
205,182,45,55
205,183,57,52
205,184,72,62
205,185,52,33
205,186,52,65
205,187,43,63
205,188,69,79
205,189,65,43
205,190,60,42
205,191,21,51
205,192,62,46
205,193,60,64
205,194,54,51
205,195,67,70
205,196,56,67
206,1,44,27
206,2,45,46
206,3,46,76
206,4,50,38
206,5,38,50
206,6,41,19
206,7,57,59
206,8,48,63
206,9,22,50
206,10,22,57
206,11,32,62
206,12,42,57
206,13,67,55
206,14,47,49
206,15,37,24
206,16,26,34
206,17,60,27
206,18,46,52
206,19,26,54
206,20,53,21
206,21,53,67
206,22,18,66
206,23,48,34
206,24,22,51
206,25,42,39
206,26,29,45
206,27,28,68
206,28,69,39
206,29,59,44
206,30,40,36
206,31,36,81
206,32,49,53
206,33,45,52
206,34,41,43
206,35,50,50
206,36,52,41
206,37,61,40
206,38,57,74
206,39,46,40
206,40,23,64
206,41,29,56
206,42,43,66
206,43,59,15
206,44,51,28
206,45,38,53
206,46,51,38
206,47,32,45
206,48,66,18
206,49,50,69
206,50,50,46
206,51,28,37
206,52,46,67
206,53,27,54
206,54,36,58
206,55,61,66
206,56,63,76
206,57,26,48
206,58,40,33
206,59,30,49
206,60,54,30
206,61,46,71
206,62,60,54
206,63,54,57
206,64,29,39
206,65,30,44
206,66,47,32
206,67,33,49
206,68,42,43
206,69,65,75
206,70,36,73
206,71,65,49
206,72,40,45
206,73,50,65
206,74,65,44
206,75,28,69
206,76,36,23
206,77,61,50
206,78,55,23
206,79,34,66
206,80,58,77
206,81,43,80
206,82,30,47
206,83,58,68
206,84,39,62
206,85,45,13
206,86,68,33
206,87,55,69
206,88,64,55
206,89,62,64
206,90,55,50
206,91,46,50
206,92,48,28
206,93,75,29
206,94,48,66
206,95,46,54
206,96,57,61
206,97,75,44
206,98,74,60
206,99,60,37
206,100,62,47
206,101,35,38
206,102,74,51
206,103,50,53
206,104,26,50
206,105,53,35
206,106,43,61
206,107,67,48
206,108,47,67
206,109,48,47
206,110,54,45
206,111,43,44
206,112,61,52
206,113,46,45
206,114,34,45
206,115,53,57
206,116,42,31
206,117,60,31
206,118,38,45
206,119,38,21
206,120,45,43
206,121,58,40
206,122,60,46
206,123,52,67
206,124,55,74
206,125,37,67
206,126,69,54
206,127,42,52
206,128,69,28
206,129,43,35
206,130,52,50
206,131,48,54
206,132,56,27
206,133,78,46
206,134,41,46
206,135,47,47
206,136,53,62
206,137,60,66
206,138,54,52
206,139,34,77
206,140,32,61
206,141,58,22
206,142,45,51
206,143,42,81
206,144,53,54
206,145,66,33
206,146,62,51
206,147,69,50
206,148,61,64
206,149,57,35
206,150,67,71
206,151,40,66
206,152,44,52
206,153,57,50
206,154,54,65
206,155,56,55
206,156,51,42
206,157,62,37
206,158,40,54
206,159,75,27
206,160,64,47
206,161,45,45
206,162,52,47
206,163,58,47
206,164,74,37
206,165,49,49
206,166,51,46
206,167,45,33
206,168,40,64
206,169,69,60
206,170,60,38
206,171,56,56
206,172,67,58
206,173,62,57
206,174,45,49
206,175,62,41
206,176,62,30
206,177,56,49
206,178,76,76
206,179,55,64
206,180,50,52
206,181,59,63
206,182,44,54
206,183,58,52
206,184,73,63
206,185,53,33
206,186,53,64
206,187,44,62
206,188,69,80
206,189,66,43
206,190,59,41
206,191,20,51
206,192,63,45
206,193,59,65
206,194,54,50
206,195,68,70
206,196,56,66
207,1,43,28
207,2,45,47
207,3,45,76
207,4,51,37
207,5,39,49
207,6,42,18
207,7,56,60
207,8,49,62
207,9,21,51
207,10,22,56
207,11,33,63
207,12,41,57
207,13,66,56
207,14,48,50
207,15,36,25
207,16,27,34
207,17,59,27
207,18,47,53
207,19,27,55
207,20,54,21
207,21,53,68
207,22,18,65
207,23,48,35
207,24,23,51
207,25,41,40
207,26,29,46
207,27,29,69
207,28,68,39
207,29,58,44
207,30,39,35
207,31,37,80
207,32,50,54
207,33,44,53
207,34,41,44
207,35,51,50
207,36,53,40
207,37,60,39
207,38,58,74
207,39,47,39
207,40,24,64
207,41,28,55
207,42,44,66
207,43,58,14
207,44,50,29
207,45,39,53
207,46,50,38
207,47,31,46
207,48,67,17
207,49,49,69
207,50,49,45
207,51,29,38
207,52,47,68
207,53,28,53
207,54,37,58
207,55,61,65
207,56,64,76
207,57,25,49
207,58,41,32
207,59,31,48
207,60,55,29
207,61,45,71
207,62,59,55
207,63,55,58
207,64,30,39
207,65,30,45
207,66,47,33
207,67,33,48
207,68,41,43
207,69,64,75
207,70,37,73
207,71,66,49
207,72,39,44
207,73,50,66
207,74,65,43
207,75,27,69
207,76,36,22
207,77,60,50
207,78,56,22
207,79,33,66
207,80,57,76
207,81,44,79
207,82,31,47
207,83,57,67
207,84,40,63
207,85,45,12
207,86,69,32
207,87,56,70
207,88,65,56
207,89,63,65
207,90,56,50
207,91,47,51
207,92,49,29
207,93,74,29
207,94,48,67
207,95,46,55
207,96,58,62
207,97,76,45
207,98,75,60
207,99,59,38
207,100,61,48
207,101,34,37
207,102,75,52
207,103,51,54
207,104,27,51
207,105,52,35
207,106,42,62
207,107,68,48
207,108,46,66
207,109,49,46
207,110,55,46
207,111,42,44
207,112,60,52
207,113,47,45
207,114,35,45
207,115,53,56
207,116,41,31
207,117,61,30
207,118,37,45
207,119,37,22
207,120,45,42
207,121,59,40
207,122,61,45
207,123,52,66
207,124,55,73
207,125,37,66
207,126,70,54
207,127,42,51
207,128,68,29
207,129,42,36
207,130,52,51
207,131,49,53
207,132,56,26
207,133,77,47
207,134,40,45
207,135,48,46
207,136,54,63
207,137,59,67
207,138,55,53
207,139,33,78
207,140,32,62
207,141,59,21
207,142,45,50
207,143,41,80
207,144,52,54
207,145,66,32
207,146,61,51
207,147,68,50
207,148,61,63
207,149,58,34
207,150,66,70
207,151,41,67
207,152,45,53
207,153,57,51
207,154,54,66
207,155,56,54
207,156,51,43
207,157,61,38
207,158,40,55
207,159,76,28
207,160,63,46
207,161,46,44
207,162,53,48
207,163,58,46
207,164,73,36
207,165,50,48
207,166,52,47
207,167,44,33
207,168,41,63
207,169,69,59
207,170,61,37
207,171,55,57
207,172,67,57
207,173,63,57
207,174,44,50
207,175,63,42
207,176,61,29
207,177,55,49
207,178,77,77
207,179,55,63
207,180,49,52
207,181,60,63
207,182,45,55
207,183,58,51
207,184,72,64
207,185,54,32
207,186,53,63
207,187,45,63
207,188,70,81
207,189,66,44
207,190,58,42
207,191,21,50
207,192,63,44
207,193,58,64
207,194,53,49
207,195,68,71
207,196,57,66
208,1,42,27
208,2,44,48
208,3,46,77
208,4,50,36
208,5,38,50
208,6,41,18
208,7,55,59
208,8,50,61
208,9,22,52
208,10,22,55
208,11,34,64
208,12,42,58
208,13,66,55
208,14,48,51
208,15,36,26
208,16,26,33
208,17,59,26
208,18,46,52
208,19,28,54
208,20,54,20
208,21,52,68
208,22,18,66
208,23,49,35
208,24,24,52
208,25,42,41
208,26,30,47
208,27,28,69
208,28,67,39
208,29,57,45
208,30,39,34
208,31,37,81
208,32,51,55
208,33,45,54
208,34,40,44
208,35,52,49
208,36,52,40
208,37,61,40
208,38,59,73
208,39,48,40
208,40,25,63
208,41,27,55
208,42,45,65
208,43,57,13
208,44,51,28
208,45,39,54
208,46,49,37
208,47,30,46
208,48,66,17
208,49,48,69
208,50,50,44
208,51,29,39
208,52,48,68
208,53,27,53
208,54,38,57
208,55,60,65
208,56,65,76
208,57,25,50
208,58,40,31
208,59,30,49
208,60,54,28
208,61,45,72
208,62,60,56
208,63,56,57
208,64,31,40
208,65,29,44
208,66,47,32
208,67,34,47
208,68,40,42
208,69,63,74
208,70,38,74
208,71,67,49
208,72,38,44
208,73,51,67
208,74,64,44
208,75,27,68
208,76,35,21
208,77,59,51
208,78,56,23
208,79,32,67
208,80,56,76
208,81,45,78
208,82,31,48
208,83,58,66
208,84,40,62
208,85,44,13
208,86,68,31
208,87,56,69
208,88,64,55
208,89,64,65
208,90,57,49
208,91,46,51
208,92,49,28
208,93,75,28
208,94,48,66
208,95,45,56
208,96,58,61
208,97,77,45
208,98,74,61
208,99,58,38
208,100,61,49
208,101,34,36
208,102,74,53
208,103,52,53
208,104,28,52
208,105,53,34
208,106,43,62
208,107,68,47
208,108,47,67
208,109,49,45
208,110,55,47
208,111,43,45
208,112,60,53
208,113,47,44
208,114,36,44
208,115,52,57
208,116,42,32
208,117,62,30
208,118,37,44
208,119,38,22
208,120,44,43
208,121,58,39
208,122,62,45
208,123,53,67
208,124,56,72
208,125,37,65
208,126,71,54
208,127,43,52
208,128,68,30
208,129,43,37
208,130,51,52
208,131,49,54
208,132,57,27
208,133,78,46
208,134,39,46
208,135,47,45
208,136,55,64
208,137,60,67
208,138,54,54
208,139,33,77
208,140,33,62
208,141,60,20
208,142,46,49
208,143,42,79
208,144,53,55
208,145,66,31
208,146,61,52
208,147,69,49
208,148,62,64
208,149,57,34
208,150,67,71
208,151,40,68
208,152,46,53
208,153,57,50
208,154,54,67
208,155,55,53
208,156,52,44
208,157,61,39
208,158,40,56
208,159,75,27
208,160,64,45
208,161,45,44
208,162,54,48
208,163,58,45
208,164,73,35
208,165,51,49
208,166,51,46
208,167,43,34
208,168,41,62
208,169,68,60
208,170,61,38
208,171,54,56
208,172,67,58
208,173,62,58
208,174,44,49
208,175,64,41
208,176,60,28
208,177,56,50
208,178,76,76
208,179,56,63
208,180,50,51
208,181,59,62
208,182,44,54
208,183,59,52
208,184,71,65
208,185,55,32
208,186,53,62
208,187,44,64
208,188,69,82
208,189,67,44
208,190,59,43
208,191,22,51
208,192,63,45
208,193,59,65
208,194,54,50
208,195,67,70
208,196,58,67
209,1,43,27
209,2,45,47
209,3,46,78
209,4,50,37
209,5,38,49
209,6,41,19
209,7,56,59
209,8,50,60
209,9,23,51
209,10,22,54
209,11,34,63
209,12,43,59
209,13,67,54
209,14,48,52
209,15,35,26
209,16,27,33
209,17,60,25
209,18,47,53
209,19,28,55
209,20,53,21
209,21,51,69
209,22,18,65
209,23,48,34
209,24,23,52
209,25,42,42
209,26,29,46
209,27,29,68
209,28,68,39
209,29,58,46
209,30,38,33
209,31,38,80
209,32,51,54
209,33,45,55
209,34,39,43
209,35,53,49
209,36,53,41
209,37,60,40
209,38,58,73
209,39,47,39
209,40,26,63
209,41,28,54
209,42,44,66
209,43,56,14
209,44,51,27
209,45,38,53
209,46,48,37
209,47,31,46
209,48,65,17
209,49,49,70
209,50,51,44
209,51,30,40
209,52,49,69
209,53,28,53
209,54,37,58
209,55,59,64
209,56,66,76
209,57,24,51
209,58,39,31
209,59,29,49
209,60,53,27
209,61,46,73
209,62,59,57
209,63,55,58
209,64,31,39
209,65,30,45
209,66,48,31
209,67,35,47
209,68,40,43
209,69,64,73
209,70,37,73
209,71,66,49
209,72,37,43
209,73,50,68
209,74,65,43
209,75,26,68
209,76,35,22
209,77,60,52
209,78,57,23
209,79,33,68
209,80,55,76
209,81,44,78
209,82,30,47
209,83,59,67
209,84,39,63
209,85,43,12
209,86,69,30
209,87,57,69
209,88,63,56
209,89,65,64
209,90,58,50
209,91,46,52
209,92,49,27
209,93,76,28
209,94,49,67
209,95,44,55
209,96,59,60
209,97,76,45
209,98,75,60
209,99,59,39
209,100,60,48
209,101,35,35
209,102,74,52
209,103,53,52
209,104,27,53
209,105,54,34
209,106,43,61
209,107,68,46
209,108,48,67
209,109,49,46
209,110,56,47
209,111,43,44
209,112,59,53
209,113,46,45
209,114,36,45
209,115,51,57
209,116,43,31
209,117,63,30
209,118,38,43
209,119,38,21
209,120,43,42
209,121,57,40
209,122,63,44
209,123,53,66
209,124,57,71
209,125,36,65
209,126,72,54
209,127,43,53
209,128,67,31
209,129,42,38
209,130,52,51
209,131,50,54
209,132,58,28
209,133,77,46
209,134,39,45
209,135,47,44
209,136,56,65
209,137,60,68
209,138,54,53
209,139,33,78
209,140,32,62
209,141,61,21
209,142,46,50
209,143,43,80
209,144,53,56
209,145,66,30
209,146,62,51
209,147,69,50
209,148,61,63
209,149,57,35
209,150,68,70
209,151,39,67
209,152,47,52
209,153,56,49
209,154,55,66
209,155,56,54
209,156,51,45
209,157,61,40
209,158,41,56
209,159,75,26
209,160,64,44
209,161,44,44
209,162,54,47
209,163,59,45
209,164,73,36
209,165,50,50
209,166,50,47
209,167,44,34
209,168,42,62
209,169,69,60
209,170,60,38
209,171,55,57
209,172,68,57
209,173,62,59
209,174,43,49
209,175,63,40
209,176,61,27
209,177,57,49
209,178,75,77
209,179,55,64
209,180,51,50
209,181,58,61
209,182,45,54
209,183,58,53
209,184,72,64
209,185,55,33
209,186,54,61
209,187,43,63
209,188,70,83
209,189,66,44
209,190,59,44
209,191,23,50
209,192,62,46
209,193,58,65
209,194,55,50
209,195,66,71
209,196,57,67
210,1,42,28
210,2,44,47
210,3,46,77
210,4,51,36
210,5,39,50
210,6,42,18
210,7,57,60
210,8,49,59
210,9,22,50
210,10,21,55
210,11,33,64
210,12,44,59
210,13,67,55
210,14,48,53
210,15,36,25
210,16,28,33
210,17,61,26
210,18,48,52
210,19,28,56
210,20,53,20
210,21,52,69
210,22,17,66
210,23,49,34
210,24,22,53
210,25,41,42
210,26,28,45
210,27,29,67
210,28,69,40
210,29,59,47
210,30,38,34
210,31,37,81
210,32,52,53
210,33,46,55
210,34,38,44
210,35,52,48
210,36,54,42
210,37,60,39
210,38,57,73
210,39,46,40
210,40,25,62
210,41,27,54
210,42,45,67
210,43,55,15
210,44,52,26
210,45,38,52
210,46,48,36
210,47,32,45
210,48,66,17
210,49,50,71
210,50,52,43
210,51,29,40
210,52,49,68
210,53,28,52
210,54,37,57
210,55,60,64
210,56,67,76
210,57,23,51
210,58,40,32
210,59,28,50
210,60,54,28
210,61,46,72
210,62,58,58
210,63,56,59
210,64,30,40
210,65,29,45
210,66,49,31
210,67,36,46
210,68,40,42
210,69,64,72
210,70,37,72
210,71,67,50
210,72,38,42
210,73,49,69
210,74,66,43
210,75,25,67
210,76,36,23
210,77,60,53
210,78,58,24
210,79,32,67
210,80,56,75
210,81,44,79
210,82,30,46
210,83,58,68
210,84,40,64
210,85,42,12
210,86,68,29
210,87,58,70
210,88,64,56
210,89,65,65
210,90,59,49
210,91,47,53
210,92,50,26
210,93,75,29
210,94,50,66
210,95,43,54
210,96,58,60
210,97,75,45
210,98,74,59
210,99,59,38
210,100,60,49
210,101,34,36
210,102,73,52
210,103,52,52
210,104,26,52
210,105,55,34
210,106,42,60
210,107,68,47
210,108,47,68
210,109,50,45
210,110,56,46
210,111,44,43
210,112,58,54
210,113,46,44
210,114,35,45
210,115,52,58
210,116,42,30
210,117,63,29
210,118,37,42
210,119,39,21
210,120,44,41
210,121,57,39
210,122,62,44
210,123,52,66
210,124,58,71
210,125,36,66
210,126,73,55
210,127,42,54
210,128,66,31
210,129,43,37
210,130,53,51
210,131,49,53
210,132,59,29
210,133,78,45
210,134,40,46
210,135,46,43
210,136,57,65
210,137,60,69
210,138,53,53
210,139,33,79
210,140,32,61
210,141,62,21
210,142,45,50
210,143,42,80
210,144,52,56
210,145,67,31
210,146,63,50
210,147,68,50
210,148,62,63
210,149,58,35
210,150,69,69
210,151,40,67
210,152,48,51
210,153,56,50
210,154,54,66
210,155,56,55
210,156,52,44
210,157,62,39
210,158,41,55
210,159,75,25
210,160,63,44
210,161,45,45
210,162,54,48
210,163,60,46
210,164,72,35
210,165,49,50
210,166,51,46
210,167,44,35
210,168,41,63
210,169,68,60
210,170,59,39
210,171,54,58
210,172,67,58
210,173,63,58
210,174,44,48
210,175,64,41
210,176,62,26
210,177,56,49
210,178,76,77
210,179,56,64
210,180,51,51
210,181,57,62
210,182,45,53
210,183,57,53
210,184,73,63
210,185,54,33
210,186,53,60
210,187,42,62
210,188,71,82
210,189,67,43
210,190,59,43
210,191,24,50
210,192,63,46
210,193,57,66
210,194,54,50
210,195,67,70
210,196,58,67
211,1,41,29
211,2,45,46
211,3,45,76
211,4,51,35
211,5,38,51
211,6,43,17
211,7,58,59
211,8,48,60
211,9,22,49
211,10,22,56
211,11,32,63
211,12,43,58
211,13,68,56
211,14,48,54
211,15,37,26
211,16,27,33
211,17,61,25
211,18,47,52
211,19,29,56
211,20,54,19
211,21,52,70
211,22,16,66
211,23,50,33
211,24,21,53
211,25,40,43
211,26,28,44
211,27,30,68
211,28,70,40
211,29,59,48
211,30,37,33
211,31,38,81
211,32,51,53
211,33,45,55
211,34,37,44
211,35,53,48
211,36,53,43
211,37,59,40
211,38,56,74
211,39,46,39
211,40,26,62
211,41,27,55
211,42,45,68
211,43,55,14
211,44,51,27
211,45,39,52
211,46,47,37
211,47,31,46
211,48,65,18
211,49,51,72
211,50,53,44
211,51,28,40
211,52,50,67
211,53,27,53
211,54,38,56
211,55,61,65
211,56,68,76
211,57,24,52
211,58,41,31
211,59,27,51
211,60,55,27
211,61,46,73
211,62,57,59
211,63,57,58
211,64,29,40
211,65,30,45
211,66,50,32
211,67,37,47
211,68,41,43
211,69,65,73
211,70,38,71
211,71,68,49
211,72,39,41
211,73,50,70
211,74,66,44
211,75,24,66
211,76,36,22
211,77,59,54
211,78,59,23
211,79,31,67
211,80,55,74
211,81,43,79
211,82,31,47
211,83,57,67
211,84,39,65
211,85,42,11
211,86,69,28
211,87,59,70
211,88,63,57
211,89,66,66
211,90,60,48
211,91,46,52
211,92,51,25
211,93,74,28
211,94,49,66
211,95,42,55
211,96,57,61
211,97,74,45
211,98,75,60
211,99,58,37
211,100,59,50
211,101,33,37
211,102,74,51
211,103,53,52
211,104,26,51
211,105,56,35
211,106,42,59
211,107,68,48
211,108,46,67
211,109,49,44
211,110,55,47
211,111,45,43
211,112,59,55
211,113,47,43
211,114,34,44
211,115,52,59
211,116,42,29
211,117,64,29
211,118,37,43
211,119,40,22
211,120,44,40
211,121,57,38
211,122,61,45
211,123,51,66
211,124,59,71
211,125,35,65
211,126,74,55
211,127,43,54
211,128,65,30
211,129,43,38
211,130,52,52
211,131,50,52
211,132,60,28
211,133,79,44
211,134,40,47
211,135,46,42
211,136,58,64
211,137,60,68
211,138,54,53
211,139,34,79
211,140,33,60
211,141,63,22
211,142,44,51
211,143,42,81
211,144,52,57
211,145,66,31
211,146,64,49
211,147,67,49
211,148,63,63
211,149,58,34
211,150,69,68
211,151,39,66
211,152,48,50
211,153,57,50
211,154,54,65
211,155,57,55
211,156,52,43
211,157,61,39
211,158,40,55
211,159,76,25
211,160,62,44
211,161,45,44
211,162,53,49
211,163,61,47
211,164,72,36
211,165,50,51
211,166,52,46
211,167,45,35
211,168,41,62
211,169,69,61
211,170,59,38
211,171,55,59
211,172,68,59
211,173,64,58
211,174,45,47
211,175,63,42
211,176,61,26
211,177,57,49
211,178,76,78
211,179,57,64
211,180,51,50
211,181,57,63
211,182,44,52
211,183,58,54
211,184,74,63
211,185,55,33
211,186,54,60
211,187,41,63
211,188,70,82
211,189,66,42
211,190,60,43
211,191,25,50
211,192,63,47
211,193,56,67
211,194,55,49
211,195,67,69
211,196,59,66
212,1,40,29
212,2,46,45
212,3,46,75
212,4,52,36
212,5,38,50
212,6,42,18
212,7,58,60
212,8,49,60
212,9,23,50
212,10,22,57
212,11,32,62
212,12,42,57
212,13,68,57
212,14,48,53
212,15,36,26
212,16,27,34
212,17,60,24
212,18,48,52
212,19,28,56
212,20,54,18
212,21,52,69
212,22,17,65
212,23,51,34
212,24,20,54
212,25,41,44
212,26,28,43
212,27,31,69
212,28,69,39
212,29,60,47
212,30,36,32
212,31,38,82
212,32,51,54
212,33,45,56
212,34,36,43
212,35,54,47
212,36,52,44
212,37,58,39
212,38,55,73
212,39,47,39
212,40,26,63
212,41,26,56
212,42,44,67
212,43,55,13
212,44,50,26
212,45,38,52
212,46,47,36
212,47,30,47
212,48,64,18
212,49,51,71
212,50,53,43
212,51,27,41
212,52,50,68
212,53,28,53
212,54,39,57
212,55,62,66
212,56,69,76
212,57,23,52
212,58,40,31
212,59,27,50
212,60,54,27
212,61,46,72
212,62,58,58
212,63,57,59
212,64,28,41
212,65,31,46
212,66,50,31
212,67,36,47
212,68,42,44
212,69,66,74
212,70,39,70
212,71,69,49
212,72,38,40
212,73,50,71
212,74,67,44
212,75,24,67
212,76,37,22
212,77,60,55
212,78,58,24
212,79,30,68
212,80,56,74
212,81,42,78
212,82,32,48
212,83,56,68
212,84,40,64
212,85,43,11
212,86,70,27
212,87,58,70
212,88,64,57
212,89,66,65
212,90,59,49
212,91,45,52
212,92,50,25
212,93,73,27
212,94,50,65
212,95,42,56
212,96,57,62
212,97,73,45
212,98,75,59
212,99,58,36
212,100,58,50
212,101,33,36
212,102,73,50
212,103,52,53
212,104,25,51
212,105,55,35
212,106,43,59
212,107,69,47
212,108,45,68
212,109,48,44
212,110,56,47
212,111,44,43
212,112,59,54
212,113,48,42
212,114,34,43
212,115,51,59
212,116,42,30
212,117,64,30
212,118,36,44
212,119,39,22
212,120,45,40
212,121,58,37
212,122,62,45
212,123,50,66
212,124,60,72
212,125,35,66
212,126,75,55
212,127,42,55
212,128,66,30
212,129,42,38
212,130,53,52
212,131,49,52
212,132,61,27
212,133,78,45
212,134,41,47
212,135,47,41
212,136,59,63
212,137,61,67
212,138,53,53
212,139,35,78
212,140,33,61
212,141,62,22
212,142,43,51
212,143,43,80
212,144,51,56
212,145,67,32
212,146,63,48
212,147,68,50
212,148,63,62
212,149,59,33
212,150,70,67
212,151,39,67
212,152,49,51
212,153,58,51
212,154,53,64
212,155,56,54
212,156,51,44
212,157,62,40
212,158,41,56
212,159,77,25
212,160,63,43
212,161,44,45
212,162,54,48
212,163,60,46
212,164,72,37
212,165,50,50
212,166,51,46
212,167,45,34
212,168,42,62
212,169,68,61
212,170,60,38
212,171,56,59
212,172,67,58
212,173,63,59
212,174,45,48
212,175,62,42
212,176,60,26
212,177,57,50
212,178,75,78
212,179,58,65
212,180,52,49
212,181,58,62
212,182,43,52
212,183,59,53
212,184,74,64
212,185,54,34
212,186,55,60
212,187,40,62
212,188,70,81
212,189,65,42
212,190,61,43
212,191,26,51
212,192,64,48
212,193,57,66
212,194,54,50
212,195,67,68
212,196,59,67
213,1,41,29
213,2,45,46
213,3,47,75
213,4,53,36
213,5,37,49
213,6,42,19
213,7,59,60
213,8,50,59
213,9,24,51
213,10,23,56
213,11,31,61
213,12,43,58
213,13,67,56
213,14,49,54
213,15,36,25
213,16,28,33
213,17,61,23
213,18,47,52
213,19,27,57
213,20,53,18
213,21,53,69
213,22,16,66
213,23,52,35
213,24,21,54
213,25,40,44
213,26,29,42
213,27,31,70
213,28,68,40
213,29,61,48
213,30,37,32
213,31,37,83
213,32,50,54
213,33,45,55
213,34,37,42
213,35,54,46
213,36,53,44
213,37,58,40
213,38,55,72
213,39,47,40
213,40,27,63
213,41,27,55
213,42,43,67
213,43,54,12
213,44,49,27
213,45,38,53
213,46,46,36
213,47,29,48
213,48,63,19
213,49,50,70
213,50,54,43
213,51,28,40
213,52,50,69
213,53,29,52
213,54,39,56
213,55,61,65
213,56,68,75
213,57,23,53
213,58,41,31
213,59,27,49
213,60,53,26
213,61,47,72
213,62,57,58
213,63,57,60
213,64,28,42
213,65,31,45
213,66,50,30
213,67,35,47
213,68,42,43
213,69,67,75
213,70,38,71
213,71,70,48
213,72,37,39
213,73,51,71
213,74,66,43
213,75,25,68
213,76,38,22
213,77,60,56
213,78,59,23
213,79,29,69
213,80,56,75
213,81,43,77
213,82,33,47
213,83,57,68
213,84,39,63
213,85,44,12
213,86,70,28
213,87,59,71
213,88,65,58
213,89,65,64
213,90,59,48
213,91,44,51
213,92,50,24
213,93,72,28
213,94,51,65
213,95,41,55
213,96,56,63
213,97,74,45
213,98,75,60
213,99,59,37
213,100,59,50
213,101,34,35
213,102,74,50
213,103,52,54
213,104,25,52
213,105,54,36
213,106,43,60
213,107,69,46
213,108,44,68
213,109,49,44
213,110,57,48
213,111,44,42
213,112,58,55
213,113,49,42
213,114,35,43
213,115,52,58
213,116,43,29
213,117,65,29
213,118,36,45
213,119,40,22
213,120,44,40
213,121,59,36
213,122,61,45
213,123,49,67
213,124,60,71
213,125,34,67
213,126,75,54
213,127,41,54
213,128,65,30
213,129,43,39
213,130,52,52
213,131,48,52
213,132,61,26
213,133,79,44
213,134,42,48
213,135,47,42
213,136,60,62
213,137,60,68
213,138,52,53
213,139,34,78
213,140,34,62
213,141,61,21
213,142,42,50
213,143,42,79
213,144,52,56
213,145,67,31
213,146,63,47
213,147,69,51
213,148,62,62
213,149,60,34
213,150,71,68
213,151,40,67
213,152,50,52
213,153,58,52
213,154,52,64
213,155,57,54
213,156,51,45
213,157,61,41
213,158,40,57
213,159,78,26
213,160,62,44
213,161,45,44
213,162,55,48
213,163,60,45
213,164,71,36
213,165,49,49
213,166,52,46
213,167,45,35
213,168,41,63
213,169,68,60
213,170,59,39
213,171,55,59
213,172,66,57
213,173,63,58
213,174,44,49
213,175,61,42
213,176,59,27
213,177,56,51
213,178,76,77
213,179,58,66
213,180,51,49
213,181,59,61
213,182,42,51
213,183,60,52
213,184,73,64
213,185,53,33
213,186,56,60
213,187,39,62
213,188,69,80
213,189,65,41
213,190,60,43
213,191,26,52
213,192,65,48
213,193,56,67
213,194,55,49
213,195,66,68
213,196,58,68
214,1,40,30
214,2,45,45
214,3,47,76
214,4,53,35
214,5,38,48
214,6,42,20
214,7,58,60
214,8,51,59
214,9,25,50
214,10,24,57
214,11,30,61
214,12,43,57
214,13,68,56
214,14,49,53
214,15,36,24
214,16,29,34
214,17,62,22
214,18,47,53
214,19,27,56
214,20,52,18
214,21,52,69
214,22,17,67
214,23,52,36
214,24,20,53
214,25,40,43
214,26,30,42
214,27,30,71
214,28,69,39
214,29,60,47
214,30,37,31
214,31,37,82
214,32,51,53
214,33,46,56
214,34,37,43
214,35,54,45
214,36,52,43
214,37,59,40
214,38,56,71
214,39,48,41
214,40,27,62
214,41,26,55
214,42,43,66
214,43,55,12
214,44,50,26
214,45,38,54
214,46,47,35
214,47,29,49
214,48,64,20
214,49,49,71
214,50,54,42
214,51,29,40
214,52,51,69
214,53,28,51
214,54,38,55
214,55,60,64
214,56,68,74
214,57,24,53
214,58,40,32
214,59,26,50
214,60,52,25
214,61,46,71
214,62,58,58
214,63,57,59
214,64,28,41
214,65,30,45
214,66,50,29
214,67,35,48
214,68,41,42
214,69,68,75
214,70,37,72
214,71,69,47
214,72,38,38
214,73,50,72
214,74,67,42
214,75,25,67
214,76,39,23
214,77,61,55
214,78,58,24
214,79,28,68
214,80,57,75
214,81,43,76
214,82,34,46
214,83,56,68
214,84,39,64
214,85,43,11
214,86,71,29
214,87,58,72
214,88,65,57
214,89,66,64
214,90,59,49
214,91,45,50
214,92,51,23
214,93,72,27
214,94,50,65
214,95,42,56
214,96,57,64
214,97,74,46
214,98,75,59
214,99,59,38
214,100,58,49
214,101,33,34
214,102,75,51
214,103,53,55
214,104,24,52
214,105,54,37
214,106,44,59
214,107,68,45
214,108,43,67
214,109,50,43
214,110,57,49
214,111,45,42
214,112,57,55
214,113,49,43
214,114,35,44
214,115,51,58
214,116,43,28
214,117,66,30
214,118,36,44
214,119,40,21
214,120,45,41
214,121,60,35
214,122,62,46
214,123,49,66
214,124,59,72
214,125,33,67
214,126,74,53
214,127,42,53
214,128,66,31
214,129,42,39
214,130,51,52
214,131,49,52
214,132,61,27
214,133,78,43
214,134,41,47
214,135,47,41
214,136,60,61
214,137,61,68
214,138,53,52
214,139,33,78
214,140,35,63
214,141,61,22
214,142,43,49
214,143,41,80
214,144,53,56
214,145,66,32
214,146,62,47
214,147,68,52
214,148,61,62
214,149,59,35
214,150,70,68
214,151,40,66
214,152,50,53
214,153,57,51
214,154,51,63
214,155,56,55
214,156,50,44
214,157,62,40
214,158,39,56
214,159,79,26
214,160,61,43
214,161,45,43
214,162,55,47
214,163,60,44
214,164,72,37
214,165,48,48
214,166,52,45
214,167,46,36
214,168,42,64
214,169,68,59
214,170,58,40
214,171,55,60
214,172,67,57
214,173,63,57
214,174,44,50
214,175,62,43
214,176,60,28
214,177,55,52
214,178,75,76
214,179,57,67
214,180,50,48
214,181,58,61
214,182,42,50
214,183,61,52
214,184,74,63
214,185,54,33
214,186,56,59
214,187,39,63
214,188,70,80
214,189,66,40
214,190,59,44
214,191,25,52
214,192,66,48
214,193,57,66
214,194,55,50
214,195,65,67
214,196,57,68
215,1,39,31
215,2,44,45
215,3,47,77
215,4,53,36
215,5,39,49
215,6,43,20
215,7,59,59
215,8,51,60
215,9,24,50
215,10,25,56
215,11,31,60
215,12,42,58
215,13,69,55
215,14,50,52
215,15,37,23
215,16,30,34
215,17,63,21
215,18,48,52
215,19,28,55
215,20,52,19
215,21,52,70
215,22,18,67
215,23,52,37
215,24,21,54
215,25,39,43
215,26,30,41
215,27,29,71
215,28,70,40
215,29,60,48
215,30,36,31
215,31,37,83
215,32,51,54
215,33,46,57
215,34,38,44
215,35,54,44
215,36,52,44
215,37,58,39
215,38,57,71
215,39,48,42
215,40,26,63
215,41,27,56
215,42,44,66
215,43,54,12
215,44,49,27
215,45,39,55
215,46,48,34
215,47,28,48
215,48,64,21
215,49,49,72
215,50,55,42
215,51,28,39
215,52,50,70
215,53,29,51
215,54,37,55
215,55,61,65
215,56,67,75
215,57,25,53
215,58,39,33
215,59,26,49
215,60,51,26
215,61,45,71
215,62,59,57
215,63,58,60
215,64,27,42
215,65,30,44
215,66,51,28
215,67,36,48
215,68,41,41
215,69,69,74
215,70,38,73
215,71,70,47
215,72,39,38
215,73,51,73
215,74,66,41
215,75,26,68
215,76,40,23
215,77,62,55
215,78,59,25
215,79,27,68
215,80,56,75
215,81,43,75
215,82,34,45
215,83,57,69
215,84,38,64
215,85,44,11
215,86,72,30
215,87,57,72
215,88,65,58
215,89,65,65
215,90,58,48
215,91,46,51
215,92,51,22
215,93,71,27
215,94,51,64
215,95,43,56
215,96,56,64
215,97,73,45
215,98,76,59
215,99,58,38
215,100,59,49
215,101,33,33
215,102,74,51
215,103,54,56
215,104,23,51
215,105,55,36
215,106,44,58
215,107,67,46
215,108,43,68
215,109,51,44
215,110,58,49
215,111,46,42
215,112,58,55
215,113,48,43
215,114,36,45
215,115,51,57
215,116,44,27
215,117,65,30
215,118,36,43
215,119,40,20
215,120,44,42
215,121,59,34
215,122,63,45
215,123,50,66
215,124,58,73
215,125,33,68
215,126,75,52
215,127,41,54
215,128,67,30
215,129,43,39
215,130,52,51
215,131,49,53
215,132,60,27
215,133,77,44
215,134,40,48
215,135,46,40
215,136,61,61
215,137,62,69
215,138,54,53
215,139,33,79
215,140,35,64
215,141,60,21
215,142,44,49
215,143,41,81
215,144,54,55
215,145,65,33
215,146,61,46
215,147,69,52
215,148,62,61
215,149,58,36
215,150,71,67
215,151,39,65
215,152,50,54
215,153,58,51
215,154,51,62
215,155,55,56
215,156,50,43
215,157,63,40
215,158,40,57
215,159,79,25
215,160,60,43
215,161,45,44
215,162,54,48
215,163,59,45
215,164,72,38
215,165,49,48
215,166,53,46
215,167,45,35
215,168,43,64
215,169,69,58
215,170,57,39
215,171,56,60
215,172,68,56
215,173,63,56
215,174,45,51
215,175,63,42
215,176,61,29
215,177,56,53
215,178,76,75
215,179,58,67
215,180,51,49
215,181,59,60
215,182,41,50
215,183,60,53
215,184,74,64
215,185,54,32
215,186,55,60
215,187,38,62
215,188,70,81
215,189,65,41
215,190,58,44
215,191,24,51
215,192,66,47
215,193,58,65
215,194,55,51
215,195,65,66
215,196,56,68
216,1,38,31
216,2,44,44
216,3,48,77
216,4,53,37
216,5,38,50
216,6,42,21
216,7,59,58
216,8,50,61
216,9,25,49
216,10,24,56
216,11,30,60
216,12,42,59
216,13,69,56
216,14,51,52
216,15,36,22
216,16,31,33
216,17,62,20
216,18,47,53
216,19,29,56
216,20,51,18
216,21,53,70
216,22,19,66
216,23,53,38
216,24,20,55
216,25,38,43
216,26,30,42
216,27,28,70
216,28,71,41
216,29,59,47
216,30,35,31
216,31,37,84
216,32,52,54
216,33,45,57
216,34,39,45
216,35,53,43
216,36,51,45
216,37,57,40
216,38,58,71
216,39,48,41
216,40,27,62
216,41,26,56
216,42,43,67
216,43,55,12
216,44,50,28
216,45,38,56
216,46,49,34
216,47,29,47
216,48,65,21
216,49,49,71
216,50,54,42
216,51,29,40
216,52,51,71
216,53,29,52
216,54,38,54
216,55,61,64
216,56,66,76
216,57,24,52
216,58,40,34
216,59,27,49
216,60,50,27
216,61,44,70
216,62,60,58
216,63,57,59
216,64,26,43
216,65,29,43
216,66,50,29
216,67,35,49
216,68,41,40
216,69,68,75
216,70,38,72
216,71,69,46
216,72,39,39
216,73,50,74
216,74,66,42
216,75,25,69
216,76,41,23
216,77,61,55
216,78,60,24
216,79,26,67
216,80,55,76
216,81,42,74
216,82,33,46
216,83,56,70
216,84,37,63
216,85,45,10
216,86,72,29
216,87,58,72
216,88,65,57
216,89,64,64
216,90,57,49
216,91,46,52
216,92,50,21
216,93,71,28
216,94,51,63
216,95,43,57
216,96,57,65
216,97,72,44
216,98,75,59
216,99,59,39
216,100,58,48
216,101,33,32
216,102,75,50
216,103,53,57
216,104,23,52
216,105,54,36
216,106,45,59
216,107,68,47
216,108,44,67
216,109,51,43
216,110,57,48
216,111,47,41
216,112,59,54
216,113,49,42
216,114,37,46
216,115,50,58
216,116,45,27
216,117,64,29
216,118,37,44
216,119,41,21
216,120,43,42
216,121,59,35
216,122,62,45
216,123,51,65
216,124,57,72
216,125,32,68
216,126,74,51
216,127,40,55
216,128,68,31
216,129,42,40
216,130,51,51
216,131,48,52
216,132,61,27
216,133,78,43
216,134,39,47
216,135,46,41
216,136,62,62
216,137,61,68
216,138,55,54
216,139,33,78
216,140,34,63
216,141,61,22
216,142,44,50
216,143,40,81
216,144,54,54
216,145,66,32
216,146,60,47
216,147,69,51
216,148,61,61
216,149,59,36
216,150,70,68
216,151,38,65
216,152,49,55
216,153,57,50
216,154,52,61
216,155,55,57
216,156,51,44
216,157,63,41
216,158,39,57
216,159,80,26
216,160,59,44
216,161,46,45
216,162,53,47
216,163,60,45
216,164,72,37
216,165,48,47
216,166,52,46
216,167,46,34
216,168,42,63
216,169,70,59
216,170,56,38
216,171,57,60
216,172,68,55
216,173,62,55
216,174,46,50
216,175,62,41
216,176,61,28
216,177,56,54
216,178,75,75
216,179,57,68
216,180,51,50
216,181,60,61
216,182,41,49
216,183,60,54
216,184,73,64
216,185,55,32
216,186,55,61
216,187,37,62
216,188,69,81
216,189,65,40
216,190,59,45
216,191,23,50
216,192,66,46
216,193,59,66
216,194,55,50
216,195,64,65
216,196,55,67
217,1,39,31
217,2,45,44
217,3,48,78
217,4,52,36
217,5,39,51
217,6,42,22
217,7,60,57
217,8,49,60
217,9,26,50
217,10,25,55
217,11,29,61
217,12,42,60
217,13,70,57
217,14,51,53
217,15,35,21
217,16,32,34
217,17,62,19
217,18,48,53
217,19,29,57
217,20,52,18
217,21,52,70
217,22,19,65
217,23,54,39
217,24,19,55
217,25,37,42
217,26,31,43
217,27,29,69
217,28,71,42
217,29,59,46
217,30,36,32
217,31,37,83
217,32,53,53
217,33,45,58
217,34,38,44
217,35,53,44
217,36,50,46
217,37,58,40
217,38,59,70
217,39,47,40
217,40,26,62
217,41,26,55
217,42,44,68
217,43,56,11
217,44,51,28
217,45,39,56
217,46,49,33
217,47,30,46
217,48,65,20
217,49,48,70
217,50,55,43
217,51,28,40
217,52,50,72
217,53,30,52
217,54,39,54
217,55,62,65
217,56,67,75
217,57,25,52
217,58,41,34
217,59,28,50
217,60,49,26
217,61,45,71
217,62,59,58
217,63,58,60
217,64,27,43
217,65,28,44
217,66,50,30
217,67,36,50
217,68,42,41
217,69,69,76
217,70,38,73
217,71,68,45
217,72,39,40
217,73,50,75
217,74,67,43
217,75,24,70
217,76,41,22
217,77,62,56
217,78,59,24
217,79,25,66
217,80,54,77
217,81,41,75
217,82,33,45
217,83,57,71
217,84,38,62
217,85,46,9
217,86,73,30
217,87,57,73
217,88,64,58
217,89,65,63
217,90,58,50
217,91,45,53
217,92,51,22
217,93,70,28
217,94,52,64
217,95,42,57
217,96,56,64
217,97,71,45
217,98,76,60
217,99,59,38
217,100,59,47
217,101,32,31
217,102,75,49
217,103,53,56
217,104,22,51
217,105,55,36
217,106,44,60
217,107,67,46
217,108,44,66
217,109,52,44
217,110,58,49
217,111,46,42
217,112,58,54
217,113,48,41
217,114,38,47
217,115,49,57
217,116,46,28
217,117,65,29
217,118,36,43
217,119,41,20
217,120,44,42
217,121,58,34
217,122,62,46
217,123,50,64
217,124,58,71
217,125,33,68
217,126,75,50
217,127,40,54
217,128,67,30
217,129,41,41
217,130,50,50
217,131,49,52
217,132,60,26
217,133,77,43
217,134,40,48
217,135,46,40
217,136,63,63
217,137,60,69
217,138,56,53
217,139,34,79
217,140,33,62
217,141,60,22
217,142,45,51
217,143,39,80
217,144,55,54
217,145,67,33
217,146,60,46
217,147,70,50
217,148,60,60
217,149,58,37
217,150,69,67
217,151,37,64
217,152,49,54
217,153,56,49
217,154,52,62
217,155,56,56
217,156,50,44
217,157,62,40
217,158,40,57
217,159,80,25
217,160,60,44
217,161,45,46
217,162,54,48
217,163,61,44
217,164,71,38
217,165,47,47
217,166,53,46
217,167,45,33
217,168,41,63
217,169,71,58
217,170,57,37
217,171,56,59
217,172,68,54
217,173,61,54
217,174,47,50
217,175,61,40
217,176,60,27
217,177,55,53
217,178,76,76
217,179,56,68
217,180,50,51
217,181,59,62
217,182,41,50
217,183,59,54
217,184,73,63
217,185,55,33
217,186,54,60
217,187,36,61
217,188,69,80
217,189,64,41
217,190,60,45
217,191,24,50
217,192,66,47
217,193,58,67
217,194,56,51
217,195,65,65
217,196,54,68
218,1,40,32
218,2,46,45
218,3,49,79
218,4,51,36
218,5,40,52
218,6,41,21
218,7,59,56
218,8,49,59
218,9,25,50
218,10,24,55
218,11,28,60
218,12,43,61
218,13,71,56
218,14,52,53
218,15,36,22
218,16,31,35
218,17,61,19
218,18,47,52
218,19,29,56
218,20,53,19
218,21,52,69
218,22,20,64
218,23,54,40
218,24,18,54
218,25,38,41
218,26,30,44
218,27,30,70
218,28,70,42
218,29,60,47
218,30,35,33
218,31,36,82
218,32,52,54
218,33,44,57
218,34,37,44
218,35,52,45
218,36,50,47
218,37,57,39
218,38,58,70
218,39,47,41
218,40,25,61
218,41,25,56
218,42,45,67
218,43,57,10
218,44,50,27
218,45,40,56
218,46,49,34
218,47,29,46
218,48,65,19
218,49,48,69
218,50,56,43
218,51,29,39
218,52,49,72
218,53,31,51
218,54,39,53
218,55,63,65
218,56,67,76
218,57,25,51
218,58,42,34
218,59,29,51
218,60,49,27
218,61,45,70
218,62,58,58
218,63,58,61
218,64,28,43
218,65,27,45
218,66,50,31
218,67,36,51
218,68,41,40
218,69,68,77
218,70,37,73
218,71,68,44
218,72,40,39
218,73,51,75
218,74,68,43
218,75,23,71
218,76,40,23
218,77,63,56
218,78,58,24
218,79,25,65
218,80,55,78
218,81,42,76
218,82,34,46
218,83,58,72
218,84,39,61
218,85,47,10
218,86,74,30
218,87,56,73
218,88,65,57
218,89,65,62
218,90,57,50
218,91,45,54
218,92,52,21
218,93,71,27
218,94,52,63
218,95,43,56
218,96,57,64
218,97,70,45
218,98,77,60
218,99,58,39
218,100,59,48
218,101,33,30
218,102,75,48
218,103,52,57
218,104,22,52
218,105,54,37
218,106,45,61
218,107,67,47
218,108,43,66
218,109,53,45
218,110,58,50
218,111,45,41
218,112,59,53
218,113,47,42
218,114,37,47
218,115,48,58
218,116,47,29
218,117,66,29
218,118,35,43
218,119,42,20
218,120,45,43
218,121,59,34
218,122,61,46
218,123,49,65
218,124,57,70
218,125,34,67
218,126,76,49
218,127,39,55
218,128,66,31
218,129,40,41
218,130,49,51
218,131,48,52
218,132,59,26
218,133,78,42
218,134,39,49
218,135,47,40
218,136,62,62
218,137,60,68
218,138,57,52
218,139,33,79
218,140,32,63
218,141,61,23
218,142,44,51
218,143,39,79
218,144,56,53
218,145,67,32
218,146,61,45
218,147,69,49
218,148,59,59
218,149,59,38
218,150,69,68
218,151,36,63
218,152,48,55
218,153,55,49
218,154,53,61
218,155,56,55
218,156,51,44
218,157,61,41
218,158,41,58
218,159,81,25
218,160,60,43
218,161,46,46
218,162,54,49
218,163,62,45
218,164,71,39
218,165,48,48
218,166,52,46
218,167,44,34
218,168,40,64
218,169,72,59
218,170,58,37
218,171,56,60
218,172,68,55
218,173,62,54
218,174,47,49
218,175,62,39
218,176,61,26
218,177,54,53
218,178,77,76
218,179,55,67
218,180,51,50
218,181,60,63
218,182,42,51
218,183,60,53
218,184,73,62
218,185,55,32
218,186,53,60
218,187,35,62
218,188,69,81
218,189,65,40
218,190,60,46
218,191,23,49
218,192,67,46
218,193,57,67
218,194,57,51
218,195,66,64
218,196,54,69
219,1,41,32
219,2,47,44
219,3,48,80
219,4,50,35
219,5,40,51
219,6,42,22
219,7,60,55
219,8,49,60
219,9,26,49
219,10,25,54
219,11,28,59
219,12,44,61
219,13,72,56
219,14,53,52
219,15,37,22
219,16,32,35
219,17,62,18
219,18,46,52
219,19,28,57
219,20,54,18
219,21,51,68
219,22,19,64
219,23,55,39
219,24,17,53
219,25,39,42
219,26,31,45
219,27,30,69
219,28,69,42
219,29,61,48
219,30,36,34
219,31,37,81
219,32,53,54
219,33,43,57
219,34,36,44
219,35,52,44
219,36,50,46
219,37,58,38
219,38,59,69
219,39,46,41
219,40,24,61
219,41,26,55
219,42,46,68
219,43,58,10
219,44,49,26
219,45,39,56
219,46,49,33
219,47,28,47
219,48,66,19
219,49,47,68
219,50,57,43
219,51,30,38
219,52,48,73
219,53,30,50
219,54,40,53
219,55,63,64
219,56,68,76
219,57,25,52
219,58,41,35
219,59,30,52
219,60,50,27
219,61,44,71
219,62,58,57
219,63,57,61
219,64,29,44
219,65,27,44
219,66,50,32
219,67,37,51
219,68,42,40
219,69,67,77
219,70,36,74
219,71,67,44
219,72,39,40
219,73,52,76
219,74,68,42
219,75,24,72
219,76,39,22
219,77,62,57
219,78,57,24
219,79,24,64
219,80,56,78
219,81,43,75
219,82,34,47
219,83,58,71
219,84,38,61
219,85,48,9
219,86,75,29
219,87,56,72
219,88,64,58
219,89,64,63
219,90,56,51
219,91,44,54
219,92,51,20
219,93,72,27
219,94,53,62
219,95,42,57
219,96,58,65
219,97,69,44
219,98,78,60
219,99,57,38
219,100,59,47
219,101,34,29
219,102,74,49
219,103,51,58
219,104,21,51
219,105,53,38
219,106,45,62
219,107,68,48
219,108,43,67
219,109,54,45
219,110,58,49
219,111,45,42
219,112,58,53
219,113,48,41
219,114,36,47
219,115,47,58
219,116,47,28
219,117,67,28
219,118,34,43
219,119,42,21
219,120,46,42
219,121,58,34
219,122,62,47
219,123,48,64
219,124,58,70
219,125,35,67
219,126,76,50
219,127,40,56
219,128,66,30
219,129,41,40
219,130,50,50
219,131,49,51
219,132,58,27
219,133,78,43
219,134,38,48
219,135,46,39
219,136,61,62
219,137,59,67
219,138,58,52
219,139,34,78
219,140,31,62
219,141,61,24
219,142,45,50
219,143,38,78
219,144,56,52
219,145,68,31
219,146,62,46
219,147,70,50
219,148,58,58
219,149,60,39
219,150,68,68
219,151,35,63
219,152,48,54
219,153,56,48
219,154,54,60
219,155,55,56
219,156,50,43
219,157,62,40
219,158,40,58
219,159,82,26
219,160,60,42
219,161,47,45
219,162,53,48
219,163,62,44
219,164,70,40
219,165,47,48
219,166,51,47
219,167,43,33
219,168,41,65
219,169,71,60
219,170,57,37
219,171,55,60
219,172,67,54
219,173,61,55
219,174,48,49
219,175,61,39
219,176,62,25
219,177,54,52
219,178,78,76
219,179,54,67
219,180,51,49
219,181,60,62
219,182,42,50
219,183,59,54
219,184,72,62
219,185,56,33
219,186,53,59
219,187,36,62
219,188,70,82
219,189,66,41
219,190,60,45
219,191,24,49
219,192,68,45
219,193,57,68
219,194,57,52
219,195,67,65
219,196,55,68
220,1,42,32
220,2,46,45
220,3,49,80
220,4,50,36
220,5,39,50
220,6,41,23
220,7,60,56
220,8,49,59
220,9,27,49
220,10,24,55
220,11,27,59
220,12,43,62
220,13,72,57
220,14,54,51
220,15,37,21
220,16,33,34
220,17,61,18
220,18,45,52
220,19,28,58
220,20,55,17
220,21,50,69
220,22,19,63
220,23,56,38
220,24,18,52
220,25,40,42
220,26,32,44
220,27,31,68
220,28,69,41
220,29,60,49
220,30,37,35
220,31,37,80
220,32,54,54
220,33,42,56
220,34,35,43
220,35,53,43
220,36,49,46
220,37,59,37
220,38,59,68
220,39,45,40
220,40,25,60
220,41,25,55
220,42,47,69
220,43,58,9
220,44,50,26
220,45,39,57
220,46,48,32
220,47,29,48
220,48,67,20
220,49,48,67
220,50,56,42
220,51,29,37
220,52,47,74
220,53,30,51
220,54,41,54
220,55,64,65
220,56,68,75
220,57,24,52
220,58,41,36
220,59,29,52
220,60,49,28
220,61,45,71
220,62,59,58
220,63,56,60
220,64,29,45
220,65,27,45
220,66,51,31
220,67,37,52
220,68,43,39
220,69,68,78
220,70,37,74
220,71,68,43
220,72,40,41
220,73,52,77
220,74,67,41
220,75,25,72
220,76,38,22
220,77,61,56
220,78,58,25
220,79,25,64
220,80,57,78
220,81,44,75
220,82,34,46
220,83,59,70
220,84,38,62
220,85,47,8
220,86,76,28
220,87,56,71
220,88,65,57
220,89,64,64
220,90,56,50
220,91,45,55
220,92,50,19
220,93,73,27
220,94,52,62
220,95,41,56
220,96,57,65
220,97,70,45
220,98,78,61
220,99,57,39
220,100,58,46
220,101,33,28
220,102,75,49
220,103,50,59
220,104,21,52
220,105,54,39
220,106,46,62
220,107,67,48
220,108,43,68
220,109,53,44
220,110,59,50
220,111,44,41
220,112,57,53
220,113,49,40
220,114,37,46
220,115,47,59
220,116,46,29
220,117,67,29
220,118,33,44
220,119,41,22
220,120,46,41
220,121,59,35
220,122,63,46
220,123,49,63
220,124,57,69
220,125,34,66
220,126,77,50
220,127,39,56
220,128,67,31
220,129,42,40
220,130,50,51
220,131,50,50
220,132,57,27
220,133,77,43
220,134,37,49
220,135,47,39
220,136,61,63
220,137,58,67
220,138,58,53
220,139,33,78
220,140,30,61
220,141,61,23
220,142,46,51
220,143,37,79
220,144,55,52
220,145,68,30
220,146,62,47
220,147,69,49
220,148,58,59
220,149,59,38
220,150,69,68
220,151,35,62
220,152,47,53
220,153,55,49
220,154,54,59
220,155,54,55
220,156,50,44
220,157,63,41
220,158,39,58
220,159,83,27
220,160,59,43
220,161,46,44
220,162,52,47
220,163,63,44
220,164,71,40
220,165,48,47
220,166,52,48
220,167,44,34
220,168,40,66
220,169,70,61
220,170,58,36
220,171,55,59
220,172,68,55
220,173,62,54
220,174,49,48
220,175,61,38
220,176,61,26
220,177,54,53
220,178,77,76
220,179,55,67
220,180,52,49
220,181,61,61
220,182,41,50
220,183,60,55
220,184,73,62
220,185,56,32
220,186,52,58
220,187,37,61
220,188,71,81
220,189,65,40
220,190,61,45
220,191,23,48
220,192,67,46
220,193,56,69
220,194,57,51
220,195,66,64
220,196,54,69
221,1,42,33
221,2,47,45
221,3,49,79
221,4,50,37
221,5,40,50
221,6,42,22
221,7,61,57
221,8,48,58
221,9,26,49
221,10,23,55
221,11,27,60
221,12,44,62
221,13,71,58
221,14,53,50
221,15,36,20
221,16,33,35
221,17,60,17
221,18,46,53
221,19,28,57
221,20,55,16
221,21,49,70
221,22,20,63
221,23,55,39
221,24,19,52
221,25,41,41
221,26,33,45
221,27,30,68
221,28,68,42
221,29,61,49
221,30,38,34
221,31,36,79
221,32,53,55
221,33,41,55
221,34,35,44
221,35,54,44
221,36,50,45
221,37,60,38
221,38,60,68
221,39,44,39
221,40,24,60
221,41,24,56
221,42,46,69
221,43,57,9
221,44,49,26
221,45,40,56
221,46,47,33
221,47,30,47
221,48,66,21
221,49,47,66
221,50,57,41
221,51,29,38
221,52,48,74
221,53,31,51
221,54,40,53
221,55,64,66
221,56,69,74
221,57,25,51
221,58,40,36
221,59,30,51
221,60,50,29
221,61,44,72
221,62,60,59
221,63,57,59
221,64,30,46
221,65,27,44
221,66,50,30
221,67,36,53
221,68,44,40
221,69,69,79
221,70,36,73
221,71,68,44
221,72,39,40
221,73,53,78
221,74,68,40
221,75,24,73
221,76,39,23
221,77,60,56
221,78,57,25
221,79,26,64
221,80,56,79
221,81,43,76
221,82,33,47
221,83,60,70
221,84,39,63
221,85,48,8
221,86,76,29
221,87,57,71
221,88,66,56
221,89,65,63
221,90,55,50
221,91,46,54
221,92,50,18
221,93,72,26
221,94,51,61
221,95,41,57
221,96,56,66
221,97,71,46
221,98,78,62
221,99,58,39
221,100,59,45
221,101,33,29
221,102,75,50
221,103,51,59
221,104,21,53
221,105,53,40
221,106,47,61
221,107,68,47
221,108,43,67
221,109,54,45
221,110,60,49
221,111,44,42
221,112,58,54
221,113,48,41
221,114,36,45
221,115,47,58
221,116,47,28
221,117,68,29
221,118,34,43
221,119,41,21
221,120,46,40
221,121,59,36
221,122,63,47
221,123,48,64
221,124,56,68
221,125,33,67
221,126,78,49
221,127,40,55
221,128,67,32
221,129,41,39
221,130,50,52
221,131,49,51
221,132,57,28
221,133,78,43
221,134,36,48
221,135,47,40
221,136,62,62
221,137,58,68
221,138,57,53
221,139,33,79
221,140,30,62
221,141,62,22
221,142,46,50
221,143,38,79
221,144,56,53
221,145,67,29
221,146,63,48
221,147,68,49
221,148,57,58
221,149,59,39
221,150,69,69
221,151,34,62
221,152,48,53
221,153,54,48
221,154,55,60
221,155,54,54
221,156,51,43
221,157,62,42
221,158,40,58
221,159,84,28
221,160,60,42
221,161,46,43
221,162,53,48
221,163,62,44
221,164,70,40
221,165,49,47
221,166,53,47
221,167,45,33
221,168,41,67
221,169,70,62
221,170,57,37
221,171,55,58
221,172,67,55
221,173,61,54
221,174,50,48
221,175,61,37
221,176,60,27
221,177,55,52
221,178,77,77
221,179,54,67
221,180,53,49
221,181,60,60
221,182,40,51
221,183,60,54
221,184,74,61
221,185,56,33
221,186,53,58
221,187,38,61
221,188,70,80
221,189,64,40
221,190,60,45
221,191,23,47
221,192,67,47
221,193,57,68
221,194,56,52
221,195,67,65
221,196,55,69
222,1,41,34
222,2,48,45
222,3,50,79
222,4,50,38
222,5,41,51
222,6,43,21
222,7,60,58
222,8,47,59
222,9,27,50
222,10,24,55
222,11,26,61
222,12,45,61
222,13,72,57
222,14,52,50
222,15,35,21
222,16,33,34
222,17,59,17
222,18,45,53
222,19,29,57
222,20,56,17
222,21,48,69
222,22,19,63
222,23,54,39
222,24,19,51
222,25,40,41
222,26,34,46
222,27,30,67
222,28,67,42
222,29,60,50
222,30,38,35
222,31,37,80
222,32,52,56
222,33,41,56
222,34,34,45
222,35,55,43
222,36,51,46
222,37,59,38
222,38,59,67
222,39,45,39
222,40,24,61
222,41,25,55
222,42,47,68
222,43,56,9
222,44,48,26
222,45,41,55
222,46,48,32
222,47,31,47
222,48,65,22
222,49,46,67
222,50,58,40
222,51,30,37
222,52,47,73
222,53,30,52
222,54,40,52
222,55,65,66
222,56,70,74
222,57,25,50
222,58,41,36
222,59,31,50
222,60,49,29
222,61,45,73
222,62,61,59
222,63,57,60
222,64,30,47
222,65,27,45
222,66,51,29
222,67,35,54
222,68,43,41
222,69,68,79
222,70,36,74
222,71,69,45
222,72,40,39
222,73,53,79
222,74,69,41
222,75,23,72
222,76,39,22
222,77,59,57
222,78,58,24
222,79,25,63
222,80,55,79
222,81,44,76
222,82,33,46
222,83,61,71
222,84,38,64
222,85,49,7
222,86,75,30
222,87,57,72
222,88,65,56
222,89,65,64
222,90,56,49
222,91,46,55
222,92,49,18
222,93,71,25
222,94,52,61
222,95,40,57
222,96,57,66
222,97,72,46
222,98,78,61
222,99,59,40
222,100,60,44
222,101,32,30
222,102,74,49
222,103,52,59
222,104,22,52
222,105,53,41
222,106,48,60
222,107,67,48
222,108,44,67
222,109,54,44
222,110,59,49
222,111,45,43
222,112,57,55
222,113,47,42
222,114,37,46
222,115,48,59
222,116,47,29
222,117,69,28
222,118,33,43
222,119,40,20
222,120,45,41
222,121,60,37
222,122,62,48
222,123,47,65
222,124,57,69
222,125,32,68
222,126,78,50
222,127,39,56
222,128,66,33
222,129,41,40
222,130,49,52
222,131,50,51
222,132,56,27
222,133,78,42
222,134,37,48
222,135,48,41
222,136,61,63
222,137,57,67
222,138,56,54
222,139,32,80
222,140,30,63
222,141,62,23
222,142,46,49
222,143,39,78
222,144,57,52
222,145,68,28
222,146,63,49
222,147,69,50
222,148,57,59
222,149,60,38
222,150,68,68
222,151,33,61
222,152,47,53
222,153,54,49
222,154,56,61
222,155,54,55
222,156,52,43
222,157,63,41
222,158,39,57
222,159,85,28
222,160,61,43
222,161,47,44
222,162,54,48
222,163,62,43
222,164,69,39
222,165,48,48
222,166,53,46
222,167,46,33
222,168,42,66
222,169,70,61
222,170,56,37
222,171,56,59
222,172,68,56
222,173,61,53
222,174,49,47
222,175,61,38
222,176,61,26
222,177,56,51
222,178,78,78
222,179,54,66
222,180,53,48
222,181,60,59
222,182,39,50
222,183,59,55
222,184,73,62
222,185,55,34
222,186,54,59
222,187,37,62
222,188,69,81
222,189,63,40
222,190,60,46
222,191,23,48
222,192,66,47
222,193,58,68
222,194,55,53
222,195,68,65
222,196,56,69
223,1,40,35
223,2,49,45
223,3,51,78
223,4,51,37
223,5,41,50
223,6,42,21
223,7,61,57
223,8,47,60
223,9,26,51
223,10,23,55
223,11,26,62
223,12,45,60
223,13,72,58
223,14,51,49
223,15,36,21
223,16,32,34
223,17,60,18
223,18,45,54
223,19,30,57
223,20,56,16
223,21,49,68
223,22,18,64
223,23,55,38
223,24,18,50
223,25,39,41
223,26,35,47
223,27,30,66
223,28,66,42
223,29,61,51
223,30,39,35
223,31,37,81
223,32,51,57
223,33,40,55
223,34,35,45
223,35,56,42
223,36,50,46
223,37,59,37
223,38,59,66
223,39,45,40
223,40,25,62
223,41,24,54
223,42,47,67
223,43,56,10
223,44,49,26
223,45,41,54
223,46,47,33
223,47,30,46
223,48,66,21
223,49,46,68
223,50,58,41
223,51,30,36
223,52,47,72
223,53,31,52
223,54,41,53
223,55,66,66
223,56,70,73
223,57,24,49
223,58,42,35
223,59,31,51
223,60,48,28
223,61,45,72
223,62,62,59
223,63,57,61
223,64,29,47
223,65,28,45
223,66,52,30
223,67,36,55
223,68,44,42
223,69,67,80
223,70,36,75
223,71,68,46
223,72,40,40
223,73,52,78
223,74,69,40
223,75,22,73
223,76,38,21
223,77,60,56
223,78,57,25
223,79,24,62
223,80,56,79
223,81,43,75
223,82,34,45
223,83,61,72
223,84,37,65
223,85,50,6
223,86,74,29
223,87,56,72
223,88,65,55
223,89,64,64
223,90,56,50
223,91,46,56
223,92,50,19
223,93,71,26
223,94,51,60
223,95,40,56
223,96,56,67
223,97,72,47
223,98,77,61
223,99,60,39
223,100,59,44
223,101,33,30
223,102,73,48
223,103,51,59
223,104,22,51
223,105,52,40
223,106,48,61
223,107,68,49
223,108,43,68
223,109,55,45
223,110,60,48
223,111,45,44
223,112,56,55
223,113,46,41
223,114,38,47
223,115,49,59
223,116,46,29
223,117,70,27
223,118,32,42
223,119,41,19
223,120,44,41
223,121,60,36
223,122,62,47
223,123,48,65
223,124,57,70
223,125,31,67
223,126,78,51
223,127,38,55
223,128,65,34
223,129,41,41
223,130,50,53
223,131,50,50
223,132,55,27
223,133,78,41
223,134,38,49
223,135,49,40
223,136,60,63
223,137,57,68
223,138,55,55
223,139,32,81
223,140,31,63
223,141,63,23
223,142,47,48
223,143,38,78
223,144,56,53
223,145,67,28
223,146,64,49
223,147,69,49
223,148,58,59
223,149,61,37
223,150,67,68
223,151,33,62
223,152,46,53
223,153,55,50
223,154,56,60
223,155,54,54
223,156,51,42
223,157,64,41
223,158,39,56
223,159,85,27
223,160,60,44
223,161,48,44
223,162,54,49
223,163,61,43
223,164,69,38
223,165,48,49
223,166,54,47
223,167,46,34
223,168,43,66
223,169,69,62
223,170,56,36
223,171,55,60
223,172,68,57
223,173,62,52
223,174,49,48
223,175,60,38
223,176,62,25
223,177,57,52
223,178,79,79
223,179,53,66
223,180,53,49
223,181,59,58
223,182,38,51
223,183,60,54
223,184,74,63
223,185,54,34
223,186,54,58
223,187,36,61
223,188,68,82
223,189,64,39
223,190,59,47
223,191,24,48
223,192,67,46
223,193,57,69
223,194,56,54
223,195,69,65
223,196,55,69
224,1,41,34
224,2,50,45
224,3,51,79
224,4,52,38
224,5,41,49
224,6,41,21
224,7,62,56
224,8,46,59
224,9,25,52
224,10,22,54
224,11,25,63
224,12,46,60
224,13,73,58
224,14,52,48
224,15,35,21
224,16,33,34
224,17,59,17
224,18,46,54
224,19,31,58
224,20,56,15
224,21,48,68
224,22,19,63
224,23,56,38
224,24,17,49
224,25,40,41
224,26,36,46
224,27,29,66
224,28,67,41
224,29,62,50
224,30,38,35
224,31,36,81
224,32,51,58
224,33,39,55
224,34,34,46
224,35,56,43
224,36,51,46
224,37,58,38
224,38,60,66
224,39,46,39
224,40,26,61
224,41,23,55
224,42,46,67
224,43,57,10
224,44,48,26
224,45,42,55
224,46,47,32
224,47,29,45
224,48,66,22
224,49,45,67
224,50,57,42
224,51,29,37
224,52,46,71
224,53,30,53
224,54,41,52
224,55,67,66
224,56,69,72
224,57,25,50
224,58,42,36
224,59,32,51
224,60,48,27
224,61,46,73
224,62,63,59
224,63,56,62
224,64,28,46
224,65,27,44
224,66,53,30
224,67,35,54
224,68,45,41
224,69,68,79
224,70,36,74
224,71,69,46
224,72,41,40
224,73,53,78
224,74,68,40
224,75,23,74
224,76,37,21
224,77,61,56
224,78,58,24
224,79,23,63
224,80,57,79
224,81,43,74
224,82,35,46
224,83,62,72
224,84,38,64
224,85,50,7
224,86,75,28
224,87,55,71
224,88,66,54
224,89,65,65
224,90,57,51
224,91,47,56
224,92,51,18
224,93,71,27
224,94,51,61
224,95,41,57
224,96,55,66
224,97,71,47
224,98,76,61
224,99,61,38
224,100,59,43
224,101,34,29
224,102,72,48
224,103,50,60
224,104,21,50
224,105,52,39
224,106,47,60
224,107,68,50
224,108,44,69
224,109,55,46
224,110,61,49
224,111,46,45
224,112,55,54
224,113,46,42
224,114,37,46
224,115,49,60
224,116,46,30
224,117,71,26
224,118,33,41
224,119,40,20
224,120,45,40
224,121,60,37
224,122,61,48
224,123,48,66
224,124,56,70
224,125,30,67
224,126,78,50
224,127,38,56
224,128,65,35
224,129,42,41
224,130,49,53
224,131,49,50
224,132,55,28
224,133,78,40
224,134,37,48
224,135,50,39
224,136,60,62
224,137,58,68
224,138,56,55
224,139,32,82
224,140,31,64
224,141,64,22
224,142,46,48
224,143,37,79
224,144,57,53
224,145,68,28
224,146,63,48
224,147,69,50
224,148,57,58
224,149,62,36
224,150,66,69
224,151,32,62
224,152,45,54
224,153,56,51
224,154,57,59
224,155,53,53
224,156,50,41
224,157,64,42
224,158,40,55
224,159,86,26
224,160,59,44
224,161,48,43
224,162,53,48
224,163,62,44
224,164,70,38
224,165,48,48
224,166,55,48
224,167,45,34
224,168,42,66
224,169,70,63
224,170,57,35
224,171,56,60
224,172,67,57
224,173,61,53
224,174,50,48
224,175,61,39
224,176,63,25
224,177,56,52
224,178,80,79
224,179,54,65
224,180,53,50
224,181,59,57
224,182,37,51
224,183,59,55
224,184,75,62
224,185,53,35
224,186,55,57
224,187,37,60
224,188,69,82
224,189,64,38
224,190,58,48
224,191,24,49
224,192,68,45
224,193,56,68
224,194,55,55
224,195,70,64
224,196,54,68
225,1,41,33
225,2,49,46
225,3,52,79
225,4,51,37
225,5,40,48
225,6,42,21
225,7,62,57
225,8,47,58
225,9,26,51
225,10,22,53
225,11,24,63
225,12,45,59
225,13,74,59
225,14,52,47
225,15,34,22
225,16,34,33
225,17,58,17
225,18,45,55
225,19,32,57
225,20,56,14
225,21,47,68
225,22,19,62
225,23,55,37
225,24,16,50
225,25,41,42
225,26,36,45
225,27,30,65
225,28,67,42
225,29,61,50
225,30,37,35
225,31,37,80
225,32,50,58
225,33,39,54
225,34,35,45
225,35,57,44
225,36,51,47
225,37,57,38
225,38,61,67
225,39,46,40
225,40,27,61
225,41,22,56
225,42,47,66
225,43,56,10
225,44,48,25
225,45,43,55
225,46,46,31
225,47,30,44
225,48,66,23
225,49,46,68
225,50,56,42
225,51,29,36
225,52,47,72
225,53,31,53
225,54,41,53
225,55,66,65
225,56,70,73
225,57,25,49
225,58,43,37
225,59,31,52
225,60,47,27
225,61,47,74
225,62,62,58
225,63,57,63
225,64,29,47
225,65,27,43
225,66,54,30
225,67,34,55
225,68,46,41
225,69,68,78
225,70,37,75
225,71,68,46
225,72,42,40
225,73,52,77
225,74,69,39
225,75,24,75
225,76,36,22
225,77,60,57
225,78,59,23
225,79,22,64
225,80,57,80
225,81,44,73
225,82,34,47
225,83,63,73
225,84,37,65
225,85,51,8
225,86,76,29
225,87,56,72
225,88,65,53
225,89,64,64
225,90,56,50
225,91,48,56
225,92,50,19
225,93,72,26
225,94,50,62
225,95,40,58
225,96,54,67
225,97,70,48
225,98,77,62
225,99,61,37
225,100,59,42
225,101,34,28
225,102,71,47
225,103,50,59
225,104,21,51
225,105,53,40
225,106,47,59
225,107,69,51
225,108,45,69
225,109,56,47
225,110,60,48
225,111,46,46
225,112,56,54
225,113,47,42
225,114,38,47
225,115,49,59
225,116,47,30
225,117,71,27
225,118,32,41
225,119,40,21
225,120,44,41
225,121,59,36
225,122,62,48
225,123,49,65
225,124,57,70
225,125,30,66
225,126,77,49
225,127,38,55
225,128,64,35
225,129,43,40
225,130,49,54
225,131,49,51
225,132,55,29
225,133,77,40
225,134,37,49
225,135,51,40
225,136,59,63
225,137,59,69
225,138,57,56
225,139,31,81
225,140,32,63
225,141,64,23
225,142,47,49
225,143,38,79
225,144,57,54
225,145,68,27
225,146,63,49
225,147,70,51
225,148,56,58
225,149,63,36
225,150,65,69
225,151,32,61
225,152,44,53
225,153,57,51
225,154,58,60
225,155,52,53
225,156,51,41
225,157,65,43
225,158,41,55
225,159,85,26
225,160,60,44
225,161,47,43
225,162,54,47
225,163,63,44
225,164,71,37
225,165,48,47
225,166,56,48
225,167,46,33
225,168,41,65
225,169,69,63
225,170,58,35
225,171,55,60
225,172,67,56
225,173,61,54
225,174,50,47
225,175,60,40
225,176,64,25
225,177,57,53
225,178,81,79
225,179,55,66
225,180,53,51
225,181,60,56
225,182,37,50
225,183,58,54
225,184,76,61
225,185,52,35
225,186,55,58
225,187,36,59
225,188,69,83
225,189,64,37
225,190,57,49
225,191,23,48
225,192,69,45
225,193,57,69
225,194,56,55
225,195,71,63
225,196,53,67
226,1,41,32
226,2,49,45
226,3,51,79
226,4,50,38
226,5,39,49
226,6,43,22
226,7,63,58
226,8,47,57
226,9,26,50
226,10,22,52
226,11,24,64
226,12,45,58
226,13,74,60
226,14,53,48
226,15,33,23
226,16,33,34
226,17,57,18
226,18,44,56
226,19,33,57
226,20,55,15
226,21,46,67
226,22,18,61
226,23,56,37
226,24,15,49
226,25,42,41
226,26,37,45
226,27,31,64
226,28,66,41
226,29,60,50
226,30,37,36
226,31,37,81
226,32,51,57
226,33,40,53
226,34,34,45
226,35,57,43
226,36,50,46
226,37,58,37
226,38,61,66
226,39,45,39
226,40,26,61
226,41,21,56
226,42,48,65
226,43,55,10
226,44,47,26
226,45,42,56
226,46,47,31
226,47,29,43
226,48,66,24
226,49,46,69
226,50,56,43
226,51,30,37
226,52,47,73
226,53,30,54
226,54,40,52
226,55,67,64
226,56,69,74
226,57,24,48
226,58,43,36
226,59,30,52
226,60,46,28
226,61,47,75
226,62,62,59
226,63,57,62
226,64,30,46
226,65,26,44
226,66,53,29
226,67,35,55
226,68,46,42
226,69,68,77
226,70,36,76
226,71,69,47
226,72,43,41
226,73,53,76
226,74,70,39
226,75,24,74
226,76,37,21
226,77,61,56
226,78,59,22
226,79,22,63
226,80,58,80
226,81,43,73
226,82,35,47
226,83,64,72
226,84,36,65
226,85,52,7
226,86,76,28
226,87,56,73
226,88,65,54
226,89,63,64
226,90,55,49
226,91,49,56
226,92,49,18
226,93,72,25
226,94,51,61
226,95,41,59
226,96,53,66
226,97,69,48
226,98,78,62
226,99,60,38
226,100,58,43
226,101,33,27
226,102,71,46
226,103,50,60
226,104,20,52
226,105,53,41
226,106,46,58
226,107,70,50
226,108,44,70
226,109,55,46
226,110,59,47
226,111,47,45
226,112,56,53
226,113,46,41
226,114,39,48
226,115,49,60
226,116,46,31
226,117,70,28
226,118,31,41
226,119,41,21
226,120,45,42
226,121,60,36
226,122,62,49
226,123,49,64
226,124,57,71
226,125,29,67
226,126,78,49
226,127,37,56
226,128,63,35
226,129,42,40
226,130,49,53
226,131,49,50
226,132,56,29
226,133,78,41
226,134,38,48
226,135,51,39
226,136,59,62
226,137,59,70
226,138,58,57
226,139,30,81
226,140,33,64
226,141,65,24
226,142,48,50
226,143,37,80
226,144,56,54
226,145,67,28
226,146,62,48
226,147,70,52
226,148,56,57
226,149,64,35
226,150,64,68
226,151,32,60
226,152,43,54
226,153,56,52
226,154,59,59
226,155,51,53
226,156,51,40
226,157,65,42
226,158,41,54
226,159,86,25
226,160,61,43
226,161,46,43
226,162,53,46
226,163,63,45
226,164,72,37
226,165,49,47
226,166,57,48
226,167,45,33
226,168,42,64
226,169,70,64
226,170,57,36
226,171,55,59
226,172,67,57
226,173,60,53
226,174,51,47
226,175,61,41
226,176,64,26
226,177,57,54
226,178,81,78
226,179,56,66
226,180,52,51
226,181,59,57
226,182,38,50
226,183,59,53
226,184,75,62
226,185,51,34
226,186,54,58
226,187,37,60
226,188,68,84
226,189,65,36
226,190,58,48
226,191,22,47
226,192,68,45
226,193,58,69
226,194,57,55
226,195,72,62
226,196,53,68
227,1,42,32
227,2,49,44
227,3,51,78
227,4,49,39
227,5,40,50
227,6,42,23
227,7,64,58
227,8,46,57
227,9,27,51
227,10,21,53
227,11,23,63
227,12,44,58
227,13,73,59
227,14,52,47
227,15,33,22
227,16,34,33
227,17,56,17
227,18,45,57
227,19,32,58
227,20,56,15
227,21,45,67
227,22,18,60
227,23,55,36
227,24,16,50
227,25,41,41
227,26,36,46
227,27,31,63
227,28,65,40
227,29,60,49
227,30,38,35
227,31,38,80
227,32,51,56
227,33,39,53
227,34,33,44
227,35,57,44
227,36,51,45
227,37,58,36
227,38,62,67
227,39,46,39
227,40,25,62
227,41,21,55
227,42,47,66
227,43,56,11
227,44,48,26
227,45,43,57
227,46,48,32
227,47,29,42
227,48,65,25
227,49,46,68
227,50,55,44
227,51,31,36
227,52,46,74
227,53,29,55
227,54,40,53
227,55,68,65
227,56,70,73
227,57,24,47
227,58,42,35
227,59,29,52
227,60,45,29
227,61,48,75
227,62,63,58
227,63,58,61
227,64,29,46
227,65,27,43
227,66,52,28
227,67,34,55
227,68,47,42
227,69,67,76
227,70,37,76
227,71,70,48
227,72,42,41
227,73,52,76
227,74,69,39
227,75,25,73
227,76,36,21
227,77,60,55
227,78,58,21
227,79,23,64
227,80,59,79
227,81,43,74
227,82,36,48
227,83,63,73
227,84,35,66
227,85,51,8
227,86,77,27
227,87,56,72
227,88,64,53
227,89,64,65
227,90,54,49
227,91,50,55
227,92,48,18
227,93,71,26
227,94,52,60
227,95,42,59
227,96,54,66
227,97,70,47
227,98,79,63
227,99,61,37
227,100,57,42
227,101,34,27
227,102,72,46
227,103,51,59
227,104,19,51
227,105,54,41
227,106,47,58
227,107,69,50
227,108,44,71
227,109,54,47
227,110,59,48
227,111,48,44
227,112,55,52
227,113,45,41
227,114,39,47
227,115,50,61
227,116,46,30
227,117,71,28
227,118,30,41
227,119,40,20
227,120,44,43
227,121,59,37
227,122,61,50
227,123,50,63
227,124,58,71
227,125,30,68
227,126,77,49
227,127,38,57
227,128,63,34
227,129,43,41
227,130,50,54
227,131,50,51
227,132,55,30
227,133,77,40
227,134,38,47
227,135,50,39
227,136,59,63
227,137,58,70
227,138,57,56
227,139,30,82
227,140,33,63
227,141,64,23
227,142,49,50
227,143,36,81
227,144,55,55
227,145,66,29
227,146,63,47
227,147,70,51
227,148,56,58
227,149,65,34
227,150,63,68
227,151,33,60
227,152,44,55
227,153,57,51
227,154,58,60
227,155,50,52
227,156,51,39
227,157,66,41
227,158,41,55
227,159,85,26
227,160,61,44
227,161,47,43
227,162,53,45
227,163,64,45
227,164,73,37
227,165,48,46
227,166,57,49
227,167,46,33
227,168,41,64
227,169,69,65
227,170,57,35
227,171,56,59
227,172,66,56
227,173,61,53
227,174,51,48
227,175,61,40
227,176,64,27
227,177,57,53
227,178,81,79
227,179,55,65
227,180,52,52
227,181,59,58
227,182,38,49
227,183,58,52
227,184,75,63
227,185,52,33
227,186,53,59
227,187,36,60
227,188,67,84
227,189,66,37
227,190,58,49
227,191,22,46
227,192,69,44
227,193,57,69
227,194,56,56
227,195,71,63
227,196,54,67
228,1,42,33
228,2,48,43
228,3,51,77
228,4,49,40
228,5,41,51
228,6,43,23
228,7,64,57
228,8,46,56
228,9,26,50
228,10,20,52
228,11,22,62
228,12,43,58
228,13,72,60
228,14,53,47
228,15,34,22
228,16,34,34
228,17,57,16
228,18,44,56
228,19,33,57
228,20,57,15
228,21,44,68
228,22,19,61
228,23,54,36
228,24,15,51
228,25,41,40
228,26,37,45
228,27,32,62
228,28,64,41
228,29,61,48
228,30,37,36
228,31,38,81
228,32,50,56
228,33,40,54
228,34,32,45
228,35,58,44
228,36,50,46
228,37,58,37
228,38,62,66
228,39,47,40
228,40,25,63
228,41,20,54
228,42,48,65
228,43,55,11
228,44,48,27
228,45,44,58
228,46,48,33
228,47,28,42
228,48,65,26
228,49,45,68
228,50,55,45
228,51,30,36
228,52,45,75
228,53,29,54
228,54,39,53
228,55,67,64
228,56,71,74
228,57,24,48
228,58,43,34
228,59,29,51
228,60,44,29
228,61,48,74
228,62,63,59
228,63,59,60
228,64,29,47
228,65,27,44
228,66,51,28
228,67,35,54
228,68,46,42
228,69,68,75
228,70,38,77
228,71,70,49
228,72,43,40
228,73,52,77
228,74,70,38
228,75,24,73
228,76,36,22
228,77,59,54
228,78,59,22
228,79,23,65
228,80,60,80
228,81,43,73
228,82,35,47
228,83,64,72
228,84,36,66
228,85,51,7
228,86,77,26
228,87,55,73
228,88,64,52
228,89,63,66
228,90,54,48
228,91,51,56
228,92,49,17
228,93,71,25
228,94,51,60
228,95,41,58
228,96,55,66
228,97,69,46
228,98,80,63
228,99,62,37
228,100,56,41
228,101,33,26
228,102,73,45
228,103,51,58
228,104,19,50
228,105,55,42
228,106,48,57
228,107,68,49
228,108,44,70
228,109,53,48
228,110,60,49
228,111,49,45
228,112,55,51
228,113,46,41
228,114,39,46
228,115,49,60
228,116,46,29
228,117,71,27
228,118,30,40
228,119,40,21
228,120,44,44
228,121,60,38
228,122,60,50
228,123,51,64
228,124,57,71
228,125,31,68
228,126,77,50
228,127,39,58
228,128,63,33
228,129,44,40
228,130,50,53
228,131,50,50
228,132,54,31
228,133,78,39
228,134,39,47
228,135,51,38
228,136,58,64
228,137,59,70
228,138,56,55
228,139,31,82
228,140,34,63
228,141,63,23
228,142,48,51
228,143,36,82
228,144,55,54
228,145,67,30
228,146,62,47
228,147,69,50
228,148,57,57
228,149,64,34
228,150,63,67
228,151,32,61
228,152,43,56
228,153,57,52
228,154,57,61
228,155,49,53
228,156,52,40
228,157,66,42
228,158,41,56
228,159,84,26
228,160,61,43
228,161,48,42
228,162,52,46
228,163,65,44
228,164,72,36
228,165,49,46
228,166,56,50
228,167,46,34
228,168,42,64
228,169,68,65
228,170,58,35
228,171,56,58
228,172,67,55
228,173,62,52
228,174,51,49
228,175,60,41
228,176,65,28
228,177,56,54
228,178,81,78
228,179,54,64
228,180,52,53
228,181,60,59
228,182,39,48
228,183,59,53
228,184,76,64
228,185,51,34
228,186,52,58
228,187,37,59
228,188,66,85
228,189,66,36
228,190,59,48
228,191,23,45
228,192,70,44
228,193,58,70
228,194,55,55
228,195,70,62
228,196,55,67
229,1,43,32
229,2,47,43
229,3,52,78
229,4,49,41
229,5,42,50
229,6,42,24
229,7,65,58
229,8,47,56
229,9,27,51
229,10,21,52
229,11,23,61
229,12,42,58
229,13,71,60
229,14,52,48
229,15,35,23
229,16,35,35
229,17,56,15
229,18,43,57
229,19,34,57
229,20,56,16
229,21,43,67
229,22,20,60
229,23,54,35
229,24,16,51
229,25,41,41
229,26,36,44
229,27,33,61
229,28,63,41
229,29,61,47
229,30,36,37
229,31,39,82
229,32,49,55
229,33,40,55
229,34,31,44
229,35,59,44
229,36,50,45
229,37,57,38
229,38,61,67
229,39,48,40
229,40,25,62
229,41,20,53
229,42,47,66
229,43,54,12
229,44,49,26
229,45,43,58
229,46,49,32
229,47,28,43
229,48,64,27
229,49,45,69
229,50,56,45
229,51,29,35
229,52,45,76
229,53,28,54
229,54,38,53
229,55,67,65
229,56,70,74
229,57,23,47
229,58,44,34
229,59,28,52
229,60,44,30
229,61,49,74
229,62,64,60
229,63,58,61
229,64,28,48
229,65,28,44
229,66,50,27
229,67,36,53
229,68,47,41
229,69,69,76
229,70,39,76
229,71,71,50
229,72,43,41
229,73,53,78
229,74,71,39
229,75,24,72
229,76,36,23
229,77,58,53
229,78,60,22
229,79,24,64
229,80,60,79
229,81,42,72
229,82,34,47
229,83,65,71
229,84,36,67
229,85,52,6
229,86,76,26
229,87,54,72
229,88,65,52
229,89,62,66
229,90,53,47
229,91,50,56
229,92,49,16
229,93,71,26
229,94,52,60
229,95,40,57
229,96,56,65
229,97,69,45
229,98,79,62
229,99,62,38
229,100,55,40
229,101,33,25
229,102,74,44
229,103,51,57
229,104,20,51
229,105,56,43
229,106,49,56
229,107,67,49
229,108,44,69
229,109,54,48
229,110,59,50
229,111,50,44
229,112,54,52
229,113,47,42
229,114,40,45
229,115,50,59
229,116,45,30
229,117,72,26
229,118,29,39
229,119,41,22
229,120,45,43
229,121,59,39
229,122,60,51
229,123,52,64
229,124,56,72
229,125,31,69
229,126,78,51
229,127,38,58
229,128,64,33
229,129,45,39
229,130,50,54
229,131,50,49
229,132,55,30
229,133,79,38
229,134,39,46
229,135,51,39
229,136,57,64
229,137,60,71
229,138,57,56
229,139,30,82
229,140,33,62
229,141,64,22
229,142,49,50
229,143,35,81
229,144,55,53
229,145,68,29
229,146,63,46
229,147,68,51
229,148,58,56
229,149,63,34
229,150,64,67
229,151,31,60
229,152,44,57
229,153,56,52
229,154,56,62
229,155,49,54
229,156,53,41
229,157,65,43
229,158,41,57
229,159,84,27
229,160,61,44
229,161,49,42
229,162,51,46
229,163,66,43
229,164,71,37
229,165,48,45
229,166,56,51
229,167,45,34
229,168,42,63
229,169,69,64
229,170,59,34
229,171,57,59
229,172,68,56
229,173,63,51
229,174,52,50
229,175,59,42
229,176,65,27
229,177,57,55
229,178,80,77
229,179,54,63
229,180,52,52
229,181,61,60
229,182,40,49
229,183,59,52
229,184,77,63
229,185,52,33
229,186,52,59
229,187,37,60
229,188,65,86
229,189,67,36
229,190,58,47
229,191,24,45
229,192,71,43
229,193,59,69
229,194,55,56
229,195,71,62
229,196,56,66
230,1,43,31
230,2,47,44
230,3,52,79
230,4,50,41
230,5,43,51
230,6,41,24
230,7,66,57
230,8,46,55
230,9,27,52
230,10,22,52
230,11,23,60
230,12,41,59
230,13,71,61
230,14,52,47
230,15,36,22
230,16,36,34
230,17,56,14
230,18,42,56
230,19,35,58
230,20,57,16
230,21,42,67
230,22,19,61
230,23,54,36
230,24,15,51
230,25,40,40
230,26,35,43
230,27,34,62
230,28,64,40
230,29,60,46
230,30,35,38
230,31,38,81
230,32,48,56
230,33,41,56
230,34,30,43
230,35,58,44
230,36,51,44
230,37,56,37
230,38,61,68
230,39,49,39
230,40,26,62
230,41,21,53
230,42,48,66
230,43,53,11
230,44,50,25
230,45,42,57
230,46,50,31
230,47,29,42
230,48,63,26
230,49,45,68
230,50,57,46
230,51,28,36
230,52,46,76
230,53,28,53
230,54,38,54
230,55,67,64
230,56,70,75
230,57,24,47
230,58,43,33
230,59,28,51
230,60,45,29
230,61,48,74
230,62,65,60
230,63,59,62
230,64,28,47
230,65,28,45
230,66,49,27
230,67,37,52
230,68,47,40
230,69,69,77
230,70,39,75
230,71,71,51
230,72,44,41
230,73,53,79
230,74,72,39
230,75,23,73
230,76,35,22
230,77,59,53
230,78,59,21
230,79,23,63
230,80,60,80
230,81,41,72
230,82,34,48
230,83,66,70
230,84,37,66
230,85,53,7
230,86,77,26
230,87,53,72
230,88,66,51
230,89,63,65
230,90,53,46
230,91,50,55
230,92,50,15
230,93,71,25
230,94,53,59
230,95,41,58
230,96,57,66
230,97,70,44
230,98,80,63
230,99,63,39
230,100,56,41
230,101,34,25
230,102,73,44
230,103,50,58
230,104,21,50
230,105,56,44
230,106,49,55
230,107,68,50
230,108,45,69
230,109,54,49
230,110,59,51
230,111,51,45
230,112,55,52
230,113,46,41
230,114,40,44
230,115,49,59
230,116,46,29
230,117,73,26
230,118,28,39
230,119,42,21
230,120,45,44
230,121,60,38
230,122,61,50
230,123,53,64
230,124,57,71
230,125,30,68
230,126,78,50
230,127,39,57
230,128,65,33
230,129,45,40
230,130,51,53
230,131,50,48
230,132,55,29
230,133,79,37
230,134,38,47
230,135,50,39
230,136,56,65
230,137,59,70
230,138,56,55
230,139,31,81
230,140,32,63
230,141,63,22
230,142,50,49
230,143,34,81
230,144,54,54
230,145,68,30
230,146,63,47
230,147,67,50
230,148,57,56
230,149,64,35
230,150,63,67
230,151,32,60
230,152,45,56
230,153,55,53
230,154,55,61
230,155,48,54
230,156,53,40
230,157,66,44
230,158,40,57
230,159,85,28
230,160,61,45
230,161,49,43
230,162,52,46
230,163,67,42
230,164,71,38
230,165,49,45
230,166,56,52
230,167,44,34
230,168,42,64
230,169,68,64
230,170,60,33
230,171,57,60
230,172,67,57
230,173,62,50
230,174,51,50
230,175,60,43
230,176,66,28
230,177,58,54
230,178,79,78
230,179,55,63
230,180,51,52
230,181,62,60
230,182,39,48
230,183,58,53
230,184,77,64
230,185,52,34
230,186,51,59
230,187,36,60
230,188,65,85
230,189,68,35
230,190,59,47
230,191,24,46
230,192,70,43
230,193,60,69
230,194,56,57
230,195,71,63
230,196,55,67
231,1,42,31
231,2,48,45
231,3,52,80
231,4,49,40
231,5,43,50
231,6,42,24
231,7,67,58
231,8,45,55
231,9,28,52
231,10,23,51
231,11,22,59
231,12,41,60
231,13,71,60
231,14,51,47
231,15,35,23
231,16,36,33
231,17,55,13
231,18,41,55
231,19,36,58
231,20,56,17
231,21,41,68
231,22,18,62
231,23,55,37
231,24,16,50
231,25,39,40
231,26,34,44
231,27,35,63
231,28,64,41
231,29,61,46
231,30,35,37
231,31,38,80
231,32,49,57
231,33,41,57
231,34,29,43
231,35,58,45
231,36,52,45
231,37,57,37
231,38,62,67
231,39,50,38
231,40,25,62
231,41,20,54
231,42,49,67
231,43,53,12
231,44,49,26
231,45,43,57
231,46,51,30
231,47,30,42
231,48,62,26
231,49,44,68
231,50,58,46
231,51,29,36
231,52,47,76
231,53,29,53
231,54,38,55
231,55,66,65
231,56,71,76
231,57,25,48
231,58,42,32
231,59,29,52
231,60,44,30
231,61,48,75
231,62,66,59
231,63,59,61
231,64,29,46
231,65,28,44
231,66,50,28
231,67,36,51
231,68,46,39
231,69,68,78
231,70,40,76
231,71,70,52
231,72,43,40
231,73,52,79
231,74,73,38
231,75,24,74
231,76,34,23
231,77,58,52
231,78,59,22
231,79,24,64
231,80,61,80
231,81,40,72
231,82,33,48
231,83,67,69
231,84,37,65
231,85,54,8
231,86,78,27
231,87,52,71
231,88,65,50
231,89,64,64
231,90,52,47
231,91,50,54
231,92,50,14
231,93,71,26
231,94,54,58
231,95,42,59
231,96,58,65
231,97,70,45
231,98,81,62
231,99,64,39
231,100,55,42
231,101,33,24
231,102,74,43
231,103,49,58
231,104,22,50
231,105,55,43
231,106,50,56
231,107,69,50
231,108,45,68
231,109,53,50
231,110,59,52
231,111,51,44
231,112,54,53
231,113,46,42
231,114,40,45
231,115,50,59
231,116,45,29
231,117,72,26
231,118,28,40
231,119,42,22
231,120,44,45
231,121,61,39
231,122,60,50
231,123,54,63
231,124,57,72
231,125,31,68
231,126,77,50
231,127,38,57
231,128,65,32
231,129,44,39
231,130,52,53
231,131,50,47
231,132,55,30
231,133,78,38
231,134,37,46
231,135,50,40
231,136,57,64
231,137,59,71
231,138,55,55
231,139,32,81
231,140,33,64
231,141,64,21
231,142,49,49
231,143,33,80
231,144,55,54
231,145,67,30
231,146,63,46
231,147,66,51
231,148,57,57
231,149,63,36
231,150,64,66
231,151,32,61
231,152,44,55
231,153,54,52
231,154,56,61
231,155,48,55
231,156,52,39
231,157,67,45
231,158,39,58
231,159,84,29
231,160,60,46
231,161,50,43
231,162,51,46
231,163,66,42
231,164,72,38
231,165,49,44
231,166,55,53
231,167,43,35
231,168,41,65
231,169,67,63
231,170,60,34
231,171,57,59
231,172,68,58
231,173,61,50
231,174,50,51
231,175,61,42
231,176,65,28
231,177,59,53
231,178,78,78
231,179,55,62
231,180,50,52
231,181,63,61
231,182,40,49
231,183,59,54
231,184,77,63
231,185,53,34
231,186,50,58
231,187,36,61
231,188,66,84
231,189,68,36
231,190,60,47
231,191,25,46
231,192,70,42
231,193,59,69
231,194,56,58
231,195,72,62
231,196,56,68
232,1,42,30
232,2,47,46
232,3,51,81
232,4,50,41
232,5,42,49
232,6,41,24
232,7,68,57
232,8,45,54
232,9,27,52
232,10,22,52
232,11,21,59
232,12,42,61
232,13,72,59
232,14,50,46
232,15,36,24
232,16,37,32
232,17,54,14
232,18,42,56
232,19,36,57
232,20,55,16
232,21,40,69
232,22,19,62
232,23,55,36
232,24,16,49
232,25,40,39
232,26,33,43
232,27,36,62
232,28,64,42
232,29,62,46
232,30,36,36
232,31,39,80
232,32,48,57
232,33,40,58
232,34,30,43
232,35,59,45
232,36,53,46
232,37,57,38
232,38,61,67
232,39,50,37
232,40,25,63
232,41,19,55
232,42,50,67
232,43,54,11
232,44,50,25
232,45,43,56
232,46,51,31
232,47,31,42
232,48,62,27
232,49,43,69
232,50,59,47
232,51,28,37
232,52,46,77
232,53,28,53
232,54,39,56
232,55,65,66
232,56,71,77
232,57,24,48
232,58,43,33
232,59,30,52
232,60,44,31
232,61,47,75
232,62,67,60
232,63,58,60
232,64,30,47
232,65,27,44
232,66,49,28
232,67,35,51
232,68,46,38
232,69,67,79
232,70,40,75
232,71,71,53
232,72,44,40
232,73,51,80
232,74,73,39
232,75,23,74
232,76,35,23
232,77,58,51
232,78,60,21
232,79,23,63
232,80,60,80
232,81,41,71
232,82,34,48
232,83,67,68
232,84,38,65
232,85,55,7
232,86,78,28
232,87,51,70
232,88,66,50
232,89,65,63
232,90,52,48
232,91,50,55
232,92,51,13
232,93,70,25
232,94,54,57
232,95,43,59
232,96,59,66
232,97,69,45
232,98,82,61
232,99,65,40
232,100,54,43
232,101,34,23
232,102,73,42
232,103,48,59
232,104,23,51
232,105,56,44
232,106,51,56
232,107,70,50
232,108,45,67
232,109,54,51
232,110,58,52
232,111,50,45
232,112,54,54
232,113,45,43
232,114,39,44
232,115,51,59
232,116,44,29
232,117,72,27
232,118,29,39
232,119,42,21
232,120,45,45
232,121,61,38
232,122,60,49
232,123,53,63
232,124,57,71
232,125,32,69
232,126,76,51
232,127,37,58
232,128,66,31
232,129,45,40
232,130,51,52
232,131,51,48
232,132,54,29
232,133,78,37
232,134,36,46
232,135,49,40
232,136,56,65
232,137,60,72
232,138,56,54
232,139,33,81
232,140,33,63
232,141,65,22
232,142,49,50
232,143,32,81
232,144,56,53
232,145,68,31
232,146,63,47
232,147,65,50
232,148,57,56
232,149,63,35
232,150,64,65
232,151,32,62
232,152,44,56
232,153,55,52
232,154,57,62
232,155,47,54
232,156,53,40
232,157,66,45
232,158,40,57
232,159,84,28
232,160,61,45
232,161,51,42
232,162,52,47
232,163,67,41
232,164,71,39
232,165,49,43
232,166,54,52
232,167,43,34
232,168,42,66
232,169,67,62
232,170,61,34
232,171,57,58
232,172,69,57
232,173,62,51
232,174,51,51
232,175,62,41
232,176,65,27
232,177,58,54
232,178,79,79
232,179,55,61
232,180,49,53
232,181,62,62
232,182,39,49
232,183,60,53
232,184,78,62
232,185,52,34
232,186,51,57
232,187,36,60
232,188,66,85
232,189,69,37
232,190,61,48
232,191,24,46
232,192,70,43
232,193,59,68
232,194,57,57
232,195,71,61
232,196,57,68
233,1,43,30
233,2,47,45
233,3,52,81
233,4,50,40
233,5,43,48
233,6,40,24
233,7,67,56
233,8,44,54
233,9,26,52
233,10,22,53
233,11,21,58
233,12,42,60
233,13,71,60
233,14,49,46
233,15,37,24
233,16,38,33
233,17,54,13
233,18,43,57
233,19,35,56
233,20,54,15
233,21,39,69
233,22,18,62
233,23,55,37
233,24,15,50
233,25,39,40
233,26,34,43
233,27,37,61
233,28,65,43
233,29,63,45
233,30,36,35
233,31,40,81
233,32,47,58
233,33,39,59
233,34,29,44
233,35,58,44
233,36,52,46
233,37,56,37
233,38,60,68
233,39,51,38
233,40,24,64
233,41,18,54
233,42,49,67
233,43,54,12
233,44,49,26
233,45,42,56
233,46,50,32
233,47,31,43
233,48,62,26
233,49,44,68
233,50,60,47
233,51,28,36
233,52,47,76
233,53,27,52
233,54,39,55
233,55,66,67
233,56,70,76
233,57,25,49
233,58,42,34
233,59,29,51
233,60,45,32
233,61,48,74
233,62,68,61
233,63,59,60
233,64,29,48
233,65,28,45
233,66,50,29
233,67,36,50
233,68,47,38
233,69,68,80
233,70,41,74
233,71,72,53
233,72,44,39
233,73,50,79
233,74,72,39
233,75,23,75
233,76,35,22
233,77,57,50
233,78,61,20
233,79,23,64
233,80,59,80
233,81,42,72
233,82,33,47
233,83,68,69
233,84,39,66
233,85,56,8
233,86,79,29
233,87,52,69
233,88,65,49
233,89,66,64
233,90,52,49
233,91,49,55
233,92,52,14
233,93,71,24
233,94,53,56
233,95,44,58
233,96,59,67
233,97,68,46
233,98,83,60
233,99,64,39
233,100,55,43
233,101,33,24
233,102,74,43
233,103,49,58
233,104,24,50
233,105,56,45
233,106,50,55
233,107,69,49
233,108,45,66
233,109,53,50
233,110,57,53
233,111,51,45
233,112,55,54
233,113,44,43
233,114,40,44
233,115,51,58
233,116,45,29
233,117,73,28
233,118,30,39
233,119,43,22
233,120,46,44
233,121,61,37
233,122,59,49
233,123,54,64
233,124,57,72
233,125,31,69
233,126,75,51
233,127,38,58
233,128,67,32
233,129,46,40
233,130,50,53
233,131,51,47
233,132,53,30
233,133,77,38
233,134,37,46
233,135,49,39
233,136,55,64
233,137,59,73
233,138,57,54
233,139,34,82
233,140,34,63
233,141,66,22
233,142,50,51
233,143,33,82
233,144,55,53
233,145,67,31
233,146,64,46
233,147,64,50
233,148,56,55
233,149,64,34
233,150,63,66
233,151,32,63
233,152,44,55
233,153,56,51
233,154,58,62
233,155,46,55
233,156,52,41
233,157,67,45
233,158,40,56
233,159,84,29
233,160,62,46
233,161,50,41
233,162,53,46
233,163,66,41
233,164,70,38
233,165,48,43
233,166,54,53
233,167,43,35
233,168,42,65
233,169,66,62
233,170,61,35
233,171,56,57
233,172,68,56
233,173,62,52
233,174,50,52
233,175,63,40
233,176,64,27
233,177,58,55
233,178,79,80
233,179,54,62
233,180,48,54
233,181,62,61
233,182,40,50
233,183,61,53
233,184,77,62
233,185,53,35
233,186,50,58
233,187,37,60
233,188,67,85
233,189,69,38
233,190,60,49
233,191,25,47
233,192,69,42
233,193,58,69
233,194,57,58
233,195,70,60
233,196,58,67
234,1,42,31
234,2,47,46
234,3,52,82
234,4,50,39
234,5,42,49
234,6,39,24
234,7,67,57
234,8,43,53
234,9,25,53
234,10,23,53
234,11,22,57
234,12,43,60
234,13,71,59
234,14,49,47
234,15,38,25
234,16,37,33
234,17,55,14
234,18,44,56
234,19,36,55
234,20,55,15
234,21,39,68
234,22,17,63
234,23,54,36
234,24,16,50
234,25,40,40
234,26,34,44
234,27,38,62
234,28,64,44
234,29,63,44
234,30,35,34
234,31,41,80
234,32,48,57
234,33,39,58
234,34,30,45
234,35,58,45
234,36,51,46
234,37,57,37
234,38,59,68
234,39,52,39
234,40,25,65
234,41,18,55
234,42,50,68
234,43,53,12
234,44,48,26
234,45,43,55
234,46,51,31
234,47,31,42
234,48,61,26
234,49,45,67
234,50,61,46
234,51,27,35
234,52,46,75
234,53,26,51
234,54,40,54
234,55,66,68
234,56,70,75
234,57,25,48
234,58,42,35
234,59,28,52
234,60,45,33
234,61,47,75
234,62,68,60
234,63,58,61
234,64,30,47
234,65,29,46
234,66,51,30
234,67,37,51
234,68,46,39
234,69,69,80
234,70,41,73
234,71,73,54
234,72,43,39
234,73,51,80
234,74,73,40
234,75,24,75
234,76,36,23
234,77,56,50
234,78,61,19
234,79,24,63
234,80,58,80
234,81,42,73
234,82,32,48
234,83,67,70
234,84,38,65
234,85,56,9
234,86,78,30
234,87,53,70
234,88,66,50
234,89,67,65
234,90,51,50
234,91,48,56
234,92,52,15
234,93,72,23
234,94,54,57
234,95,44,59
234,96,60,67
234,97,69,45
234,98,84,60
234,99,65,38
234,100,56,43
234,101,32,23
234,102,73,43
234,103,48,59
234,104,25,49
234,105,56,46
234,106,51,54
234,107,68,48
234,108,46,66
234,109,53,51
234,110,58,53
234,111,50,44
234,112,56,54
234,113,45,42
234,114,40,43
234,115,50,59
234,116,45,28
234,117,74,27
234,118,31,39
234,119,42,22
234,120,45,45
234,121,60,36
234,122,58,50
234,123,53,63
234,124,56,71
234,125,31,70
234,126,75,52
234,127,38,57
234,128,66,33
234,129,45,39
234,130,51,52
234,131,51,48
234,132,52,31
234,133,76,38
234,134,38,46
234,135,48,40
234,136,56,63
234,137,59,74
234,138,57,53
234,139,33,81
234,140,33,62
234,141,65,23
234,142,50,50
234,143,33,83
234,144,56,53
234,145,67,30
234,146,63,47
234,147,63,51
234,148,57,55
234,149,64,35
234,150,64,67
234,151,33,64
234,152,43,54
234,153,57,52
234,154,59,62
234,155,45,56
234,156,51,41
234,157,68,46
234,158,39,57
234,159,84,28
234,160,63,46
234,161,51,42
234,162,54,46
234,163,65,42
234,164,71,39
234,165,48,42
234,166,55,54
234,167,43,36
234,168,41,66
234,169,65,63
234,170,62,34
234,171,57,56
234,172,69,55
234,173,62,53
234,174,50,51
234,175,64,41
234,176,63,27
234,177,59,55
234,178,80,79
234,179,53,61
234,180,49,55
234,181,61,61
234,182,40,51
234,183,60,54
234,184,78,62
234,185,54,34
234,186,51,59
234,187,38,60
234,188,66,86
234,189,68,37
234,190,60,50
234,191,26,46
234,192,70,43
234,193,57,68
234,194,57,57
234,195,70,59
234,196,58,68
235,1,43,32
235,2,48,46
235,3,53,83
235,4,49,39
235,5,43,49
235,6,39,25
235,7,68,58
235,8,44,53
235,9,26,53
235,10,23,52
235,11,23,56
235,12,42,60
235,13,71,60
235,14,48,47
235,15,37,24
235,16,38,34
235,17,54,14
235,18,43,56
235,19,36,56
235,20,55,14
235,21,39,67
235,22,18,64
235,23,54,37
235,24,16,51
235,25,40,41
235,26,33,45
235,27,37,63
235,28,64,45
235,29,64,43
235,30,35,35
235,31,41,79
235,32,47,56
235,33,38,58
235,34,29,44
235,35,57,44
235,36,51,47
235,37,58,38
235,38,60,68
235,39,51,38
235,40,24,65
235,41,17,55
235,42,50,67
235,43,53,11
235,44,48,27
235,45,44,56
235,46,52,30
235,47,32,43
235,48,62,25
235,49,45,68
235,50,61,47
235,51,26,34
235,52,45,74
235,53,26,52
235,54,39,54
235,55,67,67
235,56,69,75
235,57,26,49
235,58,41,35
235,59,27,53
235,60,44,33
235,61,48,74
235,62,67,60
235,63,58,60
235,64,30,46
235,65,28,45
235,66,51,31
235,67,36,50
235,68,46,40
235,69,70,81
235,70,40,72
235,71,72,54
235,72,43,40
235,73,52,79
235,74,74,40
235,75,23,76
235,76,36,24
235,77,57,51
235,78,60,18
235,79,25,62
235,80,59,80
235,81,43,73
235,82,32,47
235,83,68,71
235,84,39,64
235,85,55,9
235,86,77,31
235,87,53,71
235,88,65,51
235,89,68,64
235,90,52,51
235,91,49,56
235,92,51,14
235,93,72,24
235,94,55,56
235,95,44,58
235,96,60,66
235,97,68,44
235,98,84,61
235,99,66,37
235,100,56,42
235,101,33,24
235,102,73,44
235,103,49,58
235,104,24,50
235,105,55,47
235,106,51,55
235,107,69,48
235,108,46,67
235,109,54,52
235,110,58,52
235,111,50,43
235,112,57,54
235,113,45,43
235,114,40,42
235,115,50,60
235,116,44,28
235,117,73,26
235,118,30,38
235,119,41,22
235,120,45,44
235,121,61,35
235,122,59,50
235,123,53,62
235,124,55,72
235,125,30,70
235,126,76,51
235,127,37,57
235,128,65,33
235,129,46,38
235,130,52,52
235,131,52,49
235,132,53,30
235,133,75,37
235,134,38,47
235,135,49,40
235,136,55,63
235,137,58,75
235,138,58,54
235,139,33,80
235,140,32,61
235,141,66,22
235,142,49,50
235,143,32,84
235,144,56,54
235,145,67,31
235,146,62,46
235,147,64,51
235,148,58,56
235,149,63,36
235,150,64,68
235,151,34,64
235,152,42,53
235,153,56,51
235,154,60,62
235,155,45,55
235,156,50,42
235,157,67,46
235,158,39,58
235,159,85,27
235,160,64,47
235,161,52,42
235,162,54,45
235,163,64,42
235,164,72,39
235,165,48,43
235,166,55,55
235,167,43,35
235,168,42,67
235,169,66,64
235,170,63,33
235,171,56,56
235,172,68,55
235,173,63,53
235,174,51,52
235,175,63,42
235,176,64,27
235,177,60,55
235,178,81,80
235,179,54,62
235,180,50,55
235,181,60,60
235,182,39,51
235,183,61,55
235,184,79,62
235,185,54,33
235,186,50,59
235,187,37,60
235,188,66,87
235,189,68,36
235,190,60,49
235,191,27,47
235,192,69,42
235,193,56,69
235,194,58,58
235,195,70,60
235,196,58,69
236,1,44,32
236,2,47,46
236,3,54,84
236,4,49,38
236,5,43,50
236,6,38,24
236,7,68,59
236,8,43,52
236,9,25,52
236,10,24,53
236,11,22,57
236,12,43,61
236,13,72,61
236,14,47,48
236,15,36,23
236,16,38,33
236,17,53,14
236,18,43,55
236,19,36,55
236,20,54,13
236,21,40,68
236,22,19,65
236,23,53,37
236,24,16,50
236,25,41,42
236,26,32,46
236,27,36,62
236,28,65,44
236,29,65,42
236,30,34,34
236,31,41,78
236,32,48,56
236,33,38,57
236,34,30,43
236,35,58,43
236,36,51,46
236,37,58,37
236,38,59,67
236,39,52,37
236,40,23,65
236,41,18,55
236,42,50,66
236,43,52,10
236,44,49,26
236,45,44,55
236,46,53,29
236,47,31,44
236,48,61,26
236,49,44,69
236,50,62,47
236,51,27,35
236,52,44,74
236,53,25,53
236,54,40,54
236,55,67,68
236,56,70,74
236,57,25,48
236,58,41,34
236,59,28,53
236,60,43,33
236,61,49,73
236,62,68,60
236,63,59,61
236,64,29,46
236,65,29,44
236,66,52,30
236,67,35,49
236,68,46,41
236,69,71,81
236,70,40,71
236,71,73,55
236,72,44,41
236,73,51,80
236,74,75,41
236,75,22,75
236,76,35,25
236,77,58,50
236,78,60,17
236,79,26,62
236,80,59,79
236,81,42,74
236,82,31,47
236,83,69,72
236,84,40,65
236,85,55,10
236,86,76,30
236,87,53,70
236,88,64,50
236,89,67,64
236,90,52,50
236,91,50,56
236,92,52,15
236,93,73,24
236,94,56,55
236,95,45,58
236,96,59,65
236,97,69,45
236,98,85,60
236,99,66,38
236,100,56,43
236,101,34,23
236,102,73,43
236,103,48,57
236,104,25,50
236,105,54,48
236,106,50,54
236,107,68,49
236,108,47,68
236,109,55,51
236,110,58,51
236,111,49,42
236,112,58,53
236,113,45,42
236,114,41,41
236,115,51,60
236,116,45,29
236,117,74,25
236,118,30,39
236,119,40,22
236,120,46,43
236,121,60,35
236,122,60,50
236,123,53,63
236,124,54,71
236,125,31,69
236,126,77,50
236,127,36,56
236,128,66,34
236,129,46,39
236,130,53,51
236,131,53,49
236,132,54,31
236,133,74,38
236,134,38,46
236,135,50,39
236,136,56,64
236,137,59,74
236,138,59,55
236,139,32,80
236,140,33,60
236,141,67,21
236,142,50,50
236,143,33,83
236,144,57,54
236,145,68,31
236,146,63,45
236,147,63,51
236,148,58,57
236,149,63,35
236,150,63,68
236,151,35,64
236,152,41,54
236,153,57,51
236,154,59,62
236,155,46,54
236,156,49,41
236,157,66,46
236,158,40,57
236,159,84,28
236,160,63,47
236,161,51,42
236,162,54,46
236,163,65,41
236,164,72,38
236,165,48,42
236,166,54,56
236,167,43,36
236,168,42,66
236,169,67,63
236,170,63,34
236,171,55,56
236,172,67,54
236,173,64,52
236,174,52,52
236,175,62,42
236,176,64,26
236,177,60,56
236,178,81,79
236,179,55,63
236,180,51,55
236,181,59,59
236,182,40,51
236,183,62,55
236,184,79,63
236,185,54,34
236,186,50,60
236,187,38,61
236,188,67,86
236,189,67,37
236,190,59,48
236,191,28,47
236,192,70,41
236,193,56,68
236,194,59,57
236,195,71,60
236,196,59,69
237,1,43,32
237,2,46,46
237,3,53,83
237,4,50,37
237,5,42,51
237,6,39,24
237,7,67,58
237,8,43,51
237,9,26,52
237,10,23,52
237,11,21,57
237,12,44,60
237,13,73,60
237,14,48,48
237,15,36,22
237,16,38,32
237,17,53,13
237,18,43,54
237,19,37,56
237,20,55,14
237,21,40,67
237,22,19,64
237,23,52,38
237,24,15,50
237,25,42,42
237,26,31,45
237,27,36,63
237,28,65,45
237,29,65,43
237,30,35,35
237,31,42,79
237,32,49,56
237,33,38,56
237,34,31,42
237,35,59,42
237,36,52,47
237,37,59,37
237,38,60,68
237,39,51,36
237,40,24,66
237,41,17,56
237,42,51,67
237,43,51,11
237,44,48,26
237,45,45,55
237,46,54,30
237,47,32,45
237,48,62,26
237,49,43,69
237,50,62,48
237,51,27,36
237,52,45,73
237,53,26,54
237,54,40,55
237,55,67,69
237,56,71,73
237,57,24,48
237,58,40,34
237,59,28,54
237,60,44,32
237,61,50,73
237,62,69,61
237,63,60,61
237,64,30,46
237,65,30,45
237,66,52,29
237,67,36,49
237,68,46,42
237,69,72,81
237,70,39,71
237,71,72,55
237,72,43,41
237,73,50,81
237,74,76,42
237,75,22,74
237,76,34,24
237,77,59,50
237,78,59,17
237,79,27,62
237,80,58,78
237,81,43,73
237,82,31,46
237,83,70,72
237,84,40,64
237,85,56,9
237,86,77,29
237,87,52,70
237,88,63,50
237,89,66,64
237,90,52,49
237,91,49,55
237,92,52,14
237,93,73,25
237,94,56,56
237,95,46,59
237,96,58,64
237,97,70,46
237,98,85,59
237,99,67,39
237,100,57,43
237,101,35,24
237,102,73,44
237,103,47,56
237,104,25,49
237,105,55,49
237,106,51,53
237,107,67,48
237,108,48,69
237,109,54,52
237,110,57,52
237,111,48,41
237,112,59,54
237,113,44,42
237,114,42,41
237,115,52,59
237,116,44,28
237,117,73,24
237,118,30,40
237,119,41,21
237,120,47,44
237,121,61,36
237,122,59,51
237,123,54,64
237,124,53,70
237,125,31,70
237,126,77,49
237,127,35,56
237,128,65,35
237,129,45,39
237,130,52,51
237,131,54,48
237,132,53,32
237,133,74,39
237,134,37,46
237,135,51,38
237,136,57,65
237,137,58,75
237,138,60,54
237,139,32,81
237,140,34,61
237,141,68,21
237,142,49,50
237,143,32,83
237,144,56,55
237,145,67,30
237,146,62,46
237,147,64,51
237,148,57,58
237,149,64,34
237,150,62,67
237,151,35,65
237,152,40,53
237,153,56,51
237,154,60,63
237,155,45,53
237,156,50,42
237,157,67,47
237,158,41,56
237,159,85,27
237,160,64,47
237,161,50,43
237,162,53,45
237,163,65,40
237,164,71,37
237,165,49,41
237,166,53,57
237,167,42,36
237,168,42,65
237,169,68,63
237,170,62,35
237,171,54,56
237,172,66,53
237,173,63,53
237,174,52,53
237,175,61,43
237,176,64,27
237,177,59,56
237,178,82,79
237,179,56,62
237,180,52,54
237,181,60,59
237,182,40,50
237,183,63,55
237,184,80,62
237,185,53,34
237,186,49,59
237,187,37,60
237,188,68,87
237,189,67,36
237,190,60,47
237,191,28,48
237,192,69,40
237,193,55,69
237,194,59,58
237,195,70,60
237,196,59,68
238,1,42,33
238,2,45,47
238,3,54,82
238,4,49,37
238,5,42,50
238,6,39,23
238,7,66,58
238,8,44,50
238,9,26,51
238,10,22,51
238,11,21,58
238,12,43,61
238,13,73,59
238,14,48,47
238,15,37,21
238,16,39,32
238,17,52,12
238,18,43,55
238,19,38,57
238,20,55,15
238,21,41,68
238,22,18,64
238,23,53,38
238,24,16,51
238,25,43,42
238,26,30,44
238,27,35,62
238,28,66,45
238,29,65,42
238,30,35,34
238,31,41,78
238,32,48,57
238,33,39,55
238,34,31,43
238,35,58,43
238,36,51,46
238,37,58,37
238,38,61,67
238,39,52,37
238,40,23,66
238,41,17,57
238,42,52,66
238,43,50,11
238,44,48,25
238,45,46,54
238,46,53,31
238,47,33,44
238,48,62,27
238,49,43,70
238,50,61,48
238,51,28,37
238,52,46,74
238,53,25,54
238,54,40,56
238,55,66,68
238,56,72,73
238,57,24,47
238,58,41,35
238,59,29,54
238,60,45,31
238,61,49,73
238,62,68,61
238,63,59,61
238,64,29,47
238,65,30,46
238,66,52,30
238,67,35,49
238,68,45,42
238,69,73,80
238,70,39,72
238,71,71,54
238,72,44,40
238,73,51,82
238,74,77,41
238,75,21,75
238,76,35,23
238,77,60,51
238,78,58,18
238,79,28,63
238,80,58,77
238,81,43,74
238,82,30,45
238,83,69,73
238,84,40,65
238,85,56,8
238,86,78,28
238,87,53,71
238,88,62,50
238,89,66,63
238,90,52,50
238,91,48,55
238,92,52,15
238,93,74,24
238,94,55,57
238,95,45,60
238,96,58,65
238,97,69,46
238,98,84,60
238,99,68,39
238,100,57,44
238,101,36,24
238,102,73,45
238,103,48,56
238,104,26,48
238,105,54,50
238,106,50,54
238,107,67,49
238,108,48,68
238,109,54,53
238,110,58,51
238,111,48,42
238,112,60,55
238,113,45,41
238,114,41,40
238,115,51,60
238,116,43,27
238,117,74,23
238,118,31,40
238,119,40,20
238,120,47,43
238,121,62,37
238,122,59,52
238,123,54,65
238,124,52,71
238,125,30,71
238,126,78,48
238,127,34,55
238,128,65,36
238,129,44,39
238,130,53,51
238,131,55,49
238,132,52,31
238,133,74,40
238,134,38,45
238,135,52,38
238,136,57,66
238,137,58,74
238,138,60,53
238,139,32,80
238,140,35,61
238,141,69,22
238,142,48,51
238,143,31,83
238,144,57,55
238,145,66,30
238,146,61,46
238,147,65,50
238,148,58,58
238,149,65,33
238,150,62,68
238,151,36,66
238,152,39,54
238,153,57,52
238,154,61,62
238,155,44,52
238,156,50,41
238,157,67,48
238,158,40,55
238,159,84,28
238,160,64,48
238,161,50,42
238,162,52,45
238,163,64,41
238,164,70,36
238,165,49,40
238,166,54,57
238,167,42,37
238,168,43,66
238,169,67,62
238,170,62,34
238,171,55,55
238,172,65,54
238,173,64,53
238,174,51,53
238,175,61,42
238,176,65,27
238,177,58,57
238,178,82,80
238,179,55,62
238,180,52,53
238,181,61,58
238,182,41,51
238,183,64,55
238,184,79,63
238,185,52,33
238,186,48,58
238,187,37,61
238,188,69,87
238,189,66,36
238,190,61,47
238,191,27,48
238,192,69,39
238,193,54,69
238,194,59,57
238,195,69,59
238,196,58,68
239,1,41,33
239,2,44,48
239,3,55,81
239,4,49,36
239,5,42,49
239,6,38,24
239,7,67,57
239,8,44,49
239,9,26,50
239,10,23,50
239,11,21,57
239,12,44,62
239,13,73,60
239,14,47,48
239,15,36,22
239,16,40,31
239,17,53,11
239,18,44,54
239,19,38,58
239,20,54,16
239,21,42,69
239,22,17,63
239,23,54,38
239,24,17,52
239,25,42,41
239,26,30,43
239,27,36,61
239,28,65,46
239,29,66,41
239,30,34,34
239,31,41,79
239,32,49,57
239,33,38,56
239,34,30,44
239,35,58,42
239,36,51,47
239,37,59,36
239,38,61,68
239,39,51,36
239,40,23,67
239,41,18,57
239,42,51,67
239,43,51,10
239,44,47,24
239,45,47,55
239,46,53,32
239,47,34,44
239,48,62,28
239,49,44,69
239,50,62,48
239,51,27,36
239,52,47,73
239,53,24,53
239,54,40,57
239,55,66,69
239,56,73,72
239,57,25,47
239,58,40,35
239,59,28,53
239,60,46,31
239,61,48,74
239,62,67,60
239,63,59,60
239,64,30,48
239,65,29,47
239,66,53,31
239,67,35,50
239,68,45,43
239,69,72,79
239,70,40,72
239,71,71,55
239,72,44,41
239,73,52,82
239,74,76,42
239,75,21,74
239,76,34,24
239,77,61,52
239,78,57,18
239,79,28,64
239,80,57,77
239,81,42,73
239,82,29,45
239,83,69,74
239,84,41,65
239,85,55,9
239,86,78,27
239,87,54,72
239,88,63,49
239,89,65,62
239,90,52,49
239,91,49,54
239,92,52,14
239,93,73,24
239,94,56,58
239,95,46,61
239,96,59,66
239,97,68,47
239,98,85,61
239,99,68,38
239,100,56,43
239,101,37,24
239,102,73,44
239,103,48,57
239,104,27,49
239,105,54,51
239,106,51,54
239,107,66,50
239,108,49,69
239,109,53,52
239,110,57,51
239,111,49,43
239,112,59,56
239,113,46,40
239,114,40,40
239,115,50,61
239,116,42,28
239,117,73,22
239,118,32,39
239,119,39,20
239,120,48,44
239,121,61,37
239,122,58,51
239,123,53,65
239,124,53,72
239,125,29,72
239,126,79,47
239,127,35,56
239,128,64,35
239,129,43,39
239,130,52,52
239,131,54,49
239,132,52,30
239,133,74,41
239,134,38,44
239,135,52,37
239,136,56,67
239,137,57,74
239,138,61,53
239,139,32,81
239,140,36,60
239,141,69,21
239,142,47,51
239,143,32,84
239,144,56,55
239,145,67,31
239,146,60,47
239,147,64,51
239,148,57,59
239,149,65,34
239,150,61,67
239,151,35,65
239,152,40,54
239,153,56,51
239,154,60,61
239,155,45,51
239,156,51,42
239,157,68,49
239,158,40,56
239,159,83,29
239,160,64,49
239,161,50,43
239,162,51,46
239,163,65,42
239,164,69,35
239,165,48,40
239,166,55,57
239,167,42,36
239,168,44,67
239,169,66,63
239,170,63,35
239,171,56,54
239,172,66,53
239,173,64,54
239,174,51,52
239,175,62,42
239,176,66,26
239,177,57,56
239,178,82,81
239,179,56,63
239,180,53,53
239,181,60,58
239,182,40,51
239,183,65,55
239,184,80,64
239,185,52,34
239,186,47,57
239,187,37,60
239,188,68,87
239,189,67,35
239,190,61,46
239,191,26,49
239,192,70,38
239,193,55,69
239,194,58,58
239,195,68,59
239,196,57,68
240,1,42,33
240,2,43,48
240,3,54,81
240,4,48,36
240,5,41,49
240,6,39,25
240,7,67,58
240,8,44,48
240,9,26,51
240,10,22,49
240,11,22,56
240,12,43,62
240,13,74,59
240,14,48,47
240,15,37,23
240,16,41,31
240,17,52,11
240,18,44,53
240,19,37,59
240,20,53,17
240,21,42,68
240,22,17,64
240,23,54,39
240,24,17,53
240,25,41,42
240,26,31,43
240,27,35,61
240,28,66,47
240,29,66,42
240,30,33,33
240,31,41,78
240,32,50,58
240,33,37,56
240,34,31,45
240,35,59,43
240,36,50,47
240,37,58,35
240,38,60,69
240,39,51,35
240,40,23,68
240,41,17,57
240,42,51,66
240,43,50,11
240,44,46,24
240,45,47,54
240,46,52,33
240,47,35,45
240,48,62,29
240,49,44,68
240,50,61,48
240,51,28,37
240,52,48,72
240,53,25,54
240,54,39,56
240,55,67,68
240,56,74,72
240,57,24,46
240,58,41,36
240,59,29,54
240,60,47,31
240,61,49,75
240,62,68,61
240,63,58,61
240,64,29,48
240,65,29,46
240,66,54,31
240,67,36,50
240,68,46,42
240,69,73,80
240,70,40,71
240,71,72,55
240,72,43,40
240,73,51,82
240,74,76,43
240,75,22,75
240,76,34,25
240,77,61,51
240,78,57,19
240,79,27,63
240,80,57,76
240,81,42,72
240,82,29,44
240,83,70,73
240,84,42,66
240,85,54,9
240,86,77,28
240,87,54,73
240,88,63,50
240,89,66,61
240,90,53,49
240,91,48,53
240,92,53,13
240,93,74,23
240,94,56,59
240,95,45,60
240,96,60,66
240,97,67,48
240,98,86,61
240,99,67,37
240,100,56,42
240,101,38,24
240,102,72,43
240,103,47,58
240,104,26,50
240,105,55,50
240,106,50,55
240,107,66,49
240,108,50,68
240,109,54,52
240,110,58,52
240,111,49,42
240,112,60,57
240,113,47,40
240,114,39,40
240,115,49,61
240,116,42,27
240,117,72,23
240,118,31,40
240,119,39,19
240,120,48,43
240,121,60,38
240,122,57,50
240,123,54,66
240,124,54,71
240,125,28,73
240,126,80,47
240,127,35,55
240,128,63,36
240,129,42,40
240,130,51,53
240,131,55,48
240,132,51,31
240,133,73,42
240,134,39,43
240,135,51,37
240,136,55,68
240,137,56,75
240,138,62,52
240,139,33,80
240,140,35,59
240,141,70,22
240,142,48,51
240,143,33,85
240,144,55,54
240,145,67,30
240,146,59,47
240,147,63,52
240,148,58,59
240,149,64,33
240,150,61,66
240,151,34,65
240,152,39,53
240,153,57,51
240,154,59,61
240,155,44,52
240,156,52,42
240,157,69,50
240,158,40,55
240,159,82,29
240,160,63,48
240,161,49,43
240,162,50,45
240,163,64,42
240,164,68,34
240,165,47,41
240,166,56,57
240,167,43,37
240,168,45,68
240,169,67,64
240,170,64,35
240,171,55,53
240,172,66,54
240,173,63,53
240,174,52,51
240,175,61,43
240,176,67,26
240,177,56,55
240,178,83,80
240,179,55,62
240,180,53,52
240,181,61,59
240,182,40,52
240,183,64,56
240,184,81,63
240,185,53,33
240,186,46,57
240,187,37,61
240,188,67,87
240,189,67,34
240,190,62,45
240,191,27,49
240,192,71,37
240,193,56,68
240,194,59,57
240,195,67,60
240,196,57,67
241,1,41,34
241,2,44,49
241,3,53,80
241,4,47,36
241,5,42,48
241,6,39,24
241,7,68,58
241,8,45,47
241,9,27,51
241,10,22,48
241,11,21,57
241,12,42,62
241,13,73,60
241,14,49,46
241,15,36,24
241,16,41,30
241,17,53,10
241,18,45,52
241,19,38,58
241,20,54,16
241,21,43,69
241,22,16,64
241,23,54,40
241,24,16,53
241,25,42,43
241,26,32,42
241,27,35,60
241,28,66,48
241,29,65,41
241,30,34,33
241,31,42,79
241,32,51,57
241,33,38,57
241,34,31,46
241,35,60,44
241,36,51,46
241,37,57,34
241,38,60,70
241,39,50,36
241,40,22,69
241,41,17,58
241,42,51,67
241,43,49,10
241,44,45,23
241,45,46,54
241,46,53,34
241,47,36,44
241,48,63,28
241,49,45,69
241,50,60,48
241,51,28,36
241,52,47,72
241,53,25,55
241,54,38,55
241,55,66,67
241,56,73,71
241,57,23,46
241,58,42,37
241,59,30,53
241,60,48,31
241,61,48,76
241,62,67,61
241,63,58,62
241,64,28,47
241,65,30,45
241,66,54,30
241,67,35,50
241,68,47,43
241,69,72,79
241,70,40,72
241,71,73,54
241,72,42,39
241,73,52,82
241,74,77,42
241,75,23,74
241,76,35,26
241,77,60,52
241,78,57,18
241,79,28,63
241,80,57,75
241,81,41,72
241,82,30,44
241,83,71,73
241,84,41,67
241,85,53,9
241,86,78,27
241,87,55,72
241,88,63,51
241,89,67,62
241,90,53,48
241,91,49,53
241,92,52,14
241,93,75,24
241,94,55,60
241,95,45,61
241,96,59,65
241,97,68,49
241,98,87,60
241,99,68,38
241,100,57,43
241,101,39,25
241,102,73,43
241,103,47,57
241,104,26,49
241,105,56,50
241,106,50,54
241,107,67,50
241,108,49,67
241,109,55,51
241,110,59,51
241,111,48,42
241,112,60,58
241,113,46,41
241,114,39,41
241,115,49,62
241,116,41,26
241,117,73,24
241,118,30,39
241,119,40,20
241,120,47,44
241,121,60,39
241,122,57,49
241,123,53,67
241,124,54,72
241,125,27,73
241,126,81,47
241,127,34,56
241,128,62,36
241,129,43,39
241,130,51,54
241,131,56,49
241,132,52,31
241,133,72,41
241,134,38,44
241,135,52,38
241,136,56,69
241,137,56,76
241,138,61,51
241,139,32,79
241,140,36,60
241,141,71,23
241,142,49,51
241,143,32,84
241,144,56,54
241,145,67,31
241,146,59,48
241,147,64,51
241,148,58,60
241,149,65,34
241,150,61,67
241,151,33,64
241,152,38,52
241,153,58,51
241,154,60,61
241,155,44,53
241,156,52,43
241,157,70,51
241,158,40,54
241,159,82,28
241,160,62,48
241,161,48,44
241,162,49,44
241,163,64,41
241,164,68,35
241,165,48,40
241,166,55,58
241,167,44,38
241,168,46,68
241,169,66,65
241,170,63,34
241,171,55,52
241,172,65,53
241,173,62,52
241,174,51,51
241,175,62,42
241,176,67,25
241,177,57,56
241,178,82,79
241,179,54,61
241,180,52,51
241,181,62,60
241,182,41,53
241,183,64,55
241,184,82,64
241,185,54,34
241,186,46,56
241,187,36,61
241,188,66,87
241,189,67,35
241,190,63,46
241,191,28,48
241,192,72,37
241,193,55,67
241,194,59,58
241,195,68,60
241,196,57,66
242,1,42,34
242,2,43,49
242,3,52,80
242,4,47,35
242,5,43,47
242,6,40,24
242,7,67,57
242,8,45,46
242,9,28,52
242,10,23,49
242,11,21,56
242,12,43,62
242,13,74,60
242,14,48,45
242,15,35,23
242,16,41,29
242,17,52,11
242,18,46,51
242,19,37,57
242,20,55,15
242,21,43,70
242,22,17,64
242,23,54,39
242,24,15,53
242,25,41,43
242,26,31,41
242,27,34,59
242,28,67,48
242,29,66,42
242,30,35,32
242,31,41,79
242,32,50,57
242,33,39,57
242,34,32,45
242,35,59,44
242,36,51,45
242,37,56,35
242,38,61,69
242,39,51,37
242,40,23,70
242,41,16,59
242,42,51,68
242,43,49,11
242,44,46,24
242,45,46,53
242,46,53,35
242,47,35,44
242,48,63,29
242,49,45,68
242,50,59,49
242,51,27,37
242,52,47,73
242,53,26,55
242,54,39,56
242,55,65,67
242,56,73,70
242,57,24,46
242,58,42,38
242,59,30,54
242,60,47,32
242,61,47,76
242,62,68,62
242,63,59,63
242,64,27,48
242,65,29,44
242,66,55,30
242,67,35,49
242,68,46,43
242,69,72,80
242,70,39,71
242,71,72,53
242,72,41,40
242,73,52,83
242,74,78,42
242,75,22,74
242,76,34,26
242,77,59,52
242,78,57,17
242,79,29,64
242,80,56,75
242,81,40,73
242,82,31,45
242,83,72,72
242,84,40,66
242,85,53,8
242,86,79,26
242,87,55,73
242,88,62,50
242,89,66,63
242,90,52,48
242,91,49,54
242,92,52,13
242,93,75,25
242,94,56,60
242,95,44,61
242,96,60,64
242,97,67,49
242,98,88,60
242,99,69,38
242,100,58,43
242,101,38,24
242,102,72,42
242,103,46,58
242,104,26,48
242,105,55,49
242,106,51,53
242,107,68,50
242,108,50,67
242,109,54,50
242,110,60,52
242,111,49,41
242,112,61,58
242,113,47,42
242,114,38,40
242,115,48,63
242,116,42,26
242,117,74,24
242,118,31,39
242,119,39,21
242,120,46,45
242,121,59,40
242,122,57,50
242,123,53,66
242,124,53,73
242,125,28,72
242,126,81,48
242,127,35,56
242,128,62,37
242,129,42,40
242,130,50,55
242,131,57,48
242,132,51,32
242,133,73,41
242,134,38,43
242,135,51,38
242,136,56,68
242,137,57,76
242,138,61,52
242,139,32,78
242,140,37,61
242,141,70,22
242,142,49,50
242,143,33,85
242,144,55,55
242,145,66,30
242,146,60,47
242,147,63,52
242,148,57,60
242,149,66,34
242,150,61,68
242,151,34,63
242,152,38,53
242,153,57,52
242,154,61,62
242,155,45,54
242,156,53,42
242,157,69,51
242,158,39,53
242,159,81,29
242,160,63,49
242,161,47,43
242,162,48,43
242,163,65,41
242,164,67,34
242,165,47,39
242,166,54,57
242,167,45,39
242,168,45,67
242,169,65,64
242,170,64,35
242,171,54,52
242,172,65,52
242,173,61,51
242,174,51,50
242,175,63,43
242,176,67,26
242,177,56,57
242,178,83,78
242,179,53,60
242,180,51,52
242,181,62,61
242,182,41,52
242,183,64,54
242,184,83,63
242,185,53,33
242,186,47,55
242,187,36,60
242,188,66,88
242,189,66,35
242,190,64,46
242,191,29,47
242,192,73,36
242,193,56,66
242,194,59,57
242,195,69,61
242,196,58,67
243,1,43,33
243,2,43,48
243,3,52,79
243,4,46,35
243,5,42,46
243,6,39,24
243,7,66,57
243,8,44,46
243,9,27,51
243,10,23,50
243,11,20,57
243,12,43,61
243,13,73,61
243,14,49,46
243,15,34,24
243,16,42,28
243,17,53,12
243,18,46,52
243,19,36,56
243,20,56,16
243,21,42,70
243,22,18,64
243,23,55,39
243,24,15,52
243,25,40,43
243,26,32,40
243,27,34,60
243,28,68,48
243,29,66,43
243,30,35,33
243,31,42,78
243,32,49,58
243,33,38,56
243,34,31,44
243,35,59,43
243,36,52,45
243,37,57,36
243,38,62,69
243,39,50,38
243,40,24,69
243,41,16,58
243,42,52,68
243,43,50,11
243,44,45,23
243,45,47,52
243,46,52,34
243,47,34,45
243,48,63,28
243,49,44,68
243,50,60,49
243,51,26,37
243,52,48,72
243,53,25,55
243,54,40,55
243,55,65,68
243,56,74,69
243,57,23,45
243,58,43,39
243,59,31,53
243,60,47,33
243,61,48,75
243,62,67,63
243,63,58,62
243,64,26,47
243,65,29,43
243,66,54,31
243,67,35,50
243,68,47,44
243,69,71,80
243,70,38,72
243,71,73,54
243,72,42,41
243,73,53,83
243,74,77,41
243,75,21,73
243,76,33,26
243,77,58,52
243,78,56,17
243,79,29,63
243,80,57,74
243,81,41,72
243,82,32,45
243,83,72,71
243,84,41,65
243,85,54,7
243,86,80,26
243,87,56,73
243,88,63,51
243,89,66,64
243,90,53,48
243,91,48,54
243,92,53,14
243,93,75,26
243,94,56,61
243,95,45,60
243,96,59,64
243,97,66,50
243,98,89,59
243,99,68,39
243,100,58,42
243,101,38,25
243,102,73,43
243,103,45,58
243,104,26,49
243,105,55,50
243,106,50,53
243,107,68,51
243,108,51,68
243,109,53,49
243,110,60,53
243,111,49,40
243,112,62,59
243,113,46,41
243,114,37,40
243,115,47,64
243,116,43,27
243,117,75,25
243,118,30,39
243,119,38,22
243,120,46,44
243,121,58,40
243,122,56,49
243,123,54,66
243,124,53,72
243,125,27,72
243,126,82,48
243,127,35,57
243,128,61,38
243,129,41,41
243,130,51,56
243,131,56,47
243,132,52,33
243,133,74,42
243,134,37,43
243,135,50,37
243,136,55,69
243,137,58,76
243,138,62,53
243,139,33,78
243,140,38,61
243,141,70,21
243,142,49,51
243,143,33,86
243,144,54,56
243,145,67,30
243,146,61,46
243,147,64,52
243,148,56,60
243,149,65,33
243,150,60,67
243,151,33,64
243,152,37,53
243,153,57,51
243,154,62,63
243,155,44,55
243,156,52,43
243,157,69,52
243,158,38,53
243,159,80,29
243,160,64,49
243,161,48,42
243,162,47,42
243,163,66,40
243,164,68,33
243,165,47,38
243,166,53,58
243,167,45,38
243,168,44,66
243,169,65,65
243,170,65,35
243,171,54,53
243,172,66,52
243,173,61,50
243,174,51,49
243,175,64,42
243,176,66,25
243,177,55,56
243,178,82,79
243,179,54,61
243,180,52,53
243,181,62,62
243,182,41,51
243,183,63,55
243,184,83,62
243,185,54,34
243,186,47,54
243,187,37,61
243,188,66,89
243,189,65,36
243,190,64,45
243,191,30,48
243,192,74,36
243,193,55,67
243,194,58,57
243,195,70,61
243,196,59,66
244,1,44,33
244,2,43,47
244,3,52,80
244,4,46,34
244,5,43,46
244,6,40,24
244,7,65,58
244,8,45,47
244,9,26,50
244,10,24,50
244,11,21,56
244,12,44,60
244,13,74,60
244,14,49,47
244,15,33,25
244,16,42,27
244,17,54,12
244,18,47,51
244,19,35,56
244,20,57,16
244,21,41,69
244,22,19,65
244,23,55,40
244,24,15,51
244,25,39,42
244,26,32,39
244,27,33,59
244,28,69,48
244,29,65,43
244,30,34,34
244,31,41,77
244,32,48,59
244,33,37,56
244,34,31,45
244,35,58,44
244,36,51,44
244,37,57,35
244,38,61,69
244,39,49,38
244,40,25,68
244,41,15,58
244,42,53,67
244,43,51,11
244,44,45,24
244,45,48,52
244,46,53,34
244,47,35,45
244,48,63,27
244,49,43,69
244,50,59,48
244,51,25,37
244,52,47,73
244,53,26,55
244,54,39,55
244,55,64,67
244,56,74,68
244,57,23,46
244,58,42,39
244,59,30,54
244,60,48,33
244,61,48,74
244,62,66,62
244,63,59,61
244,64,26,48
244,65,30,43
244,66,53,30
244,67,34,50
244,68,48,44
244,69,72,79
244,70,39,71
244,71,74,53
244,72,43,41
244,73,53,82
244,74,76,41
244,75,21,72
244,76,32,27
244,77,59,51
244,78,56,18
244,79,30,64
244,80,58,73
244,81,40,73
244,82,31,46
244,83,73,71
244,84,42,64
244,85,53,7
244,86,81,26
244,87,55,74
244,88,62,51
244,89,65,64
244,90,54,49
244,91,49,55
244,92,53,13
244,93,76,27
244,94,56,62
244,95,45,59
244,96,58,63
244,97,66,51
244,98,89,60
244,99,67,40
244,100,59,42
244,101,38,24
244,102,74,44
244,103,44,57
244,104,25,48
244,105,55,51
244,106,49,54
244,107,67,50
244,108,51,67
244,109,52,49
244,110,61,53
244,111,49,41
244,112,63,59
244,113,45,42
244,114,38,39
244,115,48,65
244,116,44,27
244,117,75,24
244,118,30,38
244,119,37,21
244,120,45,43
244,121,59,41
244,122,56,48
244,123,54,65
244,124,52,72
244,125,26,72
244,126,83,49
244,127,35,58
244,128,62,39
244,129,41,40
244,130,50,57
244,131,57,48
244,132,52,32
244,133,73,43
244,134,36,43
244,135,51,36
244,136,54,70
244,137,57,75
244,138,63,52
244,139,33,79
244,140,37,60
244,141,71,21
244,142,50,51
244,143,32,85
244,144,53,55
244,145,67,29
244,146,60,45
244,147,64,51
244,148,56,61
244,149,66,33
244,150,59,67
244,151,34,63
244,152,36,54
244,153,56,50
244,154,63,62
244,155,43,54
244,156,51,42
244,157,69,53
244,158,37,52
244,159,79,29
244,160,64,48
244,161,47,41
244,162,46,41
244,163,67,39
244,164,67,34
244,165,47,37
244,166,53,57
244,167,44,38
244,168,45,65
244,169,66,64
244,170,66,36
244,171,54,52
244,172,65,52
244,173,60,51
244,174,50,48
244,175,65,42
244,176,67,25
244,177,54,56
244,178,83,79
244,179,53,62
244,180,51,53
244,181,61,63
244,182,40,50
244,183,62,55
244,184,84,61
244,185,54,35
244,186,48,54
244,187,36,60
244,188,67,90
244,189,64,36
244,190,65,46
244,191,30,47
244,192,75,36
244,193,54,67
244,194,58,56
244,195,69,62
244,196,59,65
245,1,45,34
245,2,42,48
245,3,52,81
245,4,47,33
245,5,42,46
245,6,41,24
245,7,66,58
245,8,46,48
245,9,26,49
245,10,23,50
245,11,21,57
245,12,45,61
245,13,73,60
245,14,48,48
245,15,34,26
245,16,43,27
245,17,55,12
245,18,47,52
245,19,36,55
245,20,57,17
245,21,40,70
245,22,18,64
245,23,54,40
245,24,14,52
245,25,40,41
245,26,32,38
245,27,34,59
245,28,68,47
245,29,66,42
245,30,34,33
245,31,42,77
245,32,49,59
245,33,38,56
245,34,30,45
245,35,58,45
245,36,52,44
245,37,57,34
245,38,62,70
245,39,49,37
245,40,24,68
245,41,14,58
245,42,52,68
245,43,52,11
245,44,46,24
245,45,48,51
245,46,52,34
245,47,36,45
245,48,62,27
245,49,44,68
245,50,60,48
245,51,25,38
245,52,47,72
245,53,26,54
245,54,38,55
245,55,64,68
245,56,74,69
245,57,22,47
245,58,43,38
245,59,31,53
245,60,47,32
245,61,47,74
245,62,66,63
245,63,60,61
245,64,27,49
245,65,31,44
245,66,53,31
245,67,35,50
245,68,48,43
245,69,71,80
245,70,38,71
245,71,73,54
245,72,42,40
245,73,52,82
245,74,75,40
245,75,22,73
245,76,31,28
245,77,58,51
245,78,56,19
245,79,29,64
245,80,59,73
245,81,39,73
245,82,32,47
245,83,74,72
245,84,41,64
245,85,52,7
245,86,82,26
245,87,54,73
245,88,62,50
245,89,66,65
245,90,53,48
245,91,49,56
245,92,53,12
245,93,76,28
245,94,57,62
245,95,44,58
245,96,57,63
245,97,67,51
245,98,90,59
245,99,68,41
245,100,60,42
245,101,39,24
245,102,73,45
245,103,45,56
245,104,26,48
245,105,56,52
245,106,49,53
245,107,68,51
245,108,50,68
245,109,52,50
245,110,62,52
245,111,49,42
245,112,64,60
245,113,45,41
245,114,39,38
245,115,49,64
245,116,43,26
245,117,76,24
245,118,31,37
245,119,36,22
245,120,44,43
245,121,60,40
245,122,57,47
245,123,54,66
245,124,53,71
245,125,27,72
245,126,84,50
245,127,35,57
245,128,61,39
245,129,41,39
245,130,51,58
245,131,58,49
245,132,53,32
245,133,72,42
245,134,36,44
245,135,51,37
245,136,54,69
245,137,56,75
245,138,62,51
245,139,32,78
245,140,38,60
245,141,72,20
245,142,49,50
245,143,31,86
245,144,53,54
245,145,68,28
245,146,61,45
245,147,64,50
245,148,56,62
245,149,67,33
245,150,58,67
245,151,33,62
245,152,36,53
245,153,55,49
245,154,63,63
245,155,42,54
245,156,51,41
245,157,70,52
245,158,38,52
245,159,80,30
245,160,64,49
245,161,47,40
245,162,47,41
245,163,68,38
245,164,68,33
245,165,48,37
245,166,52,57
245,167,45,37
245,168,44,64
245,169,65,64
245,170,65,37
245,171,53,52
245,172,66,51
245,173,61,50
245,174,49,49
245,175,66,43
245,176,66,26
245,177,53,56
245,178,82,80
245,179,52,62
245,180,52,52
245,181,61,64
245,182,41,49
245,183,63,55
245,184,84,60
245,185,53,34
245,186,47,54
245,187,36,59
245,188,67,91
245,189,64,37
245,190,64,46
245,191,30,48
245,192,74,35
245,193,53,68
245,194,58,57
245,195,70,63
245,196,58,65
246,1,45,35
246,2,42,49
246,3,51,81
246,4,46,34
246,5,41,46
246,6,40,23
246,7,66,59
246,8,45,49
246,9,25,49
246,10,22,51
246,11,20,56
246,12,46,60
246,13,74,61
246,14,49,48
246,15,35,26
246,16,44,28
246,17,54,11
246,18,46,51
246,19,35,55
246,20,56,16
246,21,41,70
246,22,17,64
246,23,54,41
246,24,15,51
246,25,40,42
246,26,31,38
246,27,34,58
246,28,67,48
246,29,65,42
246,30,33,34
246,31,42,78
246,32,50,60
246,33,39,57
246,34,31,45
246,35,57,44
246,36,53,43
246,37,58,33
246,38,62,71
246,39,50,38
246,40,23,68
246,41,15,58
246,42,51,69
246,43,53,11
246,44,47,25
246,45,47,52
246,46,51,34
246,47,37,46
246,48,61,28
246,49,43,69
246,50,60,47
246,51,25,39
246,52,48,73
246,53,26,53
246,54,39,56
246,55,63,69
246,56,73,70
246,57,21,47
246,58,42,37
246,59,30,52
246,60,46,31
246,61,46,73
246,62,66,62
246,63,61,61
246,64,28,49
246,65,32,43
246,66,53,30
246,67,34,50
246,68,48,44
246,69,72,81
246,70,37,70
246,71,72,53
246,72,42,41
246,73,53,81
246,74,76,39
246,75,22,72
246,76,32,28
246,77,59,52
246,78,56,18
246,79,30,63
246,80,58,72
246,81,40,72
246,82,32,46
246,83,75,73
246,84,42,65
246,85,53,7
246,86,81,27
246,87,54,74
246,88,63,49
246,89,65,66
246,90,52,48
246,91,48,55
246,92,54,12
246,93,75,28
246,94,58,61
246,95,43,58
246,96,57,62
246,97,68,52
246,98,89,58
246,99,67,42
246,100,59,43
246,101,40,24
246,102,74,46
246,103,44,57
246,104,25,48
246,105,57,51
246,106,49,52
246,107,67,50
246,108,49,69
246,109,53,51
246,110,63,53
246,111,48,41
246,112,63,61
246,113,46,42
246,114,38,37
246,115,48,63
246,116,42,26
246,117,75,24
246,118,30,37
246,119,37,21
246,120,43,43
246,121,59,39
246,122,58,47
246,123,54,67
246,124,54,72
246,125,27,73
246,126,85,51
246,127,36,57
246,128,62,39
246,129,42,40
246,130,52,58
246,131,57,50
246,132,54,31
246,133,73,43
246,134,37,45
246,135,50,36
246,136,54,68
246,137,55,74
246,138,63,51
246,139,31,77
246,140,39,59
246,141,72,19
246,142,50,49
246,143,30,85
246,144,54,55
246,145,67,29
246,146,61,44
246,147,65,49
246,148,55,61
246,149,66,33
246,150,57,66
246,151,34,62
246,152,36,54
246,153,56,50
246,154,62,62
246,155,43,55
246,156,51,42
246,157,69,53
246,158,39,53
246,159,79,31
246,160,63,48
246,161,46,39
246,162,48,40
246,163,67,37
246,164,67,34
246,165,47,37
246,166,51,57
246,167,44,38
246,168,43,64
246,169,64,65
246,170,66,37
246,171,52,53
246,172,66,50
246,173,60,49
246,174,48,49
246,175,66,42
246,176,67,26
246,177,52,56
246,178,81,80
246,179,53,61
246,180,52,51
246,181,62,64
246,182,42,50
246,183,62,56
246,184,83,60
246,185,52,34
246,186,47,53
246,187,37,58
246,188,68,90
246,189,63,38
246,190,64,47
246,191,29,49
246,192,73,36
246,193,53,69
246,194,59,56
246,195,70,62
246,196,59,65
247,1,44,34
247,2,41,50
247,3,52,80
247,4,46,35
247,5,40,46
247,6,41,24
247,7,66,58
247,8,45,50
247,9,26,49
247,10,22,50
247,11,20,57
247,12,45,60
247,13,73,60
247,14,50,48
247,15,36,25
247,16,45,28
247,17,54,10
247,18,45,52
247,19,36,56
247,20,56,17
247,21,41,69
247,22,18,64
247,23,53,41
247,24,15,50
247,25,41,42
247,26,31,37
247,27,35,57
247,28,68,49
247,29,64,41
247,30,32,34
247,31,43,79
247,32,51,61
247,33,40,57
247,34,30,45
247,35,58,44
247,36,53,44
247,37,57,33
247,38,63,71
247,39,50,39
247,40,22,67
247,41,15,59
247,42,50,69
247,43,53,12
247,44,48,26
247,45,46,53
247,46,52,33
247,47,36,47
247,48,62,27
247,49,44,68
247,50,59,48
247,51,25,38
247,52,48,74
247,53,25,53
247,54,38,56
247,55,62,69
247,56,72,69
247,57,22,47
247,58,43,36
247,59,30,53
247,60,47,32
247,61,47,74
247,62,65,61
247,63,61,62
247,64,28,50
247,65,33,43
247,66,52,30
247,67,34,49
247,68,49,43
247,69,71,81
247,70,36,69
247,71,71,52
247,72,41,41
247,73,53,80
247,74,76,38
247,75,23,71
247,76,32,27
247,77,60,52
247,78,57,17
247,79,29,63
247,80,57,73
247,81,39,73
247,82,33,47
247,83,74,73
247,84,41,64
247,85,53,8
247,86,80,27
247,87,54,73
247,88,62,50
247,89,66,67
247,90,51,48
247,91,48,56
247,92,55,11
247,93,74,27
247,94,59,61
247,95,42,59
247,96,58,62
247,97,69,52
247,98,88,57
247,99,68,42
247,100,58,43
247,101,39,23
247,102,73,46
247,103,44,58
247,104,24,49
247,105,57,52
247,106,50,53
247,107,66,49
247,108,48,70
247,109,54,52
247,110,64,53
247,111,47,42
247,112,63,60
247,113,45,41
247,114,39,37
247,115,49,64
247,116,42,27
247,117,74,24
247,118,29,38
247,119,37,22
247,120,44,42
247,121,59,38
247,122,58,48
247,123,55,68
247,124,55,72
247,125,26,72
247,126,86,50
247,127,37,57
247,128,62,38
247,129,43,41
247,130,53,58
247,131,58,49
247,132,54,32
247,133,73,44
247,134,38,45
247,135,49,37
247,136,55,67
247,137,54,74
247,138,62,51
247,139,32,76
247,140,38,59
247,141,72,18
247,142,49,48
247,143,31,85
247,144,53,54
247,145,66,30
247,146,60,44
247,147,64,49
247,148,55,62
247,149,65,34
247,150,58,65
247,151,34,63
247,152,37,54
247,153,55,49
247,154,62,61
247,155,44,55
247,156,51,41
247,157,70,54
247,158,39,52
247,159,78,31
247,160,63,47
247,161,47,38
247,162,49,40
247,163,68,36
247,164,66,35
247,165,46,36
247,166,51,58
247,167,44,39
247,168,44,63
247,169,63,64
247,170,67,38
247,171,51,52
247,172,67,49
247,173,61,48
247,174,47,48
247,175,65,42
247,176,67,27
247,177,53,55
247,178,82,81
247,179,54,62
247,180,52,52
247,181,63,63
247,182,43,50
247,183,63,57
247,184,84,60
247,185,53,34
247,186,48,52
247,187,38,58
247,188,67,89
247,189,63,37
247,190,63,46
247,191,28,49
247,192,73,35
247,193,54,69
247,194,58,56
247,195,71,61
247,196,60,64
248,1,44,33
248,2,40,51
248,3,51,79
248,4,45,35
248,5,40,45
248,6,42,24
248,7,66,59
248,8,44,49
248,9,27,48
248,10,23,49
248,11,21,57
248,12,44,59
248,13,74,61
248,14,49,47
248,15,36,26
248,16,46,28
248,17,53,9
248,18,46,51
248,19,35,56
248,20,55,18
248,21,41,70
248,22,17,63
248,23,52,42
248,24,15,51
248,25,41,43
248,26,32,38
248,27,35,58
248,28,68,50
248,29,63,41
248,30,31,34
248,31,44,79
248,32,51,62
248,33,39,57
248,34,31,45
248,35,59,45
248,36,53,45
248,37,58,34
248,38,63,70
248,39,49,38
248,40,23,67
248,41,15,60
248,42,50,70
248,43,54,11
248,44,48,27
248,45,47,53
248,46,52,34
248,47,36,48
248,48,63,26
248,49,43,68
248,50,60,48
248,51,26,39
248,52,49,74
248,53,24,53
248,54,37,56
248,55,61,70
248,56,72,68
248,57,22,48
248,58,42,36
248,59,31,53
248,60,46,33
248,61,47,73
248,62,66,60
248,63,62,62
248,64,28,51
248,65,32,42
248,66,51,29
248,67,34,48
248,68,50,42
248,69,72,82
248,70,36,70
248,71,72,52
248,72,42,41
248,73,53,79
248,74,75,39
248,75,22,71
248,76,31,26
248,77,61,52
248,78,57,18
248,79,30,63
248,80,58,74
248,81,40,74
248,82,34,46
248,83,74,74
248,84,42,64
248,85,54,7
248,86,80,26
248,87,53,74
248,88,63,50
248,89,67,67
248,90,51,49
248,91,49,55
248,92,55,12
248,93,75,27
248,94,59,60
248,95,42,58
248,96,59,62
248,97,68,51
248,98,89,58
248,99,67,42
248,100,59,43
248,101,40,23
248,102,72,47
248,103,45,57
248,104,24,48
248,105,58,53
248,106,49,54
248,107,67,48
248,108,48,71
248,109,54,53
248,110,64,52
248,111,47,43
248,112,64,59
248,113,45,42
248,114,39,38
248,115,49,63
248,116,42,26
248,117,75,25
248,118,30,37
248,119,38,21
248,120,43,42
248,121,60,39
248,122,59,47
248,123,55,69
248,124,55,71
248,125,27,73
248,126,85,49
248,127,36,57
248,128,61,38
248,129,42,40
248,130,53,59
248,131,57,50
248,132,55,31
248,133,74,43
248,134,38,44
248,135,50,38
248,136,54,67
248,137,55,75
248,138,61,51
248,139,32,75
248,140,37,58
248,141,73,17
248,142,48,47
248,143,30,86
248,144,54,55
248,145,66,29
248,146,60,43
248,147,65,50
248,148,54,63
248,149,64,35
248,150,57,66
248,151,33,62
248,152,37,55
248,153,54,48
248,154,61,60
248,155,43,56
248,156,52,41
248,157,69,54
248,158,38,52
248,159,77,32
248,160,63,48
248,161,48,37
248,162,49,39
248,163,67,37
248,164,66,36
248,165,45,36
248,166,51,57
248,167,43,38
248,168,45,63
248,169,64,63
248,170,66,37
248,171,52,51
248,172,66,49
248,173,62,49
248,174,46,49
248,175,65,43
248,176,68,28
248,177,52,54
248,178,83,81
248,179,55,61
248,180,51,51
248,181,63,62
248,182,42,50
248,183,62,56
248,184,85,60
248,185,52,35
248,186,47,51
248,187,39,59
248,188,67,88
248,189,64,38
248,190,63,45
248,191,29,50
248,192,73,34
248,193,53,69
248,194,57,57
248,195,72,60
248,196,59,64
249,1,43,32
249,2,39,52
249,3,52,79
249,4,46,36
249,5,39,45
249,6,42,23
249,7,65,59
249,8,45,48
249,9,28,48
249,10,22,49
249,11,20,56
249,12,43,58
249,13,75,62
249,14,50,47
249,15,37,26
249,16,45,29
249,17,54,10
249,18,45,52
249,19,34,56
249,20,56,18
249,21,42,71
249,22,18,62
249,23,52,43
249,24,15,52
249,25,42,43
249,26,31,39
249,27,34,58
249,28,67,50
249,29,64,41
249,30,30,33
249,31,43,79
249,32,52,63
249,33,40,58
249,34,30,45
249,35,58,45
249,36,54,46
249,37,59,34
249,38,62,70
249,39,49,37
249,40,23,68
249,41,16,59
249,42,50,71
249,43,53,10
249,44,48,28
249,45,46,54
249,46,53,33
249,47,37,47
249,48,63,25
249,49,42,69
249,50,61,48
249,51,27,38
249,52,48,75
249,53,23,53
249,54,38,56
249,55,61,69
249,56,73,68
249,57,22,47
249,58,42,35
249,59,31,52
249,60,45,33
249,61,48,74
249,62,67,59
249,63,61,61
249,64,27,52
249,65,31,41
249,66,51,28
249,67,35,47
249,68,49,41
249,69,73,83
249,70,37,70
249,71,72,53
249,72,43,40
249,73,53,78
249,74,74,39
249,75,21,72
249,76,32,26
249,77,62,52
249,78,58,18
249,79,31,63
249,80,58,73
249,81,39,73
249,82,34,45
249,83,75,73
249,84,41,64
249,85,55,7
249,86,79,26
249,87,54,74
249,88,63,51
249,89,67,68
249,90,51,50
249,91,50,56
249,92,56,12
249,93,74,26
249,94,58,59
249,95,41,59
249,96,60,62
249,97,68,52
249,98,90,57
249,99,68,41
249,100,60,44
249,101,41,22
249,102,73,47
249,103,46,56
249,104,23,48
249,105,58,54
249,106,50,54
249,107,68,48
249,108,48,70
249,109,55,52
249,110,65,53
249,111,47,44
249,112,63,58
249,113,45,43
249,114,40,39
249,115,50,63
249,116,43,26
249,117,74,24
249,118,30,38
249,119,39,22
249,120,44,42
249,121,60,38
249,122,58,46
249,123,54,68
249,124,54,70
249,125,26,74
249,126,86,49
249,127,37,57
249,128,62,37
249,129,41,41
249,130,53,58
249,131,58,50
249,132,54,30
249,133,75,42
249,134,37,43
249,135,50,37
249,136,55,68
249,137,56,75
249,138,60,52
249,139,32,76
249,140,38,58
249,141,73,18
249,142,48,46
249,143,31,86
249,144,54,56
249,145,65,28
249,146,61,43
249,147,66,50
249,148,55,63
249,149,64,34
249,150,58,67
249,151,33,63
249,152,36,56
249,153,55,48
249,154,60,61
249,155,42,55
249,156,51,40
249,157,69,55
249,158,39,53
249,159,78,32
249,160,64,49
249,161,48,36
249,162,48,39
249,163,68,36
249,164,66,35
249,165,44,37
249,166,51,58
249,167,42,39
249,168,45,64
249,169,65,62
249,170,65,36
249,171,52,50
249,172,66,48
249,173,62,48
249,174,45,50
249,175,65,42
249,176,68,27
249,177,51,54
249,178,84,81
249,179,54,62
249,180,52,51
249,181,63,61
249,182,41,51
249,183,63,56
249,184,84,59
249,185,53,34
249,186,46,50
249,187,38,59
249,188,66,89
249,189,64,37
249,190,62,46
249,191,28,49
249,192,73,33
249,193,53,68
249,194,58,57
249,195,73,60
249,196,60,63
250,1,44,32
250,2,38,52
250,3,53,80
250,4,47,37
250,5,40,44
250,6,43,22
250,7,64,60
250,8,46,47
250,9,29,48
250,10,21,49
250,11,20,57
250,12,43,59
250,13,76,62
250,14,49,46
250,15,37,27
250,16,44,30
250,17,55,11
250,18,44,52
250,19,33,57
250,20,56,19
250,21,42,72
250,22,18,63
250,23,51,43
250,24,14,53
250,25,42,44
250,26,32,38
250,27,35,57
250,28,66,51
250,29,65,40
250,30,30,34
250,31,44,80
250,32,52,62
250,33,41,58
250,34,31,46
250,35,57,44
250,36,53,47
250,37,59,33
250,38,62,71
250,39,49,38
250,40,24,68
250,41,17,59
250,42,49,70
250,43,53,11
250,44,47,27
250,45,46,55
250,46,52,33
250,47,36,48
250,48,64,24
250,49,43,69
250,50,60,48
250,51,28,39
250,52,49,75
250,53,22,52
250,54,38,57
250,55,61,70
250,56,72,68
250,57,23,46
250,58,41,35
250,59,31,53
250,60,46,32
250,61,47,74
250,62,68,60
250,63,62,60
250,64,26,53
250,65,32,41
250,66,52,29
250,67,34,48
250,68,48,40
250,69,74,84
250,70,38,70
250,71,71,52
250,72,43,41
250,73,54,77
250,74,73,40
250,75,22,72
250,76,33,27
250,77,63,52
250,78,57,18
250,79,30,62
250,80,57,72
250,81,39,74
250,82,35,45
250,83,74,73
250,84,40,65
250,85,55,8
250,86,80,27
250,87,54,75
250,88,64,52
250,89,68,67
250,90,52,49
250,91,51,56
250,92,57,12
250,93,75,27
250,94,59,60
250,95,42,60
250,96,59,63
250,97,68,53
250,98,89,56
250,99,68,40
250,100,60,43
250,101,40,23
250,102,73,46
250,103,45,57
250,104,24,47
250,105,57,53
250,106,49,53
250,107,69,48
250,108,47,69
250,109,56,53
250,110,66,52
250,111,46,44
250,112,64,58
250,113,46,43
250,114,39,39
250,115,51,63
250,116,42,25
250,117,74,23
250,118,29,39
250,119,40,22
250,120,45,42
250,121,61,37
250,122,58,47
250,123,53,69
250,124,53,71
250,125,25,75
250,126,87,50
250,127,36,57
250,128,61,38
250,129,41,40
250,130,54,58
250,131,59,50
250,132,55,31
250,133,76,41
250,134,37,44
250,135,51,37
250,136,54,69
250,137,57,76
250,138,61,52
250,139,33,77
250,140,39,59
250,141,73,19
250,142,49,47
250,143,32,86
250,144,55,55
250,145,64,27
250,146,62,43
250,147,67,51
250,148,54,63
250,149,64,35
250,150,58,66
250,151,34,63
250,152,37,55
250,153,55,49
250,154,60,60
250,155,41,54
250,156,50,40
250,157,70,56
250,158,40,53
250,159,79,33
250,160,63,48
250,161,47,35
250,162,49,40
250,163,67,35
250,164,67,36
250,165,45,36
250,166,52,58
250,167,43,39
250,168,46,65
250,169,65,63
250,170,66,35
250,171,51,51
250,172,66,49
250,173,63,49
250,174,44,51
250,175,64,43
250,176,67,27
250,177,52,55
250,178,83,80
250,179,53,61
250,180,53,52
250,181,62,61
250,182,40,52
250,183,64,56
250,184,85,60
250,185,52,34
250,186,46,51
250,187,39,60
250,188,67,90
250,189,63,37
250,190,62,47
250,191,27,49
250,192,74,32
250,193,52,67
250,194,57,57
250,195,74,60
250,196,59,64
251,1,43,31
251,2,39,51
251,3,54,79
251,4,47,36
251,5,39,44
251,6,42,21
251,7,65,61
251,8,45,46
251,9,30,48
251,10,22,50
251,11,19,56
251,12,43,58
251,13,77,62
251,14,50,45
251,15,38,28
251,16,43,29
251,17,55,12
251,18,45,51
251,19,34,56
251,20,55,19
251,21,42,71
251,22,19,62
251,23,51,42
251,24,13,54
251,25,43,43
251,26,32,37
251,27,34,57
251,28,65,50
251,29,66,39
251,30,31,33
251,31,45,79
251,32,51,61
251,33,42,59
251,34,31,45
251,35,56,44
251,36,52,46
251,37,58,32
251,38,62,70
251,39,50,39
251,40,23,69
251,41,18,59
251,42,49,69
251,43,53,10
251,44,48,28
251,45,45,54
251,46,51,33
251,47,35,48
251,48,63,23
251,49,42,69
251,50,59,47
251,51,27,38
251,52,49,76
251,53,22,53
251,54,37,56
251,55,62,69
251,56,71,67
251,57,22,47
251,58,41,36
251,59,30,52
251,60,47,32
251,61,48,74
251,62,67,60
251,63,61,60
251,64,25,52
251,65,33,40
251,66,53,30
251,67,35,47
251,68,48,39
251,69,75,85
251,70,38,69
251,71,71,51
251,72,42,41
251,73,53,77
251,74,73,39
251,75,21,72
251,76,34,28
251,77,62,52
251,78,58,17
251,79,29,61
251,80,58,73
251,81,40,75
251,82,34,46
251,83,74,74
251,84,39,66
251,85,54,8
251,86,79,27
251,87,55,75
251,88,63,52
251,89,68,68
251,90,52,50
251,91,52,57
251,92,57,11
251,93,75,28
251,94,59,59
251,95,43,61
251,96,58,62
251,97,67,54
251,98,90,56
251,99,68,39
251,100,59,42
251,101,41,22
251,102,72,46
251,103,45,58
251,104,23,46
251,105,57,54
251,106,48,52
251,107,69,47
251,108,48,69
251,109,57,53
251,110,65,51
251,111,47,44
251,112,65,59
251,113,45,44
251,114,39,38
251,115,52,62
251,116,41,24
251,117,74,24
251,118,30,38
251,119,39,21
251,120,45,43
251,121,60,37
251,122,59,46
251,123,52,69
251,124,53,70
251,125,26,75
251,126,88,51
251,127,35,57
251,128,62,39
251,129,40,41
251,130,53,57
251,131,58,50
251,132,56,31
251,133,75,40
251,134,36,43
251,135,51,38
251,136,53,68
251,137,58,75
251,138,62,51
251,139,33,76
251,140,40,60
251,141,74,20
251,142,48,46
251,143,33,87
251,144,54,55
251,145,64,26
251,146,63,44
251,147,68,51
251,148,55,64
251,149,63,36
251,150,57,67
251,151,34,64
251,152,38,55
251,153,54,50
251,154,60,61
251,155,41,55
251,156,51,39
251,157,70,57
251,158,41,53
251,159,78,32
251,160,63,47
251,161,47,34
251,162,48,40
251,163,68,36
251,164,67,37
251,165,45,37
251,166,51,57
251,167,42,40
251,168,47,66
251,169,64,62
251,170,65,35
251,171,52,52
251,172,67,48
251,173,64,50
251,174,45,52
251,175,64,42
251,176,67,26
251,177,51,55
251,178,82,80
251,179,53,62
251,180,54,53
251,181,61,62
251,182,39,52
251,183,63,57
251,184,84,60
251,185,52,35
251,186,46,52
251,187,39,59
251,188,66,89
251,189,62,38
251,190,63,48
251,191,27,48
251,192,75,31
251,193,53,67
251,194,58,56
251,195,75,59
251,196,59,65
252,1,44,32
252,2,38,52
252,3,54,78
252,4,46,35
252,5,40,43
252,6,42,22
252,7,66,62
252,8,44,46
252,9,29,49
252,10,23,49
252,11,20,57
252,12,43,59
252,13,76,61
252,14,51,46
252,15,38,29
252,16,44,29
252,17,54,13
252,18,45,50
252,19,34,55
252,20,54,20
252,21,43,72
252,22,19,61
252,23,50,43
252,24,12,55
252,25,42,42
252,26,32,38
252,27,35,56
252,28,66,51
252,29,67,40
252,30,31,32
252,31,45,80
252,32,51,60
252,33,41,58
252,34,30,45
252,35,56,45
252,36,51,47
252,37,57,33
252,38,61,71
252,39,49,38
252,40,23,68
252,41,18,58
252,42,49,70
252,43,54,10
252,44,49,28
252,45,45,55
252,46,52,34
252,47,34,48
252,48,62,22
252,49,42,68
252,50,60,47
252,51,27,39
252,52,50,77
252,53,21,52
252,54,38,56
252,55,62,68
252,56,72,66
252,57,21,47
252,58,41,35
252,59,29,51
252,60,46,33
252,61,48,75
252,62,68,59
252,63,62,60
252,64,24,51
252,65,33,39
252,66,52,29
252,67,36,48
252,68,47,39
252,69,74,86
252,70,37,69
252,71,70,52
252,72,43,41
252,73,53,78
252,74,73,40
252,75,22,73
252,76,35,29
252,77,61,53
252,78,59,18
252,79,28,61
252,80,59,74
252,81,39,74
252,82,35,45
252,83,75,74
252,84,38,67
252,85,55,9
252,86,78,26
252,87,55,74
252,88,62,53
252,89,67,68
252,90,53,51
252,91,53,58
252,92,58,10
252,93,75,27
252,94,58,59
252,95,44,60
252,96,57,63
252,97,66,55
252,98,91,56
252,99,67,39
252,100,58,41
252,101,40,23
252,102,73,47
252,103,46,58
252,104,24,46
252,105,56,55
252,106,49,51
252,107,69,46
252,108,47,68
252,109,56,54
252,110,66,50
252,111,47,43
252,112,65,60
252,113,45,45
252,114,38,39
252,115,53,61
252,116,42,24
252,117,75,24
252,118,29,37
252,119,38,20
252,120,44,43
252,121,61,36
252,122,59,47
252,123,51,68
252,124,52,69
252,125,27,74
252,126,88,50
252,127,36,58
252,128,61,38
252,129,40,40
252,130,54,56
252,131,57,51
252,132,55,30
252,133,74,41
252,134,35,43
252,135,52,39
252,136,53,69
252,137,57,76
252,138,62,52
252,139,33,77
252,140,41,60
252,141,73,19
252,142,48,45
252,143,32,87
252,144,55,56
252,145,65,25
252,146,63,45
252,147,69,50
252,148,55,63
252,149,62,37
252,150,56,68
252,151,35,63
252,152,37,56
252,153,54,51
252,154,59,62
252,155,40,56
252,156,50,38
252,157,71,58
252,158,41,54
252,159,77,31
252,160,62,46
252,161,46,34
252,162,49,39
252,163,67,36
252,164,66,37
252,165,46,37
252,166,52,57
252,167,41,39
252,168,46,67
252,169,63,62
252,170,64,35
252,171,52,53
252,172,67,49
252,173,65,49
252,174,46,51
252,175,64,41
252,176,68,27
252,177,50,56
252,178,81,79
252,179,54,62
252,180,54,54
252,181,62,62
252,182,38,51
252,183,62,56
252,184,83,61
252,185,51,36
252,186,46,53
252,187,39,60
252,188,67,90
252,189,63,39
252,190,62,48
252,191,27,47
252,192,76,31
252,193,52,66
252,194,58,57
252,195,74,60
252,196,58,65
253,1,43,32
253,2,39,53
253,3,55,79
253,4,45,34
253,5,41,44
253,6,42,23
253,7,65,61
253,8,45,46
253,9,28,50
253,10,23,48
253,11,20,58
253,12,42,59
253,13,77,61
253,14,50,45
253,15,37,30
253,16,44,30
253,17,55,13
253,18,45,51
253,19,35,54
253,20,55,20
253,21,42,72
253,22,20,62
253,23,49,44
253,24,11,54
253,25,41,41
253,26,31,37
253,27,36,57
253,28,67,51
253,29,66,39
253,30,30,31
253,31,46,81
253,32,51,61
253,33,40,59
253,34,30,46
253,35,57,46
253,36,50,48
253,37,56,32
253,38,62,71
253,39,48,38
253,40,23,69
253,41,17,57
253,42,48,70
253,43,55,11
253,44,48,27
253,45,44,56
253,46,53,33
253,47,34,47
253,48,61,23
253,49,43,68
253,50,59,46
253,51,26,39
253,52,50,78
253,53,22,53
253,54,37,57
253,55,63,69
253,56,72,65
253,57,20,47
253,58,42,34
253,59,29,50
253,60,45,32
253,61,47,75
253,62,68,60
253,63,62,61
253,64,25,51
253,65,32,39
253,66,51,30
253,67,37,48
253,68,47,38
253,69,74,87
253,70,38,68
253,71,71,53
253,72,43,40
253,73,52,79
253,74,73,39
253,75,23,74
253,76,34,29
253,77,61,52
253,78,58,18
253,79,29,62
253,80,60,75
253,81,40,75
253,82,36,46
253,83,75,73
253,84,37,68
253,85,56,9
253,86,78,27
253,87,56,75
253,88,63,53
253,89,66,68
253,90,53,50
253,91,53,57
253,92,58,11
253,93,76,26
253,94,57,58
253,95,45,61
253,96,57,64
253,97,67,54
253,98,90,56
253,99,66,40
253,100,59,42
253,101,39,23
253,102,74,46
253,103,47,59
253,104,24,45
253,105,57,56
253,106,48,52
253,107,70,46
253,108,48,67
253,109,57,54
253,110,67,50
253,111,46,44
253,112,64,60
253,113,44,46
253,114,38,40
253,115,54,60
253,116,42,25
253,117,75,23
253,118,28,38
253,119,37,21
253,120,45,44
253,121,62,36
253,122,60,47
253,123,51,69
253,124,52,68
253,125,28,74
253,126,89,49
253,127,36,59
253,128,60,39
253,129,39,41
253,130,54,55
253,131,58,50
253,132,56,30
253,133,73,41
253,134,36,43
253,135,51,40
253,136,53,68
253,137,57,75
253,138,61,51
253,139,33,76
253,140,42,60
253,141,73,18
253,142,48,44
253,143,33,86
253,144,54,57
253,145,66,24
253,146,64,44
253,147,69,51
253,148,55,62
253,149,63,37
253,150,55,69
253,151,36,63
253,152,36,56
253,153,53,52
253,154,58,61
253,155,39,56
253,156,51,39
253,157,72,57
253,158,40,54
253,159,78,31
253,160,63,45
253,161,45,35
253,162,50,39
253,163,68,36
253,164,65,36
253,165,46,38
253,166,51,57
253,167,41,38
253,168,45,66
253,169,63,61
253,170,65,34
253,171,51,53
253,172,68,48
253,173,65,50
253,174,47,50
253,175,63,40
253,176,69,26
253,177,49,56
253,178,80,80
253,179,53,62
253,180,55,54
253,181,61,62
253,182,39,51
253,183,61,55
253,184,84,62
253,185,50,37
253,186,45,54
253,187,40,60
253,188,66,91
253,189,62,38
253,190,63,47
253,191,28,48
253,192,77,31
253,193,52,65
253,194,59,57
253,195,73,60
253,196,57,65
254,1,42,33
254,2,39,52
254,3,56,78
254,4,46,35
254,5,42,45
254,6,43,24
254,7,64,62
254,8,46,45
254,9,27,51
254,10,22,49
254,11,19,58
254,12,41,60
254,13,76,60
254,14,50,44
254,15,37,29
254,16,45,30
254,17,56,12
254,18,46,52
254,19,36,55
254,20,55,21
254,21,42,73
254,22,19,62
254,23,49,43
254,24,11,55
254,25,42,41
254,26,31,38
254,27,37,58
254,28,68,51
254,29,66,38
254,30,30,30
254,31,47,81
254,32,52,61
254,33,39,59
254,34,30,47
254,35,58,47
254,36,50,49
254,37,56,31
254,38,61,71
254,39,49,39
254,40,24,69
254,41,18,57
254,42,47,71
254,43,56,11
254,44,47,26
254,45,45,55
254,46,53,32
254,47,34,46
254,48,62,22
254,49,44,67
254,50,58,45
254,51,25,38
254,52,51,79
254,53,23,52
254,54,37,56
254,55,62,68
254,56,73,66
254,57,21,47
254,58,41,33
254,59,29,51
254,60,46,31
254,61,46,74
254,62,68,59
254,63,61,60
254,64,25,50
254,65,33,38
254,66,50,31
254,67,37,47
254,68,47,37
254,69,75,88
254,70,37,69
254,71,70,52
254,72,42,40
254,73,53,78
254,74,74,38
254,75,24,73
254,76,33,29
254,77,60,52
254,78,59,17
254,79,30,61
254,80,59,75
254,81,40,74
254,82,35,46
254,83,76,72
254,84,38,69
254,85,57,9
254,86,79,27
254,87,56,74
254,88,63,54
254,89,65,69
254,90,53,49
254,91,54,58
254,92,57,12
254,93,75,26
254,94,56,58
254,95,44,60
254,96,57,63
254,97,68,54
254,98,89,57
254,99,65,39
254,100,59,41
254,101,38,24
254,102,74,47
254,103,46,58
254,104,25,44
254,105,58,56
254,106,47,51
254,107,69,46
254,108,47,67
254,109,56,55
254,110,68,49
254,111,47,44
254,112,65,60
254,113,45,47
254,114,38,41
254,115,55,59
254,116,42,26
254,117,74,24
254,118,27,39
254,119,37,22
254,120,46,44
254,121,63,35
254,122,61,46
254,123,50,68
254,124,51,67
254,125,28,73
254,126,88,49
254,127,35,58
254,128,60,40
254,129,38,40
254,130,53,54
254,131,58,51
254,132,57,30
254,133,72,41
254,134,37,43
254,135,52,40
254,136,54,68
254,137,58,75
254,138,62,51
254,139,32,77
254,140,41,61
254,141,74,18
254,142,47,45
254,143,34,87
254,144,53,56
254,145,66,25
254,146,63,44
254,147,70,50
254,148,55,61
254,149,62,36
254,150,56,70
254,151,35,62
254,152,36,57
254,153,52,52
254,154,59,62
254,155,39,55
254,156,51,40
254,157,73,58
254,158,41,53
254,159,77,30
254,160,63,46
254,161,44,36
254,162,51,39
254,163,69,37
254,164,64,35
254,165,45,38
254,166,51,58
254,167,41,39
254,168,46,66
254,169,63,62
254,170,64,33
254,171,51,54
254,172,69,47
254,173,66,50
254,174,48,50
254,175,62,41
254,176,70,27
254,177,48,57
254,178,81,80
254,179,54,63
254,180,55,55
254,181,62,61
254,182,40,50
254,183,60,56
254,184,84,61
254,185,50,38
254,186,46,53
254,187,40,59
254,188,65,91
254,189,62,37
254,190,64,46
254,191,29,49
254,192,78,30
254,193,51,65
254,194,60,57
254,195,73,59
254,196,58,66
255,1,42,34
255,2,40,53
255,3,55,79
255,4,45,35
255,5,43,46
255,6,44,23
255,7,64,61
255,8,47,46
255,9,26,50
255,10,23,48
255,11,20,59
255,12,42,59
255,13,76,59
255,14,51,43
255,15,36,28
255,16,45,31
255,17,57,13
255,18,45,51
255,19,37,54
255,20,55,20
255,21,42,72
255,22,18,63
255,23,48,42
255,24,10,54
255,25,41,41
255,26,30,37
255,27,36,58
255,28,69,50
255,29,67,37
255,30,31,30
255,31,46,82
255,32,52,60
255,33,39,58
255,34,29,47
255,35,58,48
255,36,50,50
255,37,55,30
255,38,62,72
255,39,48,39
255,40,25,70
255,41,18,58
255,42,46,72
255,43,55,12
255,44,47,27
255,45,44,54
255,46,54,32
255,47,34,47
255,48,61,21
255,49,44,66
255,50,58,46
255,51,25,39
255,52,52,78
255,53,23,53
255,54,37,55
255,55,61,68
255,56,72,66
255,57,21,46
255,58,41,32
255,59,30,52
255,60,45,30
255,61,46,73
255,62,69,60
255,63,60,61
255,64,24,51
255,65,32,38
255,66,51,30
255,67,38,47
255,68,46,36
255,69,75,87
255,70,36,70
255,71,69,53
255,72,41,40
255,73,53,79
255,74,75,37
255,75,23,73
255,76,32,29
255,77,60,53
255,78,58,17
255,79,29,62
255,80,59,74
255,81,40,73
255,82,36,47
255,83,75,73
255,84,38,68
255,85,56,8
255,86,80,27
255,87,57,74
255,88,64,55
255,89,64,70
255,90,53,48
255,91,55,58
255,92,56,11
255,93,76,27
255,94,57,57
255,95,45,59
255,96,56,63
255,97,68,55
255,98,90,57
255,99,65,40
255,100,58,42
255,101,37,25
255,102,73,46
255,103,47,59
255,104,25,45
255,105,58,55
255,106,47,52
255,107,68,46
255,108,48,68
255,109,57,55
255,110,68,50
255,111,48,43
255,112,65,59
255,113,45,46
255,114,39,40
255,115,54,58
255,116,41,25
255,117,73,25
255,118,28,39
255,119,36,23
255,120,47,43
255,121,64,36
255,122,60,45
255,123,49,69
255,124,50,66
255,125,29,72
255,126,87,50
255,127,34,58
255,128,61,41
255,129,37,39
255,130,54,53
255,131,57,50
255,132,57,31
255,133,73,42
255,134,38,42
255,135,52,41
255,136,54,69
255,137,59,75
255,138,61,52
255,139,33,76
255,140,40,60
255,141,73,19
255,142,47,44
255,143,35,87
255,144,53,57
255,145,65,25
255,146,64,43
255,147,70,49
255,148,55,60
255,149,62,35
255,150,57,69
255,151,36,62
255,152,35,56
255,153,53,52
255,154,59,61
255,155,38,56
255,156,50,39
255,157,74,57
255,158,41,54
255,159,77,31
255,160,62,45
255,161,45,37
255,162,52,38
255,163,69,38
255,164,63,35
255,165,44,39
255,166,50,58
255,167,41,38
255,168,46,67
255,169,63,63
255,170,65,32
255,171,51,55
255,172,69,46
255,173,66,49
255,174,47,50
255,175,62,40
255,176,70,28
255,177,47,57
255,178,82,79
255,179,54,62
255,180,54,56
255,181,61,62
255,182,41,49
255,183,61,56
255,184,85,62
255,185,50,37
255,186,46,52
255,187,40,58
255,188,66,91
255,189,63,38
255,190,63,46
255,191,30,49
255,192,77,30
255,193,52,64
255,194,59,58
255,195,74,60
255,196,59,67
256,1,42,35
256,2,39,53
256,3,55,78
256,4,44,34
256,5,42,45
256,6,45,22
256,7,65,62
256,8,47,47
256,9,27,51
256,10,22,47
256,11,19,58
256,12,41,60
256,13,77,58
256,14,50,44
256,15,35,29
256,16,44,31
256,17,56,13
256,18,44,52
256,19,36,54
256,20,55,19
256,21,43,72
256,22,17,62
256,23,49,41
256,24,11,54
256,25,40,41
256,26,29,36
256,27,37,58
256,28,68,51
256,29,66,38
256,30,30,31
256,31,45,83
256,32,53,61
256,33,38,58
256,34,29,46
256,35,58,49
256,36,49,51
256,37,55,29
256,38,63,73
256,39,48,40
256,40,24,71
256,41,17,57
256,42,45,72
256,43,55,13
256,44,46,27
256,45,43,55
256,46,55,33
256,47,35,46
256,48,62,22
256,49,44,67
256,50,59,47
256,51,24,39
256,52,51,77
256,53,22,52
256,54,36,55
256,55,62,67
256,56,73,65
256,57,20,45
256,58,42,32
256,59,30,51
256,60,44,30
256,61,47,72
256,62,70,60
256,63,60,62
256,64,24,50
256,65,32,37
256,66,50,29
256,67,37,48
256,68,47,36
256,69,76,88
256,70,35,69
256,71,70,52
256,72,41,39
256,73,53,78
256,74,74,36
256,75,22,73
256,76,31,30
256,77,59,52
256,78,57,18
256,79,28,63
256,80,58,74
256,81,40,74
256,82,36,48
256,83,76,72
256,84,39,69
256,85,55,8
256,86,81,27
256,87,57,73
256,88,64,56
256,89,64,69
256,90,52,47
256,91,54,59
256,92,56,12
256,93,77,28
256,94,56,58
256,95,45,58
256,96,57,63
256,97,67,56
256,98,89,58
256,99,64,40
256,100,59,41
256,101,38,24
256,102,74,46
256,103,48,60
256,104,24,46
256,105,57,56
256,106,46,53
256,107,69,45
256,108,47,68
256,109,57,54
256,110,69,49
256,111,47,42
256,112,64,59
256,113,45,45
256,114,40,39
256,115,53,59
256,116,40,24
256,117,74,24
256,118,29,40
256,119,35,22
256,120,48,44
256,121,64,37
256,122,60,46
256,123,48,68
256,124,51,65
256,125,30,73
256,126,86,50
256,127,35,57
256,128,60,40
256,129,36,40
256,130,53,54
256,131,58,51
256,132,57,32
256,133,74,43
256,134,39,43
256,135,51,42
256,136,53,68
256,137,59,74
256,138,60,51
256,139,33,77
256,140,41,59
256,141,74,19
256,142,48,45
256,143,36,86
256,144,53,58
256,145,66,24
256,146,65,42
256,147,71,50
256,148,56,61
256,149,63,36
256,150,56,69
256,151,36,61
256,152,35,55
256,153,52,53
256,154,58,62
256,155,37,57
256,156,50,40
256,157,73,58
256,158,42,53
256,159,76,32
256,160,63,44
256,161,46,37
256,162,53,39
256,163,69,39
256,164,62,36
256,165,45,38
256,166,51,57
256,167,42,37
256,168,45,68
256,169,63,62
256,170,64,31
256,171,50,54
256,172,68,47
256,173,67,50
256,174,48,51
256,175,63,41
256,176,71,27
256,177,46,58
256,178,83,79
256,179,54,63
256,180,55,57
256,181,62,61
256,182,40,50
256,183,60,55
256,184,85,61
256,185,49,36
256,186,47,53
256,187,39,58
256,188,65,92
256,189,63,37
256,190,64,45
256,191,29,48
256,192,78,29
256,193,51,63
256,194,58,59
256,195,74,61
256,196,59,66
257,1,43,35
257,2,38,52
257,3,56,78
257,4,45,33
257,5,41,45
257,6,44,21
257,7,64,63
257,8,46,48
257,9,28,51
257,10,21,46
257,11,18,59
257,12,41,61
257,13,77,59
257,14,50,43
257,15,35,30
257,16,45,31
257,17,57,14
257,18,43,51
257,19,37,53
257,20,56,18
257,21,42,73
257,22,17,61
257,23,50,41
257,24,10,54
257,25,39,42
257,26,29,35
257,27,36,57
257,28,69,51
257,29,66,39
257,30,31,31
257,31,45,82
257,32,52,62
257,33,37,58
257,34,28,46
257,35,58,48
257,36,48,50
257,37,54,28
257,38,64,74
257,39,47,39
257,40,23,71
257,41,17,58
257,42,45,73
257,43,54,14
257,44,47,26
257,45,42,55
257,46,56,32
257,47,36,47
257,48,61,21
257,49,44,66
257,50,59,48
257,51,23,39
257,52,50,78
257,53,21,52
257,54,36,54
257,55,62,68
257,56,74,64
257,57,19,46
257,58,43,32
257,59,31,51
257,60,43,31
257,61,48,72
257,62,71,60
257,63,60,61
257,64,24,49
257,65,31,37
257,66,50,30
257,67,37,47
257,68,46,35
257,69,75,89
257,70,35,70
257,71,70,53
257,72,42,39
257,73,54,79
257,74,75,36
257,75,22,74
257,76,31,29
257,77,60,52
257,78,57,17
257,79,27,63
257,80,58,75
257,81,40,73
257,82,35,49
257,83,77,72
257,84,40,68
257,85,54,8
257,86,80,28
257,87,57,74
257,88,65,55
257,89,64,68
257,90,52,46
257,91,55,60
257,92,57,12
257,93,77,27
257,94,57,59
257,95,46,57
257,96,58,64
257,97,66,56
257,98,88,58
257,99,65,40
257,100,59,42
257,101,38,23
257,102,75,46
257,103,47,61
257,104,24,45
257,105,58,57
257,106,47,52
257,107,70,46
257,108,46,69
257,109,58,55
257,110,70,50
257,111,47,41
257,112,65,58
257,113,44,46
257,114,39,39
257,115,52,59
257,116,41,24
257,117,73,24
257,118,29,41
257,119,34,23
257,120,48,43
257,121,64,38
257,122,61,46
257,123,49,68
257,124,50,65
257,125,31,73
257,126,85,50
257,127,35,58
257,128,61,40
257,129,35,40
257,130,53,53
257,131,57,50
257,132,58,31
257,133,73,43
257,134,38,43
257,135,50,42
257,136,54,68
257,137,60,75
257,138,59,50
257,139,32,77
257,140,41,58
257,141,75,18
257,142,49,45
257,143,35,87
257,144,54,58
257,145,67,23
257,146,66,43
257,147,70,49
257,148,56,60
257,149,64,35
257,150,57,70
257,151,35,61
257,152,34,55
257,153,51,52
257,154,58,61
257,155,36,56
257,156,49,41
257,157,74,58
257,158,41,52
257,159,77,32
257,160,62,44
257,161,47,36
257,162,54,40
257,163,70,38
257,164,61,37
257,165,44,37
257,166,52,58
257,167,43,38
257,168,45,69
257,169,62,63
257,170,65,30
257,171,51,55
257,172,67,47
257,173,66,49
257,174,49,51
257,175,64,42
257,176,72,27
257,177,45,59
257,178,82,80
257,179,55,64
257,180,54,56
257,181,61,62
257,182,41,51
257,183,59,54
257,184,84,60
257,185,48,37
257,186,46,53
257,187,38,57
257,188,66,92
257,189,64,37
257,190,63,46
257,191,28,47
257,192,79,28
257,193,50,64
257,194,59,60
257,195,73,60
257,196,60,65
258,1,44,36
258,2,39,53
258,3,55,78
258,4,44,34
258,5,41,46
258,6,43,21
258,7,65,63
258,8,47,47
258,9,28,52
258,10,21,45
258,11,19,60
258,12,42,60
258,13,78,59
258,14,50,44
258,15,35,31
258,16,44,31
258,17,58,15
258,18,42,52
258,19,36,52
258,20,57,18
258,21,42,74
258,22,17,60
258,23,50,40
258,24,10,53
258,25,38,41
258,26,28,35
258,27,35,57
258,28,68,51
258,29,65,39
258,30,32,30
258,31,45,83
258,32,51,63
258,33,38,59
258,34,28,45
258,35,57,47
258,36,47,50
258,37,54,27
258,38,64,75
258,39,46,39
258,40,24,71
258,41,18,57
258,42,46,73
258,43,54,15
258,44,47,25
258,45,43,56
258,46,56,33
258,47,35,46
258,48,60,21
258,49,45,65
258,50,58,48
258,51,23,40
258,52,51,78
258,53,21,51
258,54,35,53
258,55,61,67
258,56,73,65
258,57,20,46
258,58,44,33
258,59,30,51
258,60,43,32
258,61,49,73
258,62,72,60
258,63,61,60
258,64,23,48
258,65,32,38
258,66,51,31
258,67,38,48
258,68,45,34
258,69,74,89
258,70,34,71
258,71,70,52
258,72,43,39
258,73,55,80
258,74,76,37
258,75,23,74
258,76,30,29
258,77,59,53
258,78,58,18
258,79,28,62
258,80,57,75
258,81,39,73
258,82,34,49
258,83,78,73
258,84,39,68
258,85,55,7
258,86,79,29
258,87,56,75
258,88,65,54
258,89,65,68
258,90,52,45
258,91,54,59
258,92,57,13
258,93,77,28
258,94,56,58
258,95,46,56
258,96,57,64
258,97,65,55
258,98,89,58
258,99,66,39
258,100,59,41
258,101,37,24
258,102,74,46
258,103,46,62
258,104,23,44
258,105,57,56
258,106,47,51
258,107,71,47
258,108,47,70
258,109,59,55
258,110,70,51
258,111,48,42
258,112,64,59
258,113,44,47
258,114,38,38
258,115,53,58
258,116,42,24
258,117,73,25
258,118,28,42
258,119,35,23
258,120,49,42
258,121,64,39
258,122,60,46
258,123,49,67
258,124,51,65
258,125,32,74
258,126,85,49
258,127,34,59
258,128,61,39
258,129,34,39
258,130,52,54
258,131,58,49
258,132,57,32
258,133,74,42
258,134,38,44
258,135,51,41
258,136,55,67
258,137,61,76
258,138,60,51
258,139,31,77
258,140,42,58
258,141,74,17
258,142,48,46
258,143,36,88
258,144,55,57
258,145,66,23
258,146,66,42
258,147,71,49
258,148,56,59
258,149,65,34
258,150,57,71
258,151,34,60
258,152,34,54
258,153,51,53
258,154,58,62
258,155,37,56
258,156,48,40
258,157,73,59
258,158,42,53
258,159,76,31
258,160,62,45
258,161,46,36
258,162,53,39
258,163,70,39
258,164,60,36
258,165,45,38
258,166,51,59
258,167,44,38
258,168,45,68
258,169,63,62
258,170,64,31
258,171,51,54
258,172,66,46
258,173,66,48
258,174,50,51
258,175,63,42
258,176,73,27
258,177,44,59
258,178,81,81
258,179,56,63
258,180,53,56
258,181,61,63
258,182,40,51
258,183,58,53
258,184,85,59
258,185,48,38
258,186,45,54
258,187,37,58
258,188,65,93
258,189,65,36
258,190,63,45
258,191,29,46
258,192,80,29
258,193,49,64
258,194,59,61
258,195,72,61
258,196,59,64
259,1,43,35
259,2,40,52
259,3,54,77
259,4,44,35
259,5,42,46
259,6,44,21
259,7,66,64
259,8,46,48
259,9,27,53
259,10,21,44
259,11,18,60
259,12,43,61
259,13,77,59
259,14,49,44
259,15,35,32
259,16,44,32
259,17,59,15
259,18,43,52
259,19,35,52
259,20,57,19
259,21,41,73
259,22,18,59
259,23,50,41
259,24,10,54
259,25,38,42
259,26,29,36
259,27,36,56
259,28,68,52
259,29,66,38
259,30,32,31
259,31,46,82
259,32,50,63
259,33,39,59
259,34,29,44
259,35,56,47
259,36,46,49
259,37,54,28
259,38,63,75
259,39,45,39
259,40,23,70
259,41,19,56
259,42,45,74
259,43,55,14
259,44,47,24
259,45,42,57
259,46,55,33
259,47,34,46
259,48,59,20
259,49,44,64
259,50,57,48
259,51,24,39
259,52,50,78
259,53,20,52
259,54,36,54
259,55,62,67
259,56,74,65
259,57,20,47
259,58,43,34
259,59,30,52
259,60,42,32
259,61,50,73
259,62,71,59
259,63,60,60
259,64,22,49
259,65,33,38
259,66,51,32
259,67,37,48
259,68,45,35
259,69,75,88
259,70,35,71
259,71,71,52
259,72,44,39
259,73,54,79
259,74,77,38
259,75,24,75
259,76,30,28
259,77,60,54
259,78,59,19
259,79,27,62
259,80,57,76
259,81,38,73
259,82,35,50
259,83,78,72
259,84,40,67
259,85,56,7
259,86,80,28
259,87,57,75
259,88,66,53
259,89,65,69
259,90,52,46
259,91,53,60
259,92,56,14
259,93,78,27
259,94,55,59
259,95,47,55
259,96,56,65
259,97,66,54
259,98,88,57
259,99,66,40
259,100,60,42
259,101,38,24
259,102,73,47
259,103,47,62
259,104,24,45
259,105,56,55
259,106,48,52
259,107,70,46
259,108,46,71
259,109,60,55
259,110,71,50
259,111,47,41
259,112,64,60
259,113,43,48
259,114,39,37
259,115,52,59
259,116,41,25
259,117,74,24
259,118,29,41
259,119,35,22
259,120,48,42
259,121,65,38
259,122,61,46
259,123,50,67
259,124,50,64
259,125,32,73
259,126,84,49
259,127,35,58
259,128,60,40
259,129,35,40
259,130,52,55
259,131,58,50
259,132,56,32
259,133,74,41
259,134,38,43
259,135,51,42
259,136,54,67
259,137,60,76
259,138,60,52
259,139,32,78
259,140,41,57
259,141,75,18
259,142,49,47
259,143,37,87
259,144,55,56
259,145,67,22
259,146,66,41
259,147,72,50
259,148,57,58
259,149,65,33
259,150,56,70
259,151,34,61
259,152,33,53
259,153,51,52
259,154,58,61
259,155,38,56
259,156,49,41
259,157,72,58
259,158,41,53
259,159,75,32
259,160,62,46
259,161,45,36
259,162,52,40
259,163,70,38
259,164,60,35
259,165,45,37
259,166,52,60
259,167,43,39
259,168,44,68
259,169,63,63
259,170,64,30
259,171,50,55
259,172,65,45
259,173,67,47
259,174,50,52
259,175,62,43
259,176,74,27
259,177,44,58
259,178,80,81
259,179,57,64
259,180,53,55
259,181,61,62
259,182,39,52
259,183,57,54
259,184,86,58
259,185,47,38
259,186,45,53
259,187,38,57
259,188,64,94
259,189,64,37
259,190,64,44
259,191,30,47
259,192,81,30
259,193,50,65
259,194,58,60
259,195,71,61
259,196,58,63
260,1,44,36
260,2,40,51
260,3,54,78
260,4,43,35
260,5,42,47
260,6,43,21
260,7,65,65
260,8,47,48
260,9,28,53
260,10,20,45
260,11,19,59
260,12,43,62
260,13,77,60
260,14,48,43
260,15,34,33
260,16,45,32
260,17,60,15
260,18,44,51
260,19,35,51
260,20,56,18
260,21,41,72
260,22,17,58
260,23,51,40
260,24,11,55
260,25,38,41
260,26,29,35
260,27,36,55
260,28,67,53
260,29,66,37
260,30,33,32
260,31,47,83
260,32,51,63
260,33,39,58
260,34,28,44
260,35,55,48
260,36,45,49
260,37,55,29
260,38,64,76
260,39,44,38
260,40,22,70
260,41,20,56
260,42,45,75
260,43,55,15
260,44,47,25
260,45,42,58
260,46,54,32
260,47,35,47
260,48,58,20
260,49,45,64
260,50,57,47
260,51,24,38
260,52,49,77
260,53,19,53
260,54,35,55
260,55,63,66
260,56,73,65
260,57,21,47
260,58,43,33
260,59,29,53
260,60,42,31
260,61,51,74
260,62,72,60
260,63,59,61
260,64,22,50
260,65,34,37
260,66,52,33
260,67,37,47
260,68,46,35
260,69,74,87
260,70,34,72
260,71,70,53
260,72,45,39
260,73,53,78
260,74,76,37
260,75,23,76
260,76,29,27
260,77,59,53
260,78,60,20
260,79,26,62
260,80,58,77
260,81,39,72
260,82,34,50
260,83,77,71
260,84,40,68
260,85,57,8
260,86,81,29
260,87,58,75
260,88,65,53
260,89,65,70
260,90,51,45
260,91,54,60
260,92,57,15
260,93,77,26
260,94,56,58
260,95,48,55
260,96,57,65
260,97,65,55
260,98,87,57
260,99,65,41
260,100,61,41
260,101,38,25
260,102,74,46
260,103,48,63
260,104,24,44
260,105,57,56
260,106,49,53
260,107,71,45
260,108,45,72
260,109,60,54
260,110,71,49
260,111,47,40
260,112,65,60
260,113,44,47
260,114,38,38
260,115,53,58
260,116,40,24
260,117,75,25
260,118,28,42
260,119,35,21
260,120,47,43
260,121,65,37
260,122,62,47
260,123,49,66
260,124,49,65
260,125,32,72
260,126,85,48
260,127,34,58
260,128,60,39
260,129,34,40
260,130,52,54
260,131,58,49
260,132,57,31
260,133,74,42
260,134,39,43
260,135,51,41
260,136,53,67
260,137,60,77
260,138,61,53
260,139,31,79
260,140,40,56
260,141,74,18
260,142,50,48
260,143,37,86
260,144,54,55
260,145,67,21
260,146,65,40
260,147,71,50
260,148,58,57
260,149,66,32
260,150,57,71
260,151,34,62
260,152,34,53
260,153,52,51
260,154,58,62
260,155,37,56
260,156,49,40
260,157,72,57
260,158,42,52
260,159,74,31
260,160,61,45
260,161,46,36
260,162,51,39
260,163,71,38
260,164,61,35
260,165,45,36
260,166,51,59
260,167,42,39
260,168,43,69
260,169,63,64
260,170,65,29
260,171,51,55
260,172,65,46
260,173,67,46
260,174,50,51
260,175,61,44
260,176,75,28
260,177,43,59
260,178,80,82
260,179,58,65
260,180,52,55
260,181,62,63
260,182,38,51
260,183,56,53
260,184,87,58
260,185,47,39
260,186,46,54
260,187,39,56
260,188,65,94
260,189,63,36
260,190,64,45
260,191,30,46
260,192,82,31
260,193,51,65
260,194,57,60
260,195,71,62
260,196,59,62
261,1,43,37
261,2,40,50
261,3,53,77
261,4,42,34
261,5,42,46
261,6,44,21
261,7,64,66
261,8,48,47
261,9,27,52
261,10,20,44
261,11,18,58
261,12,42,62
261,13,76,61
261,14,49,44
261,15,35,33
261,16,45,33
261,17,60,14
261,18,45,52
261,19,36,50
261,20,57,17
261,21,41,73
261,22,16,57
261,23,52,39
261,24,10,56
261,25,38,42
261,26,28,36
261,27,35,54
261,28,66,52
261,29,65,38
261,30,33,31
261,31,47,82
261,32,50,63
261,33,38,57
261,34,27,43
261,35,56,48
261,36,44,49
261,37,54,28
261,38,65,75
261,39,45,37
261,40,22,71
261,41,21,56
261,42,46,75
261,43,54,16
261,44,47,24
261,45,41,57
261,46,53,31
261,47,34,48
261,48,57,21
261,49,46,63
261,50,58,48
261,51,23,37
261,52,49,76
261,53,20,54
261,54,36,56
261,55,62,66
261,56,74,65
261,57,20,46
261,58,44,32
261,59,29,54
261,60,42,32
261,61,51,75
261,62,72,61
261,63,58,61
261,64,21,51
261,65,34,38
261,66,53,32
261,67,38,48
261,68,45,35
261,69,73,88
261,70,35,73
261,71,71,52
261,72,44,38
261,73,52,78
261,74,75,36
261,75,24,76
261,76,28,26
261,77,58,53
261,78,61,19
261,79,25,63
261,80,58,76
261,81,39,71
261,82,33,49
261,83,76,71
261,84,41,69
261,85,57,9
261,86,80,28
261,87,57,75
261,88,65,52
261,89,66,71
261,90,50,45
261,91,53,60
261,92,58,15
261,93,78,25
261,94,56,57
261,95,47,56
261,96,56,65
261,97,64,54
261,98,88,56
261,99,64,42
261,100,62,41
261,101,38,24
261,102,73,47
261,103,47,63
261,104,23,45
261,105,57,57
261,106,50,54
261,107,72,44
261,108,45,73
261,109,59,55
261,110,70,49
261,111,46,41
261,112,65,59
261,113,44,46
261,114,39,37
261,115,52,57
261,116,39,23
261,117,74,26
261,118,29,41
261,119,34,21
261,120,46,44
261,121,64,38
261,122,62,46
261,123,50,65
261,124,48,65
261,125,33,71
261,126,86,47
261,127,35,59
261,128,59,39
261,129,35,41
261,130,53,54
261,131,57,49
261,132,56,32
261,133,73,42
261,134,38,44
261,135,51,40
261,136,54,66
261,137,59,77
261,138,60,54
261,139,32,79
261,140,39,57
261,141,73,17
261,142,49,47
261,143,37,85
261,144,55,56
261,145,68,20
261,146,64,41
261,147,71,49
261,148,57,56
261,149,65,33
261,150,56,70
261,151,34,63
261,152,33,54
261,153,53,51
261,154,57,61
261,155,37,57
261,156,50,40
261,157,73,56
261,158,41,52
261,159,73,30
261,160,60,46
261,161,47,37
261,162,52,40
261,163,70,38
261,164,62,35
261,165,46,35
261,166,50,59
261,167,42,40
261,168,42,68
261,169,62,65
261,170,65,28
261,171,50,56
261,172,64,46
261,173,66,46
261,174,51,52
261,175,61,45
261,176,76,27
261,177,43,60
261,178,80,81
261,179,57,66
261,180,53,55
261,181,63,62
261,182,39,50
261,183,55,54
261,184,86,58
261,185,46,39
261,186,46,53
261,187,40,57
261,188,65,95
261,189,63,37
261,190,63,45
261,191,30,45
261,192,82,30
261,193,51,66
261,194,58,59
261,195,71,61
261,196,60,61
262,1,42,38
262,2,41,50
262,3,54,78
262,4,41,35
262,5,43,47
262,6,43,22
262,7,63,65
262,8,47,47
262,9,28,52
262,10,21,45
262,11,18,57
262,12,43,61
262,13,75,62
262,14,50,44
262,15,36,32
262,16,46,33
262,17,61,14
262,18,44,52
262,19,37,49
262,20,58,18
262,21,40,74
262,22,17,57
262,23,53,40
262,24,9,56
262,25,39,41
262,26,28,37
262,27,36,55
262,28,66,53
262,29,66,38
262,30,34,30
262,31,46,81
262,32,49,64
262,33,37,58
262,34,27,42
262,35,55,47
262,36,45,48
262,37,53,27
262,38,65,74
262,39,46,38
262,40,23,71
262,41,21,57
262,42,45,74
262,43,55,17
262,44,46,23
262,45,42,57
262,46,53,30
262,47,34,49
262,48,57,20
262,49,46,62
262,50,59,48
262,51,24,37
262,52,49,77
262,53,20,53
262,54,35,55
262,55,63,67
262,56,73,65
262,57,19,45
262,58,43,31
262,59,30,54
262,60,42,31
262,61,52,74
262,62,71,60
262,63,59,61
262,64,20,50
262,65,35,38
262,66,54,32
262,67,37,47
262,68,44,36
262,69,73,87
262,70,35,72
262,71,70,53
262,72,43,38
262,73,51,77
262,74,75,35
262,75,23,76
262,76,29,26
262,77,57,54
262,78,60,19
262,79,24,63
262,80,58,77
262,81,40,70
262,82,34,50
262,83,77,72
262,84,42,69
262,85,57,10
262,86,79,29
262,87,56,74
262,88,66,52
262,89,67,70
262,90,51,46
262,91,52,61
262,92,58,16
262,93,79,24
262,94,57,58
262,95,48,56
262,96,55,65
262,97,65,54
262,98,88,55
262,99,65,41
262,100,61,41
262,101,37,24
262,102,72,47
262,103,46,63
262,104,22,45
262,105,58,58
262,106,50,55
262,107,73,45
262,108,46,72
262,109,59,56
262,110,71,48
262,111,45,41
262,112,64,58
262,113,44,47
262,114,38,36
262,115,51,57
262,116,40,22
262,117,73,25
262,118,30,40
262,119,35,22
262,120,46,45
262,121,65,37
262,122,62,47
262,123,50,64
262,124,49,66
262,125,34,70
262,126,85,48
262,127,34,59
262,128,58,38
262,129,36,41
262,130,54,54
262,131,56,50
262,132,56,31
262,133,73,41
262,134,38,43
262,135,52,39
262,136,53,67
262,137,59,78
262,138,61,53
262,139,31,79
262,140,39,56
262,141,74,16
262,142,48,46
262,143,38,84
262,144,55,57
262,145,67,21
262,146,63,41
262,147,72,48
262,148,58,55
262,149,66,32
262,150,55,69
262,151,34,64
262,152,32,53
262,153,54,51
262,154,56,61
262,155,36,58
262,156,50,39
262,157,74,57
262,158,40,52
262,159,73,31
262,160,60,45
262,161,48,38
262,162,51,39
262,163,71,39
262,164,63,35
262,165,47,34
262,166,50,58
262,167,43,40
262,168,43,68
262,169,61,64
262,170,64,28
262,171,51,55
262,172,63,47
262,173,67,45
262,174,51,53
262,175,62,46
262,176,75,28
262,177,42,59
262,178,79,82
262,179,57,65
262,180,53,56
262,181,62,63
262,182,39,51
262,183,54,53
262,184,87,57
262,185,45,39
262,186,45,53
262,187,41,57
262,188,64,95
262,189,62,36
262,190,64,46
262,191,31,46
262,192,83,31
262,193,50,67
262,194,58,60
262,195,70,61
262,196,61,60
263,1,42,37
263,2,41,49
263,3,55,77
263,4,41,36
263,5,43,46
263,6,43,23
263,7,62,66
263,8,47,48
263,9,27,53
263,10,21,46
263,11,18,56
263,12,42,62
263,13,76,61
263,14,49,44
263,15,36,31
263,16,47,33
263,17,62,14
263,18,43,51
263,19,38,48
263,20,57,18
263,21,39,75
263,22,17,58
263,23,53,41
263,24,10,57
263,25,40,40
263,26,27,37
263,27,37,56
263,28,65,52
263,29,65,39
263,30,33,30
263,31,47,82
263,32,50,65
263,33,37,57
263,34,26,43
263,35,55,48
263,36,46,48
263,37,52,28
263,38,64,75
263,39,46,39
263,40,24,72
263,41,22,58
263,42,46,75
263,43,55,18
263,44,47,22
263,45,43,58
263,46,53,31
263,47,33,49
263,48,57,21
263,49,47,63
263,50,58,47
263,51,23,37
263,52,50,77
263,53,21,53
263,54,34,55
263,55,64,67
263,56,73,66
263,57,18,46
263,58,44,30
263,59,29,53
263,60,42,32
263,61,53,75
263,62,72,60
263,63,60,61
263,64,21,49
263,65,34,39
263,66,55,33
263,67,38,47
263,68,45,36
263,69,73,88
263,70,34,73
263,71,71,54
263,72,42,38
263,73,52,76
263,74,74,36
263,75,24,77
263,76,28,27
263,77,56,53
263,78,59,20
263,79,23,64
263,80,58,78
263,81,41,71
263,82,33,51
263,83,78,73
263,84,41,69
263,85,56,10
263,86,78,30
263,87,57,75
263,88,67,51
263,89,67,71
263,90,52,47
263,91,51,60
263,92,57,16
263,93,79,23
263,94,56,57
263,95,47,57
263,96,56,64
263,97,66,54
263,98,89,55
263,99,66,41
263,100,60,40
263,101,36,24
263,102,71,46
263,103,46,62
263,104,21,45
263,105,59,57
263,106,50,56
263,107,72,45
263,108,47,72
263,109,60,57
263,110,70,48
263,111,46,42
263,112,63,59
263,113,43,48
263,114,38,37
263,115,51,56
263,116,40,21
263,117,74,26
263,118,31,40
263,119,34,21
263,120,47,46
263,121,66,36
263,122,63,46
263,123,49,63
263,124,48,66
263,125,35,69
263,126,84,49
263,127,33,58
263,128,59,39
263,129,35,42
263,130,55,55
263,131,57,49
263,132,57,32
263,133,74,41
263,134,39,44
263,135,51,38
263,136,52,66
263,137,59,79
263,138,62,52
263,139,32,78
263,140,38,55
263,141,73,16
263,142,49,47
263,143,38,85
263,144,56,56
263,145,68,22
263,146,63,40
263,147,72,47
263,148,57,55
263,149,67,33
263,150,54,68
263,151,34,65
263,152,33,52
263,153,55,50
263,154,57,60
263,155,37,58
263,156,49,38
263,157,75,56
263,158,40,53
263,159,72,31
263,160,61,45
263,161,49,37
263,162,50,38
263,163,72,39
263,164,63,34
263,165,48,35
263,166,49,57
263,167,44,40
263,168,42,69
263,169,62,64
263,170,63,27
263,171,52,54
263,172,62,47
263,173,67,44
263,174,51,54
263,175,62,45
263,176,74,29
263,177,41,60
263,178,78,83
263,179,58,65
263,180,52,55
263,181,61,63
263,182,39,52
263,183,53,53
263,184,87,58
263,185,45,40
263,186,44,52
263,187,40,58
263,188,63,96
263,189,61,37
263,190,63,45
263,191,30,46
263,192,83,30
263,193,49,66
263,194,59,60
263,195,69,60
263,196,62,59
264,1,41,37
264,2,42,49
264,3,54,76
264,4,42,35
264,5,44,47
264,6,42,22
264,7,63,65
264,8,48,48
264,9,27,54
264,10,22,46
264,11,18,57
264,12,41,63
264,13,77,62
264,14,49,43
264,15,35,31
264,16,46,34
264,17,62,13
264,18,42,52
264,19,38,49
264,20,56,18
264,21,38,76
264,22,16,57
264,23,53,40
264,24,10,56
264,25,41,39
264,26,26,36
264,27,36,56
264,28,66,51
264,29,64,39
264,30,32,31
264,31,48,82
264,32,50,66
264,33,36,57
264,34,25,42
264,35,56,49
264,36,46,49
264,37,53,27
264,38,63,75
264,39,46,40
264,40,24,71
264,41,23,58
264,42,45,76
264,43,55,19
264,44,46,22
264,45,43,57
264,46,53,30
264,47,34,49
264,48,58,21
264,49,48,63
264,50,58,48
264,51,22,36
264,52,50,76
264,53,22,54
264,54,34,56
264,55,65,67
264,56,74,67
264,57,18,47
264,58,43,30
264,59,30,53
264,60,41,33
264,61,54,74
264,62,71,61
264,63,59,62
264,64,21,48
264,65,34,38
264,66,54,33
264,67,38,48
264,68,44,37
264,69,73,89
264,70,35,72
264,71,71,55
264,72,43,37
264,73,51,76
264,74,74,35
264,75,25,76
264,76,27,26
264,77,55,53
264,78,59,19
264,79,23,63
264,80,58,77
264,81,41,72
264,82,34,50
264,83,78,72
264,84,40,69
264,85,56,9
264,86,79,29
264,87,56,76
264,88,68,50
264,89,66,72
264,90,53,48
264,91,52,59
264,92,58,16
264,93,80,22
264,94,56,58
264,95,48,56
264,96,55,65
264,97,65,55
264,98,90,56
264,99,65,42
264,100,61,41
264,101,36,25
264,102,71,47
264,103,45,61
264,104,20,45
264,105,58,56
264,106,49,56
264,107,72,46
264,108,46,71
264,109,59,56
264,110,69,47
264,111,47,43
264,112,63,60
264,113,42,47
264,114,39,37
264,115,50,57
264,116,41,20
264,117,74,27
264,118,32,40
264,119,35,20
264,120,47,45
264,121,65,35
264,122,64,47
264,123,49,62
264,124,47,67
264,125,35,68
264,126,84,48
264,127,32,59
264,128,59,38
264,129,36,42
264,130,56,55
264,131,58,49
264,132,58,31
264,133,74,42
264,134,38,44
264,135,52,38
264,136,52,65
264,137,58,79
264,138,61,52
264,139,31,79
264,140,39,55
264,141,74,16
264,142,50,47
264,143,38,86
264,144,55,57
264,145,68,21
264,146,64,41
264,147,71,48
264,148,57,54
264,149,66,33
264,150,55,68
264,151,33,66
264,152,34,51
264,153,56,51
264,154,56,61
264,155,36,58
264,156,49,39
264,157,76,57
264,158,41,54
264,159,71,32
264,160,60,46
264,161,48,36
264,162,49,38
264,163,72,40
264,164,64,34
264,165,47,36
264,166,48,58
264,167,45,39
264,168,41,70
264,169,62,65
264,170,62,27
264,171,51,55
264,172,63,48
264,173,67,45
264,174,50,53
264,175,61,44
264,176,75,30
264,177,40,61
264,178,77,84
264,179,57,65
264,180,52,56
264,181,62,62
264,182,40,53
264,183,52,53
264,184,87,59
264,185,44,39
264,186,45,53
264,187,39,58
264,188,63,95
264,189,62,38
264,190,63,44
264,191,31,45
264,192,83,29
264,193,48,66
264,194,58,60
264,195,69,59
264,196,61,58
265,1,40,38
265,2,41,49
265,3,53,75
265,4,41,35
265,5,43,47
265,6,41,23
265,7,63,66
265,8,47,49
265,9,28,54
265,10,21,46
265,11,19,56
265,12,42,64
265,13,76,61
265,14,50,42
265,15,36,32
265,16,46,35
265,17,62,14
265,18,41,51
265,19,39,49
265,20,57,17
265,21,37,76
265,22,17,57
265,23,54,41
265,24,10,55
265,25,41,40
265,26,27,35
265,27,35,57
265,28,67,51
265,29,63,38
265,30,31,31
265,31,48,81
265,32,51,67
265,33,36,56
265,34,26,42
265,35,57,50
265,36,46,48
265,37,54,28
265,38,63,76
265,39,47,40
265,40,23,72
265,41,22,59
265,42,45,77
265,43,54,19
265,44,47,23
265,45,42,56
265,46,52,30
265,47,33,48
265,48,57,20
265,49,49,63
265,50,57,47
265,51,22,37
265,52,51,75
265,53,22,53
265,54,34,57
265,55,66,67
265,56,75,66
265,57,19,48
265,58,44,29
265,59,30,52
265,60,40,34
265,61,55,75
265,62,70,62
265,63,59,61
265,64,20,48
265,65,35,38
265,66,54,34
265,67,37,49
265,68,43,36
265,69,72,89
265,70,36,73
265,71,70,56
265,72,42,36
265,73,50,75
265,74,73,35
265,75,25,75
265,76,26,25
265,77,56,52
265,78,59,20
265,79,22,63
265,80,57,77
265,81,41,71
265,82,33,49
265,83,78,73
265,84,41,68
265,85,55,10
265,86,78,28
265,87,57,75
265,88,68,49
265,89,67,73
265,90,53,47
265,91,53,58
265,92,57,16
265,93,79,21
265,94,55,59
265,95,48,55
265,96,54,64
265,97,65,54
265,98,91,57
265,99,64,42
265,100,62,41
265,101,35,24
265,102,70,46
265,103,44,60
265,104,21,44
265,105,58,57
265,106,50,55
265,107,72,45
265,108,45,72
265,109,60,55
265,110,68,47
265,111,48,44
265,112,63,61
265,113,43,46
265,114,39,38
265,115,51,58
265,116,42,20
265,117,74,28
265,118,31,40
265,119,36,20
265,120,47,46
265,121,64,36
265,122,64,48
265,123,48,61
265,124,46,66
265,125,35,69
265,126,84,49
265,127,33,59
265,128,58,38
265,129,35,42
265,130,55,56
265,131,59,49
265,132,57,31
265,133,75,43
265,134,38,43
265,135,53,37
265,136,51,64
265,137,59,79
265,138,62,53
265,139,30,80
265,140,39,54
265,141,73,15
265,142,50,46
265,143,38,87
265,144,54,57
265,145,68,22
265,146,63,40
265,147,71,47
265,148,57,55
265,149,67,33
265,150,56,69
265,151,34,67
265,152,33,51
265,153,57,52
265,154,55,62
265,155,36,59
265,156,49,40
265,157,77,56
265,158,42,54
265,159,72,32
265,160,61,46
265,161,47,37
265,162,48,38
265,163,73,40
265,164,64,33
265,165,48,35
265,166,48,57
265,167,46,40
265,168,42,69
265,169,63,65
265,170,61,26
265,171,52,55
265,172,63,49
265,173,68,46
265,174,51,54
265,175,60,45
265,176,76,31
265,177,41,60
265,178,77,83
265,179,56,64
265,180,53,57
265,181,61,61
265,182,41,54
265,183,53,53
265,184,86,58
265,185,45,38
265,186,46,53
265,187,40,58
265,188,64,94
265,189,61,37
265,190,62,43
265,191,30,44
265,192,82,29
265,193,49,66
265,194,59,60
265,195,69,58
265,196,62,59
266,1,41,37
266,2,40,50
266,3,54,74
266,4,42,34
266,5,43,48
266,6,41,24
266,7,62,66
266,8,48,49
266,9,28,55
266,10,21,47
266,11,19,55
266,12,41,63
266,13,75,61
266,14,50,41
266,15,36,31
266,16,46,36
266,17,61,13
266,18,40,51
266,19,38,50
266,20,57,18
266,21,37,75
266,22,17,56
266,23,55,42
266,24,11,54
266,25,40,40
266,26,27,34
266,27,36,58
266,28,66,51
266,29,63,39
266,30,32,32
266,31,49,82
266,32,51,68
266,33,35,55
266,34,25,41
266,35,58,51
266,36,45,49
266,37,54,29
266,38,64,77
266,39,46,41
266,40,22,73
266,41,21,59
266,42,44,78
266,43,55,20
266,44,46,23
266,45,43,56
266,46,51,30
266,47,34,48
266,48,56,19
266,49,48,62
266,50,56,46
266,51,21,36
266,52,51,76
266,53,21,53
266,54,33,58
266,55,67,67
266,56,74,66
266,57,18,49
266,58,45,30
266,59,29,53
266,60,39,33
266,61,55,74
266,62,70,61
266,63,59,62
266,64,20,49
266,65,34,37
266,66,54,35
266,67,36,49
266,68,43,35
266,69,71,90
266,70,35,74
266,71,71,57
266,72,43,36
266,73,49,76
266,74,72,34
266,75,25,74
266,76,27,26
266,77,57,51
266,78,60,20
266,79,23,64
266,80,58,77
266,81,40,70
266,82,34,50
266,83,79,72
266,84,40,68
266,85,56,10
266,86,79,27
266,87,56,76
266,88,69,50
266,89,66,74
266,90,54,48
266,91,52,57
266,92,58,15
266,93,79,20
266,94,55,58
266,95,48,54
266,96,55,64
266,97,65,53
266,98,90,57
266,99,64,41
266,100,61,40
266,101,34,24
266,102,71,46
266,103,44,61
266,104,20,44
266,105,59,56
266,106,49,54
266,107,72,46
266,108,44,72
266,109,59,54
266,110,67,47
266,111,47,43
266,112,64,62
266,113,42,46
266,114,39,37
266,115,50,59
266,116,42,21
266,117,73,27
266,118,31,39
266,119,35,20
266,120,46,47
266,121,64,37
266,122,63,47
266,123,47,62
266,124,47,67
266,125,36,69
266,126,85,48
266,127,32,59
266,128,59,38
266,129,36,43
266,130,55,57
266,131,58,49
266,132,56,31
266,133,75,42
266,134,37,43
266,135,54,37
266,136,51,63
266,137,60,78
266,138,63,54
266,139,31,80
266,140,40,54
266,141,73,16
266,142,49,47
266,143,37,86
266,144,54,58
266,145,69,22
266,146,62,40
266,147,72,48
266,148,57,54
266,149,68,33
266,150,56,68
266,151,35,66
266,152,32,50
266,153,56,53
266,154,55,61
266,155,37,59
266,156,50,40
266,157,77,57
266,158,43,54
266,159,72,33
266,160,62,45
266,161,46,38
266,162,48,37
266,163,72,39
266,164,64,34
266,165,47,36
266,166,49,57
266,167,47,41
266,168,43,69
266,169,64,64
266,170,60,26
266,171,52,56
266,172,64,49
266,173,67,46
266,174,51,53
266,175,59,46
266,176,76,30
266,177,42,60
266,178,78,82
266,179,57,64
266,180,52,58
266,181,60,61
266,182,40,53
266,183,52,53
266,184,86,59
266,185,44,37
266,186,46,54
266,187,40,59
266,188,64,95
266,189,62,37
266,190,63,42
266,191,31,43
266,192,81,29
266,193,50,66
266,194,58,60
266,195,69,57
266,196,63,59
267,1,40,36
267,2,40,49
267,3,53,74
267,4,43,34
267,5,42,48
267,6,42,25
267,7,61,65
267,8,49,48
267,9,27,55
267,10,22,48
267,11,19,56
267,12,42,64
267,13,74,62
267,14,50,42
267,15,36,32
267,16,45,37
267,17,62,13
267,18,41,52
267,19,38,49
267,20,58,19
267,21,38,75
267,22,18,57
267,23,55,43
267,24,12,54
267,25,40,39
267,26,26,35
267,27,35,57
267,28,65,52
267,29,62,39
267,30,33,31
267,31,48,81
267,32,51,69
267,33,36,56
267,34,25,42
267,35,58,52
267,36,44,49
267,37,53,30
267,38,65,77
267,39,45,40
267,40,21,72
267,41,22,59
267,42,45,78
267,43,55,21
267,44,45,23
267,45,44,57
267,46,51,29
267,47,33,47
267,48,57,19
267,49,49,61
267,50,57,45
267,51,20,35
267,52,52,76
267,53,20,54
267,54,33,57
267,55,68,68
267,56,73,67
267,57,19,49
267,58,45,29
267,59,30,52
267,60,39,32
267,61,54,74
267,62,69,60
267,63,58,62
267,64,20,50
267,65,33,38
267,66,54,36
267,67,36,48
267,68,44,36
267,69,70,90
267,70,34,74
267,71,70,58
267,72,42,36
267,73,50,75
267,74,73,35
267,75,25,73
267,76,28,26
267,77,58,50
267,78,59,19
267,79,23,65
267,80,57,76
267,81,40,69
267,82,35,51
267,83,79,71
267,84,39,67
267,85,57,9
267,86,78,27
267,87,56,77
267,88,70,49
267,89,65,75
267,90,54,49
267,91,53,56
267,92,57,15
267,93,80,20
267,94,56,58
267,95,47,55
267,96,54,64
267,97,66,54
267,98,89,56
267,99,65,42
267,100,61,39
267,101,35,25
267,102,72,45
267,103,43,60
267,104,19,45
267,105,59,57
267,106,48,55
267,107,72,47
267,108,45,71
267,109,58,53
267,110,68,46
267,111,46,43
267,112,65,63
267,113,43,46
267,114,38,36
267,115,51,59
267,116,43,21
267,117,72,26
267,118,31,40
267,119,34,21
267,120,46,46
267,121,65,36
267,122,62,47
267,123,46,61
267,124,46,66
267,125,37,69
267,126,85,47
267,127,33,60
267,128,58,38
267,129,36,44
267,130,54,56
267,131,57,49
267,132,57,31
267,133,74,43
267,134,37,42
267,135,55,38
267,136,52,64
267,137,61,77
267,138,64,55
267,139,32,80
267,140,39,55
267,141,72,15
267,142,48,46
267,143,38,86
267,144,55,59
267,145,70,21
267,146,63,41
267,147,73,47
267,148,58,54
267,149,67,32
267,150,55,68
267,151,36,66
267,152,33,49
267,153,55,52
267,154,56,62
267,155,37,60
267,156,51,39
267,157,76,57
267,158,42,54
267,159,72,32
267,160,61,44
267,161,47,38
267,162,49,36
267,163,71,39
267,164,65,33
267,165,46,36
267,166,49,58
267,167,46,40
267,168,42,70
267,169,63,64
267,170,61,25
267,171,53,55
267,172,63,49
267,173,66,47
267,174,50,52
267,175,58,45
267,176,76,31
267,177,41,60
267,178,78,83
267,179,57,63
267,180,53,59
267,181,61,61
267,182,39,54
267,183,53,53
267,184,86,58
267,185,43,36
267,186,46,53
267,187,39,60
267,188,64,96
267,189,63,37
267,190,64,43
267,191,32,43
267,192,81,30
267,193,49,67
267,194,57,60
267,195,70,57
267,196,63,58
268,1,40,35
268,2,40,48
268,3,53,75
268,4,42,33
268,5,41,47
268,6,41,26
268,7,61,64
268,8,48,49
268,9,26,54
268,10,23,48
268,11,19,57
268,12,42,65
268,13,73,63
268,14,50,41
268,15,37,32
268,16,44,38
268,17,63,13
268,18,42,52
268,19,38,48
268,20,58,18
268,21,37,76
268,22,19,58
268,23,56,42
268,24,13,54
268,25,41,38
268,26,26,34
268,27,34,58
268,28,66,51
268,29,63,39
268,30,34,32
268,31,49,81
268,32,52,70
268,33,36,57
268,34,26,42
268,35,59,52
268,36,43,50
268,37,53,31
268,38,66,76
268,39,44,40
268,40,20,72
268,41,23,58
268,42,46,78
268,43,55,22
268,44,44,24
268,45,43,58
268,46,50,29
268,47,34,47
268,48,56,20
268,49,49,60
268,50,57,44
268,51,21,36
268,52,51,77
268,53,20,55
268,54,32,57
268,55,67,69
268,56,72,68
268,57,18,49
268,58,44,28
268,59,29,53
268,60,39,31
268,61,53,73
268,62,70,59
268,63,59,63
268,64,21,50
268,65,32,39
268,66,55,36
268,67,35,48
268,68,43,37
268,69,71,89
268,70,33,75
268,71,71,58
268,72,42,35
268,73,49,76
268,74,74,36
268,75,24,73
268,76,28,27
268,77,58,51
268,78,58,19
268,79,22,66
268,80,56,76
268,81,39,68
268,82,36,51
268,83,80,71
268,84,38,68
268,85,56,8
268,86,79,26
268,87,55,78
268,88,71,48
268,89,65,76
268,90,54,48
268,91,52,55
268,92,58,15
268,93,81,20
268,94,56,57
268,95,47,54
268,96,53,65
268,97,66,55
268,98,88,56
268,99,65,43
268,100,62,38
268,101,35,24
268,102,71,44
268,103,43,61
268,104,20,45
268,105,58,56
268,106,49,55
268,107,73,48
268,108,46,70
268,109,59,53
268,110,69,46
268,111,47,42
268,112,66,64
268,113,42,47
268,114,38,35
268,115,50,60
268,116,44,22
268,117,71,25
268,118,32,40
268,119,34,20
268,120,47,47
268,121,64,35
268,122,61,47
268,123,45,62
268,124,45,65
268,125,36,68
268,126,86,46
268,127,34,61
268,128,59,37
268,129,37,43
268,130,54,55
268,131,58,49
268,132,58,31
268,133,73,44
268,134,38,42
268,135,55,37
268,136,53,63
268,137,61,78
268,138,63,54
268,139,31,80
268,140,38,56
268,141,72,14
268,142,47,46
268,143,37,87
268,144,56,59
268,145,71,22
268,146,62,41
268,147,72,48
268,148,57,55
268,149,66,32
268,150,56,69
268,151,35,65
268,152,33,50
268,153,56,53
268,154,55,62
268,155,38,59
268,156,50,39
268,157,77,58
268,158,41,54
268,159,73,33
268,160,60,43
268,161,46,37
268,162,50,36
268,163,70,40
268,164,65,32
268,165,45,36
268,166,50,58
268,167,47,41
268,168,42,69
268,169,64,65
268,170,61,26
268,171,53,54
268,172,64,49
268,173,66,48
268,174,51,52
268,175,57,45
268,176,77,32
268,177,41,59
268,178,79,82
268,179,58,63
268,180,52,60
268,181,61,60
268,182,40,53
268,183,52,53
268,184,85,57
268,185,44,35
268,186,45,53
268,187,38,60
268,188,65,96
268,189,64,37
268,190,65,44
268,191,33,44
268,192,80,30
268,193,48,67
268,194,57,61
268,195,70,56
268,196,62,59
269,1,39,34
269,2,41,48
269,3,53,74
269,4,42,34
269,5,42,46
269,6,40,27
269,7,61,65
269,8,48,48
269,9,25,55
269,10,22,47
269,11,18,56
269,12,43,65
269,13,73,62
269,14,50,40
269,15,38,33
269,16,44,37
269,17,63,14
269,18,43,53
269,19,39,47
269,20,57,19
269,21,36,77
269,22,18,58
269,23,57,43
269,24,14,55
269,25,41,37
269,26,27,34
269,27,35,58
269,28,67,52
269,29,62,40
269,30,34,33
269,31,50,81
269,32,51,69
269,33,35,56
269,34,27,43
269,35,60,51
269,36,44,50
269,37,54,31
269,38,67,75
269,39,44,39
269,40,19,73
269,41,23,57
269,42,45,79
269,43,56,22
269,44,45,24
269,45,44,57
269,46,49,28
269,47,33,48
269,48,55,20
269,49,48,60
269,50,56,44
269,51,22,36
269,52,50,77
269,53,21,54
269,54,33,58
269,55,66,68
269,56,71,67
269,57,19,50
269,58,43,28
269,59,28,53
269,60,39,32
269,61,52,73
269,62,69,58
269,63,60,63
269,64,22,50
269,65,31,39
269,66,54,37
269,67,34,49
269,68,43,36
269,69,70,90
269,70,32,76
269,71,71,57
269,72,42,36
269,73,49,75
269,74,73,37
269,75,25,73
269,76,29,28
269,77,58,52
269,78,59,20
269,79,22,65
269,80,56,77
269,81,38,69
269,82,35,52
269,83,80,72
269,84,39,68
269,85,56,7
269,86,78,25
269,87,56,79
269,88,70,49
269,89,64,77
269,90,54,47
269,91,51,56
269,92,59,14
269,93,81,21
269,94,55,58
269,95,46,55
269,96,53,64
269,97,67,55
269,98,89,55
269,99,66,43
269,100,62,37
269,101,34,24
269,102,72,43
269,103,42,61
269,104,20,44
269,105,57,56
269,106,49,54
269,107,72,47
269,108,45,69
269,109,60,53
269,110,69,47
269,111,46,41
269,112,65,65
269,113,43,47
269,114,37,36
269,115,51,59
269,116,44,23
269,117,71,24
269,118,33,40
269,119,35,20
269,120,46,47
269,121,65,34
269,122,60,46
269,123,46,61
269,124,44,65
269,125,36,69
269,126,87,45
269,127,35,61
269,128,59,36
269,129,36,42
269,130,55,56
269,131,57,48
269,132,57,32
269,133,72,45
269,134,39,43
269,135,54,36
269,136,54,64
269,137,62,79
269,138,62,54
269,139,30,79
269,140,39,56
269,141,73,13
269,142,46,45
269,143,37,88
269,144,57,58
269,145,71,23
269,146,62,42
269,147,73,47
269,148,58,55
269,149,67,32
269,150,55,70
269,151,36,64
269,152,34,50
269,153,55,54
269,154,54,63
269,155,39,60
269,156,49,40
269,157,78,57
269,158,40,55
269,159,74,32
269,160,59,43
269,161,46,38
269,162,51,37
269,163,71,40
269,164,64,32
269,165,46,37
269,166,50,59
269,167,46,40
269,168,41,70
269,169,63,65
269,170,61,25
269,171,52,54
269,172,65,49
269,173,65,48
269,174,50,52
269,175,57,44
269,176,76,33
269,177,40,58
269,178,78,81
269,179,57,64
269,180,51,61
269,181,61,61
269,182,41,54
269,183,53,52
269,184,85,56
269,185,45,34
269,186,45,52
269,187,37,61
269,188,66,95
269,189,65,36
269,190,64,44
269,191,33,43
269,192,79,31
269,193,49,68
269,194,58,61
269,195,71,56
269,196,61,59
270,1,40,35
270,2,42,49
270,3,53,73
270,4,43,34
270,5,41,45
270,6,39,28
270,7,62,65
270,8,49,48
270,9,26,55
270,10,21,46
270,11,17,56
270,12,43,66
270,13,72,63
270,14,51,39
270,15,39,34
270,16,43,38
270,17,62,14
270,18,42,52
270,19,40,47
270,20,56,18
270,21,37,77
270,22,18,59
270,23,56,43
270,24,15,55
270,25,41,38
270,26,26,33
270,27,34,59
270,28,67,53
270,29,63,40
270,30,33,33
270,31,51,81
270,32,51,70
270,33,34,55
270,34,28,43
270,35,59,50
270,36,43,51
270,37,55,32
270,38,68,74
270,39,43,40
270,40,20,74
270,41,22,57
270,42,44,78
270,43,57,23
270,44,46,23
270,45,45,58
270,46,49,29
270,47,34,47
270,48,55,21
270,49,47,59
270,50,57,43
270,51,23,37
270,52,51,78
270,53,20,55
270,54,34,57
270,55,65,67
270,56,72,68
270,57,20,50
270,58,43,27
270,59,27,54
270,60,40,31
270,61,52,72
270,62,69,57
270,63,61,64
270,64,21,50
270,65,30,39
270,66,53,37
270,67,35,49
270,68,44,37
270,69,71,91
270,70,33,77
270,71,70,56
270,72,42,35
270,73,49,76
270,74,72,37
270,75,24,73
270,76,29,27
270,77,57,53
270,78,60,19
270,79,21,64
270,80,57,78
270,81,38,68
270,82,36,51
270,83,81,71
270,84,39,69
270,85,57,6
270,86,79,26
270,87,55,79
270,88,71,50
270,89,65,76
270,90,53,47
270,91,51,57
270,92,58,15
270,93,82,20
270,94,56,57
270,95,47,54
270,96,53,65
270,97,66,55
270,98,90,56
270,99,66,42
270,100,63,38
270,101,34,25
270,102,73,42
270,103,42,60
270,104,19,44
270,105,58,57
270,106,48,55
270,107,71,48
270,108,46,69
270,109,59,52
270,110,69,48
270,111,45,40
270,112,66,66
270,113,42,48
270,114,38,36
270,115,52,59
270,116,45,22
270,117,72,23
270,118,32,39
270,119,36,19
270,120,47,47
270,121,64,34
270,122,61,46
270,123,47,62
270,124,45,64
270,125,35,69
270,126,86,46
270,127,35,60
270,128,58,35
270,129,35,43
270,130,55,55
270,131,56,47
270,132,58,33
270,133,71,46
270,134,39,42
270,135,55,36
270,136,53,63
270,137,63,79
270,138,63,53
270,139,29,80
270,140,40,56
270,141,74,14
270,142,45,44
270,143,37,87
270,144,56,58
270,145,72,22
270,146,61,42
270,147,74,46
270,148,58,56
270,149,66,32
270,150,55,71
270,151,35,65
270,152,33,51
270,153,54,54
270,154,54,64
270,155,38,61
270,156,50,40
270,157,79,56
270,158,41,56
270,159,73,33
270,160,58,44
270,161,45,37
270,162,51,36
270,163,72,40
270,164,63,32
270,165,45,38
270,166,51,58
270,167,47,41
270,168,41,71
270,169,62,66
270,170,62,24
270,171,53,55
270,172,64,50
270,173,65,47
270,174,50,53
270,175,56,45
270,176,75,34
270,177,40,59
270,178,79,82
270,179,58,65
270,180,50,62
270,181,62,60
270,182,42,53
270,183,54,52
270,184,85,57
270,185,45,35
270,186,45,51
270,187,36,61
270,188,67,94
270,189,66,35
270,190,64,43
270,191,32,43
270,192,79,32
270,193,50,67
270,194,58,62
270,195,70,55
270,196,61,58
271,1,40,34
271,2,41,48
271,3,52,74
271,4,43,35
271,5,42,45
271,6,40,29
271,7,63,65
271,8,49,49
271,9,25,55
271,10,22,45
271,11,16,56
271,12,43,65
271,13,73,63
271,14,52,40
271,15,38,34
271,16,42,38
271,17,63,13
271,18,42,51
271,19,39,47
271,20,57,19
271,21,37,78
271,22,19,59
271,23,56,44
271,24,14,56
271,25,40,39
271,26,27,32
271,27,33,59
271,28,68,53
271,29,63,39
271,30,34,34
271,31,52,81
271,32,51,69
271,33,35,54
271,34,29,43
271,35,60,50
271,36,43,50
271,37,54,33
271,38,67,74
271,39,44,41
271,40,21,74
271,41,21,57
271,42,44,79
271,43,56,22
271,44,45,23
271,45,46,57
271,46,50,28
271,47,35,47
271,48,55,20
271,49,46,60
271,50,58,42
271,51,24,38
271,52,50,77
271,53,21,54
271,54,33,57
271,55,64,68
271,56,71,68
271,57,21,49
271,58,43,28
271,59,26,54
271,60,39,31
271,61,51,73
271,62,69,58
271,63,62,64
271,64,22,51
271,65,31,40
271,66,53,38
271,67,34,48
271,68,43,37
271,69,70,92
271,70,32,78
271,71,69,57
271,72,41,36
271,73,49,77
271,74,72,38
271,75,23,74
271,76,30,26
271,77,56,53
271,78,61,19
271,79,21,65
271,80,58,78
271,81,38,67
271,82,36,52
271,83,82,70
271,84,40,68
271,85,56,7
271,86,80,27
271,87,54,78
271,88,70,51
271,89,66,76
271,90,52,48
271,91,52,57
271,92,59,16
271,93,81,21
271,94,57,58
271,95,47,53
271,96,52,65
271,97,67,54
271,98,91,55
271,99,65,42
271,100,64,39
271,101,33,25
271,102,74,42
271,103,41,60
271,104,19,43
271,105,58,58
271,106,47,54
271,107,72,47
271,108,47,70
271,109,58,52
271,110,70,48
271,111,44,40
271,112,67,67
271,113,43,49
271,114,39,36
271,115,51,60
271,116,46,21
271,117,73,22
271,118,31,39
271,119,35,18
271,120,48,46
271,121,64,33
271,122,60,45
271,123,47,63
271,124,46,64
271,125,34,68
271,126,87,47
271,127,36,60
271,128,58,34
271,129,34,44
271,130,55,56
271,131,57,46
271,132,57,33
271,133,72,45
271,134,38,41
271,135,56,35
271,136,52,63
271,137,64,80
271,138,64,53
271,139,28,79
271,140,41,55
271,141,73,15
271,142,44,43
271,143,38,88
271,144,57,57
271,145,72,23
271,146,61,41
271,147,75,46
271,148,59,56
271,149,65,33
271,150,56,70
271,151,35,66
271,152,34,50
271,153,53,54
271,154,55,64
271,155,38,60
271,156,50,41
271,157,78,55
271,158,42,56
271,159,74,32
271,160,57,45
271,161,44,36
271,162,51,37
271,163,71,41
271,164,64,32
271,165,45,37
271,166,52,59
271,167,48,41
271,168,40,72
271,169,63,67
271,170,62,25
271,171,52,55
271,172,65,51
271,173,65,46
271,174,50,52
271,175,55,44
271,176,76,34
271,177,39,59
271,178,80,81
271,179,57,66
271,180,49,61
271,181,63,60
271,182,41,54
271,183,53,52
271,184,86,56
271,185,46,34
271,186,45,50
271,187,37,61
271,188,67,93
271,189,65,36
271,190,65,43
271,191,31,44
271,192,78,32
271,193,51,68
271,194,58,61
271,195,69,55
271,196,62,59
272,1,41,34
272,2,40,49
272,3,52,73
272,4,44,34
272,5,41,45
272,6,39,29
272,7,62,66
272,8,50,49
272,9,26,55
272,10,23,46
272,11,17,56
272,12,43,66
272,13,72,62
272,14,53,41
272,15,39,34
272,16,42,39
272,17,62,14
272,18,41,51
272,19,40,46
272,20,56,20
272,21,36,77
272,22,19,60
272,23,56,45
272,24,14,57
272,25,40,40
272,26,26,32
272,27,33,58
272,28,69,54
272,29,62,38
272,30,33,33
272,31,52,82
272,32,52,68
272,33,35,53
272,34,28,42
272,35,61,49
272,36,44,50
272,37,53,33
272,38,66,75
272,39,45,42
272,40,21,75
272,41,20,56
272,42,45,78
272,43,56,21
272,44,46,24
272,45,45,57
272,46,50,27
272,47,35,46
272,48,54,20
272,49,47,59
272,50,59,43
272,51,25,37
272,52,51,76
272,53,21,53
272,54,34,56
272,55,65,68
272,56,72,68
272,57,20,48
272,58,42,29
272,59,26,53
272,60,38,30
272,61,51,74
272,62,68,59
272,63,63,63
272,64,22,50
272,65,30,40
272,66,54,37
272,67,35,47
272,68,43,36
272,69,69,91
272,70,31,77
272,71,68,56
272,72,42,35
272,73,48,77
272,74,73,38
272,75,23,73
272,76,30,25
272,77,55,53
272,78,60,19
272,79,22,66
272,80,57,79
272,81,37,67
272,82,35,51
272,83,83,71
272,84,39,67
272,85,55,8
272,86,79,28
272,87,54,77
272,88,69,52
272,89,67,76
272,90,52,47
272,91,52,58
272,92,58,16
272,93,81,20
272,94,56,57
272,95,48,53
272,96,51,64
272,97,66,53
272,98,91,56
272,99,64,43
272,100,63,38
272,101,33,24
272,102,73,41
272,103,40,61
272,104,18,42
272,105,59,57
272,106,48,55
272,107,72,48
272,108,47,71
272,109,58,53
272,110,69,48
272,111,44,39
272,112,67,68
272,113,43,48
272,114,40,37
272,115,50,60
272,116,47,20
272,117,73,21
272,118,31,38
272,119,35,19
272,120,48,47
272,121,65,34
272,122,60,44
272,123,47,62
272,124,46,63
272,125,33,67
272,126,88,46
272,127,37,59
272,128,57,34
272,129,33,44
272,130,54,57
272,131,58,47
272,132,56,32
272,133,72,44
272,134,37,41
272,135,55,34
272,136,52,62
272,137,64,81
272,138,65,52
272,139,28,78
272,140,40,55
272,141,73,14
272,142,43,44
272,143,38,89
272,144,56,56
272,145,71,22
272,146,60,40
272,147,74,47
272,148,58,55
272,149,66,34
272,150,56,71
272,151,34,67
272,152,33,49
272,153,54,55
272,154,56,65
272,155,38,59
272,156,49,40
272,157,79,56
272,158,43,56
272,159,73,32
272,160,57,46
272,161,44,35
272,162,50,37
272,163,72,42
272,164,65,31
272,165,44,36
272,166,52,60
272,167,48,42
272,168,40,73
272,169,64,68
272,170,63,24
272,171,51,54
272,172,66,50
272,173,64,46
272,174,51,51
272,175,56,43
272,176,76,35
272,177,40,58
272,178,79,82
272,179,57,65
272,180,50,62
272,181,62,61
272,182,41,55
272,183,54,51
272,184,85,57
272,185,47,35
272,186,46,49
272,187,36,61
272,188,68,94
272,189,65,35
272,190,64,42
272,191,32,43
272,192,79,33
272,193,51,67
272,194,57,61
272,195,68,55
272,196,63,59
273,1,40,33
273,2,40,50
273,3,53,73
273,4,44,33
273,5,41,46
273,6,40,30
273,7,63,66
273,8,49,48
273,9,25,54
273,10,23,47
273,11,16,55
273,12,43,67
273,13,73,61
273,14,52,42
273,15,38,35
273,16,43,38
273,17,62,15
273,18,42,50
273,19,40,47
273,20,57,19
273,21,37,76
273,22,20,59
273,23,55,46
273,24,13,58
273,25,40,39
273,26,25,31
273,27,33,59
273,28,69,53
273,29,62,37
273,30,32,33
273,31,53,81
273,32,51,68
273,33,36,54
273,34,28,41
273,35,61,50
273,36,44,51
273,37,53,32
273,38,66,74
273,39,46,42
273,40,20,76
273,41,21,55
273,42,45,77
273,43,56,22
273,44,46,25
273,45,45,58
273,46,49,27
273,47,36,45
273,48,54,21
273,49,48,60
273,50,58,44
273,51,25,38
273,52,51,77
273,53,22,53
273,54,35,55
273,55,66,68
273,56,71,69
273,57,20,49
273,58,43,29
273,59,27,54
273,60,39,30
273,61,52,73
273,62,67,59
273,63,62,64
273,64,21,49
273,65,31,40
273,66,55,37
273,67,36,48
273,68,44,37
273,69,70,92
273,70,30,77
273,71,67,57
273,72,43,36
273,73,47,77
273,74,74,39
273,75,22,74
273,76,31,24
273,77,56,54
273,78,59,19
273,79,23,67
273,80,58,80
273,81,36,67
273,82,34,50
273,83,83,72
273,84,38,67
273,85,56,7
273,86,79,27
273,87,55,78
273,88,70,53
273,89,66,77
273,90,53,46
273,91,52,57
273,92,59,16
273,93,80,21
273,94,55,58
273,95,48,54
273,96,50,63
273,97,65,54
273,98,91,55
273,99,65,44
273,100,63,39
273,101,34,23
273,102,73,40
273,103,39,61
273,104,17,43
273,105,58,58
273,106,49,55
273,107,71,48
273,108,46,72
273,109,59,54
273,110,70,49
273,111,44,40
273,112,68,69
273,113,43,49
273,114,41,37
273,115,51,60
273,116,46,19
273,117,73,22
273,118,30,37
273,119,34,20
273,120,47,48
273,121,64,35
273,122,59,45
273,123,48,63
273,124,45,64
273,125,34,66
273,126,88,45
273,127,37,60
273,128,58,34
273,129,34,45
273,130,53,58
273,131,57,47
273,132,55,33
273,133,71,44
273,134,38,40
273,135,54,33
273,136,51,63
273,137,64,80
273,138,65,51
273,139,27,79
273,140,41,56
273,141,72,15
273,142,43,43
273,143,37,89
273,144,55,56
273,145,71,21
273,146,61,40
273,147,74,46
273,148,57,55
273,149,65,33
273,150,55,71
273,151,34,68
273,152,32,49
273,153,53,55
273,154,55,64
273,155,37,58
273,156,50,41
273,157,79,57
273,158,42,57
273,159,73,31
273,160,58,45
273,161,45,35
273,162,51,37
273,163,73,43
273,164,65,30
273,165,45,36
273,166,53,60
273,167,49,43
273,168,41,73
273,169,63,67
273,170,63,23
273,171,52,53
273,172,65,50
273,173,63,45
273,174,52,51
273,175,56,44
273,176,77,36
273,177,41,59
273,178,79,83
273,179,56,64
273,180,51,62
273,181,61,62
273,182,40,55
273,183,55,50
273,184,86,57
273,185,48,34
273,186,45,48
273,187,37,61
273,188,69,93
273,189,66,34
273,190,64,41
273,191,31,42
273,192,80,33
273,193,52,66
273,194,56,60
273,195,68,56
273,196,64,59
274,1,41,33
274,2,39,51
274,3,52,74
274,4,43,32
274,5,40,46
274,6,39,29
274,7,62,65
274,8,49,49
274,9,26,55
274,10,22,46
274,11,17,55
274,12,42,66
274,13,74,60
274,14,52,41
274,15,37,35
274,16,43,39
274,17,61,14
274,18,41,49
274,19,41,46
274,20,58,20
274,21,36,76
274,22,21,59
274,23,56,45
274,24,14,57
274,25,39,38
274,26,26,32
274,27,34,58
274,28,69,54
274,29,61,36
274,30,33,32
274,31,53,82
274,32,52,67
274,33,37,55
274,34,29,42
274,35,60,49
274,36,44,50
274,37,53,33
274,38,67,75
274,39,47,41
274,40,21,75
274,41,21,56
274,42,46,78
274,43,55,21
274,44,45,24
274,45,44,57
274,46,48,27
274,47,35,46
274,48,53,20
274,49,48,59
274,50,57,45
274,51,24,38
274,52,52,76
274,53,22,52
274,54,36,56
274,55,67,67
274,56,72,68
274,57,21,48
274,58,42,28
274,59,28,55
274,60,40,29
274,61,53,73
274,62,67,58
274,63,63,63
274,64,22,48
274,65,32,41
274,66,56,38
274,67,36,47
274,68,45,37
274,69,70,91
274,70,31,78
274,71,68,58
274,72,44,37
274,73,48,77
274,74,75,40
274,75,21,74
274,76,32,24
274,77,55,53
274,78,60,20
274,79,22,68
274,80,59,79
274,81,36,66
274,82,33,50
274,83,84,73
274,84,37,68
274,85,56,8
274,86,80,27
274,87,55,77
274,88,70,54
274,89,67,77
274,90,52,47
274,91,51,56
274,92,58,17
274,93,79,20
274,94,54,58
274,95,47,53
274,96,49,62
274,97,66,53
274,98,92,56
274,99,66,45
274,100,64,40
274,101,35,23
274,102,74,41
274,103,39,60
274,104,16,42
274,105,58,59
274,106,48,55
274,107,72,49
274,108,46,71
274,109,60,55
274,110,71,50
274,111,45,41
274,112,69,69
274,113,43,48
274,114,40,36
274,115,52,60
274,116,46,20
274,117,74,21
274,118,31,38
274,119,34,19
274,120,46,49
274,121,65,35
274,122,59,44
274,123,47,63
274,124,45,63
274,125,33,66
274,126,89,46
274,127,37,59
274,128,58,35
274,129,33,45
274,130,54,57
274,131,57,46
274,132,55,34
274,133,70,44
274,134,38,39
274,135,55,33
274,136,50,62
274,137,65,80
274,138,64,50
274,139,27,78
274,140,41,57
274,141,71,16
274,142,43,42
274,143,37,90
274,144,55,55
274,145,70,20
274,146,61,41
274,147,75,46
274,148,56,55
274,149,64,32
274,150,56,72
274,151,33,68
274,152,33,48
274,153,54,54
274,154,54,63
274,155,38,59
274,156,50,42
274,157,80,56
274,158,42,58
274,159,73,30
274,160,59,45
274,161,45,34
274,162,52,38
274,163,72,44
274,164,66,30
274,165,46,37
274,166,54,59
274,167,48,42
274,168,40,74
274,169,63,68
274,170,63,24
274,171,51,54
274,172,66,51
274,173,63,46
274,174,51,50
274,175,55,44
274,176,76,37
274,177,40,60
274,178,78,82
274,179,57,65
274,180,52,61
274,181,60,63
274,182,41,55
274,183,56,50
274,184,85,57
274,185,49,33
274,186,44,47
274,187,37,60
274,188,70,92
274,189,67,34
274,190,64,42
274,191,32,42
274,192,79,32
274,193,53,66
274,194,57,59
274,195,68,55
274,196,63,59
275,1,42,32
275,2,38,50
275,3,53,74
275,4,44,32
275,5,41,45
275,6,40,28
275,7,61,66
275,8,50,48
275,9,25,54
275,10,22,47
275,11,18,56
275,12,43,66
275,13,75,60
275,14,52,42
275,15,38,34
275,16,43,38
275,17,60,14
275,18,41,50
275,19,42,45
275,20,59,19
275,21,37,75
275,22,21,58
275,23,55,45
275,24,15,56
275,25,39,39
275,26,27,33
275,27,33,58
275,28,70,55
275,29,62,36
275,30,34,32
275,31,54,83
275,32,51,67
275,33,37,56
275,34,30,43
275,35,59,50
275,36,43,49
275,37,52,34
275,38,66,74
275,39,46,40
275,40,22,75
275,41,21,57
275,42,47,79
275,43,54,20
275,44,44,23
275,45,45,58
275,46,49,27
275,47,35,45
275,48,54,21
275,49,48,58
275,50,57,44
275,51,25,37
275,52,51,77
275,53,22,53
275,54,35,56
275,55,66,68
275,56,73,68
275,57,20,48
275,58,43,27
275,59,28,56
275,60,39,30
275,61,54,73
275,62,68,57
275,63,62,63
275,64,21,49
275,65,32,40
275,66,56,37
275,67,36,46
275,68,46,36
275,69,69,91
275,70,30,78
275,71,67,58
275,72,45,37
275,73,47,78
275,74,75,39
275,75,22,73
275,76,33,24
275,77,54,52
275,78,59,20
275,79,23,69
275,80,59,80
275,81,36,65
275,82,32,50
275,83,83,74
275,84,37,67
275,85,55,8
275,86,79,27
275,87,56,76
275,88,69,53
275,89,66,77
275,90,53,47
275,91,51,55
275,92,58,18
275,93,80,21
275,94,53,57
275,95,46,53
275,96,49,61
275,97,65,54
275,98,92,55
275,99,65,44
275,100,65,41
275,101,34,22
275,102,74,42
275,103,40,59
275,104,15,43
275,105,57,60
275,106,47,55
275,107,72,50
275,108,46,72
275,109,60,56
275,110,70,51
275,111,44,42
275,112,69,68
275,113,44,49
275,114,39,35
275,115,51,60
275,116,47,20
275,117,73,20
275,118,31,37
275,119,33,18
275,120,46,50
275,121,66,36
275,122,60,44
275,123,46,63
275,124,45,62
275,125,32,67
275,126,88,47
275,127,38,60
275,128,59,36
275,129,34,45
275,130,55,57
275,131,58,45
275,132,56,35
275,133,70,45
275,134,38,38
275,135,54,33
275,136,50,61
275,137,64,80
275,138,63,51
275,139,26,78
275,140,40,57
275,141,70,17
275,142,43,43
275,143,38,90
275,144,54,55
275,145,71,19
275,146,60,42
275,147,74,46
275,148,56,56
275,149,63,31
275,150,55,72
275,151,32,68
275,152,32,47
275,153,55,55
275,154,55,62
275,155,39,60
275,156,50,43
275,157,80,57
275,158,41,58
275,159,74,31
275,160,59,46
275,161,46,33
275,162,51,39
275,163,71,43
275,164,67,30
275,165,45,38
275,166,53,58
275,167,49,43
275,168,41,73
275,169,62,69
275,170,62,24
275,171,52,53
275,172,67,52
275,173,64,45
275,174,52,50
275,175,55,43
275,176,77,38
275,177,39,59
275,178,77,81
275,179,58,65
275,180,51,61
275,181,61,64
275,182,41,54
275,183,57,50
275,184,84,57
275,185,48,32
275,186,43,47
275,187,36,61
275,188,70,91
275,189,68,34
275,190,65,42
275,191,33,41
275,192,78,32
275,193,52,67
275,194,58,59
275,195,69,56
275,196,62,58
276,1,41,32
276,2,37,49
276,3,54,74
276,4,45,31
276,5,40,45
276,6,41,27
276,7,60,65
276,8,49,49
276,9,26,53
276,10,21,46
276,11,17,55
276,12,43,67
276,13,74,61
276,14,52,43
276,15,37,33
276,16,42,39
276,17,59,14
276,18,40,49
276,19,41,45
276,20,58,19
276,21,37,76
276,22,22,59
276,23,54,44
276,24,15,57
276,25,40,40
276,26,27,34
276,27,34,59
276,28,71,54
276,29,61,35
276,30,33,33
276,31,55,84
276,32,52,68
276,33,36,56
276,34,29,44
276,35,60,49
276,36,43,50
276,37,53,34
276,38,65,74
276,39,47,41
276,40,22,76
276,41,21,56
276,42,48,80
276,43,54,19
276,44,45,24
276,45,45,57
276,46,50,28
276,47,35,46
276,48,55,20
276,49,47,59
276,50,58,43
276,51,26,37
276,52,52,77
276,53,22,52
276,54,34,56
276,55,66,69
276,56,72,67
276,57,19,49
276,58,43,28
276,59,27,56
276,60,38,30
276,61,53,73
276,62,69,57
276,63,62,64
276,64,20,49
276,65,33,40
276,66,57,38
276,67,36,47
276,68,47,36
276,69,68,90
276,70,31,79
276,71,67,59
276,72,45,36
276,73,46,78
276,74,74,40
276,75,23,72
276,76,33,25
276,77,53,52
276,78,59,21
276,79,22,68
276,80,60,79
276,81,37,64
276,82,33,51
276,83,84,75
276,84,36,67
276,85,56,9
276,86,78,28
276,87,57,77
276,88,68,53
276,89,67,77
276,90,52,48
276,91,52,55
276,92,57,18
276,93,79,22
276,94,54,58
276,95,45,53
276,96,50,62
276,97,66,53
276,98,92,54
276,99,66,44
276,100,64,42
276,101,35,21
276,102,73,43
276,103,39,58
276,104,16,44
276,105,58,60
276,106,47,54
276,107,73,50
276,108,46,71
276,109,59,55
276,110,69,52
276,111,44,41
276,112,70,68
276,113,43,49
276,114,40,34
276,115,50,59
276,116,46,21
276,117,74,20
276,118,32,36
276,119,32,17
276,120,45,51
276,121,67,36
276,122,59,45
276,123,45,63
276,124,46,63
276,125,31,67
276,126,89,46
276,127,39,61
276,128,60,37
276,129,34,46
276,130,54,56
276,131,57,45
276,132,55,36
276,133,71,45
276,134,37,37
276,135,54,32
276,136,51,62
276,137,63,79
276,138,62,50
276,139,26,77
276,140,41,57
276,141,69,18
276,142,42,44
276,143,39,90
276,144,53,55
276,145,70,19
276,146,61,42
276,147,73,47
276,148,57,55
276,149,64,32
276,150,55,71
276,151,32,69
276,152,33,48
276,153,55,56
276,154,56,63
276,155,38,60
276,156,49,42
276,157,80,56
276,158,42,57
276,159,73,31
276,160,59,47
276,161,46,32
276,162,50,38
276,163,70,43
276,164,66,29
276,165,45,39
276,166,52,57
276,167,48,42
276,168,42,73
276,169,61,70
276,170,61,23
276,171,51,52
276,172,68,51
276,173,65,45
276,174,53,50
276,175,56,44
276,176,76,38
276,177,40,58
276,178,78,82
276,179,58,64
276,180,50,60
276,181,62,65
276,182,41,55
276,183,57,51
276,184,83,56
276,185,49,33
276,186,42,47
276,187,35,60
276,188,70,92
276,189,68,33
276,190,65,43
276,191,33,42
276,192,77,31
276,193,53,66
276,194,59,59
276,195,70,57
276,196,61,57
277,1,42,31
277,2,36,50
277,3,54,75
277,4,46,31
277,5,40,46
277,6,42,26
277,7,59,65
277,8,50,48
277,9,26,54
277,10,20,47
277,11,18,54
277,12,42,67
277,13,73,62
277,14,53,44
277,15,36,34
277,16,43,40
277,17,58,15
277,18,41,50
277,19,41,46
277,20,58,20
277,21,36,77
277,22,22,60
277,23,55,44
277,24,14,57
277,25,39,41
277,26,26,33
277,27,33,58
277,28,71,53
277,29,61,34
277,30,34,33
277,31,55,83
277,32,51,68
277,33,35,56
277,34,29,45
277,35,61,48
277,36,44,51
277,37,54,33
277,38,65,75
277,39,48,41
277,40,21,76
277,41,21,55
277,42,47,81
277,43,54,18
277,44,44,23
277,45,45,56
277,46,51,29
277,47,35,45
277,48,55,19
277,49,47,58
277,50,59,43
277,51,25,36
277,52,51,78
277,53,23,52
277,54,35,57
277,55,66,68
277,56,71,66
277,57,20,48
277,58,42,28
277,59,27,57
277,60,37,31
277,61,52,72
277,62,69,58
277,63,63,63
277,64,21,50
277,65,33,39
277,66,58,39
277,67,35,46
277,68,46,35
277,69,69,91
277,70,30,78
277,71,66,59
277,72,46,37
277,73,45,78
277,74,73,41
277,75,24,71
277,76,34,26
277,77,54,51
277,78,59,22
277,79,23,69
277,80,59,78
277,81,38,64
277,82,34,50
277,83,83,76
277,84,35,67
277,85,57,10
277,86,79,29
277,87,56,77
277,88,68,54
277,89,66,76
277,90,53,48
277,91,51,56
277,92,58,18
277,93,80,21
277,94,54,59
277,95,44,54
277,96,51,63
277,97,67,54
277,98,91,54
277,99,66,45
277,100,63,41
277,101,34,22
277,102,74,44
277,103,40,57
277,104,15,45
277,105,59,60
277,106,46,54
277,107,72,49
277,108,45,71
277,109,58,55
277,110,70,53
277,111,45,41
277,112,71,67
277,113,42,50
277,114,41,33
277,115,51,59
277,116,45,21
277,117,75,19
277,118,32,37
277,119,33,17
277,120,46,52
277,121,66,37
277,122,60,45
277,123,44,64
277,124,47,62
277,125,32,67
277,126,88,45
277,127,40,60
277,128,59,37
277,129,34,45
277,130,54,55
277,131,58,45
277,132,55,35
277,133,70,44
277,134,36,36
277,135,55,32
277,136,52,63
277,137,62,79
277,138,63,50
277,139,25,76
277,140,41,56
277,141,70,18
277,142,43,45
277,143,38,90
277,144,54,54
277,145,71,20
277,146,62,42
277,147,73,48
277,148,58,56
277,149,63,33
277,150,55,70
277,151,32,70
277,152,32,47
277,153,56,56
277,154,56,64
277,155,37,59
277,156,49,41
277,157,81,56
277,158,41,58
277,159,73,32
277,160,58,48
277,161,47,33
277,162,51,37
277,163,69,43
277,164,66,30
277,165,45,40
277,166,52,58
277,167,47,43
277,168,42,72
277,169,61,69
277,170,60,23
277,171,50,51
277,172,67,51
277,173,65,46
277,174,52,49
277,175,57,43
277,176,77,37
277,177,40,59
277,178,79,83
277,179,57,64
277,180,49,61
277,181,62,66
277,182,42,55
277,183,56,51
277,184,84,57
277,185,48,33
277,186,42,48
277,187,34,59
277,188,69,93
277,189,68,34
277,190,65,44
277,191,32,43
277,192,77,30
277,193,52,65
277,194,59,58
277,195,71,57
277,196,61,56
278,1,42,30
278,2,36,49
278,3,53,75
278,4,46,30
278,5,41,45
278,6,42,27
278,7,59,64
278,8,49,48
278,9,25,54
278,10,20,46
278,11,19,55
278,12,41,67
278,13,73,63
278,14,52,43
278,15,37,35
278,16,44,41
278,17,57,15
278,18,40,51
278,19,42,46
278,20,58,19
278,21,36,76
278,22,22,59
278,23,54,45
278,24,13,56
278,25,39,40
278,26,27,33
278,27,34,58
278,28,70,54
278,29,62,34
278,30,34,34
278,31,56,82
278,32,52,67
278,33,34,55
278,34,30,45
278,35,62,48
278,36,43,51
278,37,53,32
278,38,65,76
278,39,47,40
278,40,22,76
278,41,20,56
278,42,48,80
278,43,53,18
278,44,45,23
278,45,44,56
278,46,52,30
278,47,34,46
278,48,54,19
278,49,48,57
278,50,60,44
278,51,24,35
278,52,52,77
278,53,23,53
278,54,36,57
278,55,66,67
278,56,72,65
278,57,21,48
278,58,41,28
278,59,26,57
278,60,36,31
278,61,51,71
278,62,69,59
278,63,64,62
278,64,22,50
278,65,33,38
278,66,58,38
278,67,36,46
278,68,47,34
278,69,70,92
278,70,29,79
278,71,65,58
278,72,45,36
278,73,45,79
278,74,72,40
278,75,23,70
278,76,34,25
278,77,53,50
278,78,58,23
278,79,24,69
278,80,59,77
278,81,37,65
278,82,35,51
278,83,82,77
278,84,35,66
278,85,56,10
278,86,80,30
278,87,57,78
278,88,69,54
278,89,67,75
278,90,53,47
278,91,50,56
278,92,57,19
278,93,79,20
278,94,53,58
278,95,44,55
278,96,51,62
278,97,66,54
278,98,92,55
278,99,66,44
278,100,62,40
278,101,35,22
278,102,73,44
278,103,39,58
278,104,16,44
278,105,59,59
278,106,45,54
278,107,73,49
278,108,46,70
278,109,59,55
278,110,71,52
278,111,44,42
278,112,72,68
278,113,41,50
278,114,40,32
278,115,51,58
278,116,46,20
278,117,75,18
278,118,33,37
278,119,32,18
278,120,47,52
278,121,65,37
278,122,60,46
278,123,43,64
278,124,48,61
278,125,31,68
278,126,87,45
278,127,39,60
278,128,59,38
278,129,33,45
278,130,53,55
278,131,59,45
278,132,56,34
278,133,69,45
278,134,37,36
278,135,56,31
278,136,53,62
278,137,63,80
278,138,63,51
278,139,24,76
278,140,40,56
278,141,69,19
278,142,44,45
278,143,39,90
278,144,55,53
278,145,72,19
278,146,61,43
278,147,74,47
278,148,59,57
278,149,64,33
278,150,54,71
278,151,32,69
278,152,33,46
278,153,56,57
278,154,57,65
278,155,36,58
278,156,49,42
278,157,80,55
278,158,41,59
278,159,72,33
278,160,59,47
278,161,48,32
278,162,50,36
278,163,68,43
278,164,67,29
278,165,44,40
278,166,52,57
278,167,48,42
278,168,41,71
278,169,62,70
278,170,59,24
278,171,49,51
278,172,66,52
278,173,65,45
278,174,51,49
278,175,57,42
278,176,76,38
278,177,39,59
278,178,78,84
278,179,58,65
278,180,50,62
278,181,61,65
278,182,42,54
278,183,57,50
278,184,83,58
278,185,47,33
278,186,41,47
278,187,35,58
278,188,68,92
278,189,69,33
278,190,65,43
278,191,31,42
278,192,76,30
278,193,51,65
278,194,60,59
278,195,71,58
278,196,61,57
279,1,43,31
279,2,36,48
279,3,54,74
279,4,46,31
279,5,40,46
279,6,42,26
279,7,60,63
279,8,50,48
279,9,24,53
279,10,20,47
279,11,18,56
279,12,42,67
279,13,72,64
279,14,51,44
279,15,36,36
279,16,45,42
279,17,58,14
279,18,41,51
279,19,42,47
279,20,57,20
279,21,36,77
279,22,23,59
279,23,53,45
279,24,14,56
279,25,39,41
279,26,28,32
279,27,34,59
279,28,71,53
279,29,62,33
279,30,33,34
279,31,55,81
279,32,51,66
279,33,34,54
279,34,30,44
279,35,61,49
279,36,42,52
279,37,54,33
279,38,66,76
279,39,46,41
279,40,23,76
279,41,20,57
279,42,49,80
279,43,53,17
279,44,46,22
279,45,45,55
279,46,53,29
279,47,33,47
279,48,53,20
279,49,49,56
279,50,60,45
279,51,24,34
279,52,52,78
279,53,22,52
279,54,37,57
279,55,67,68
279,56,71,65
279,57,22,49
279,58,40,27
279,59,27,56
279,60,37,32
279,61,50,70
279,62,69,60
279,63,64,61
279,64,21,49
279,65,34,38
279,66,57,37
279,67,37,45
279,68,48,34
279,69,69,92
279,70,28,79
279,71,64,57
279,72,44,37
279,73,44,79
279,74,73,41
279,75,22,71
279,76,35,26
279,77,53,51
279,78,58,24
279,79,24,68
279,80,60,76
279,81,37,64
279,82,34,50
279,83,83,76
279,84,36,65
279,85,55,9
279,86,79,30
279,87,56,79
279,88,68,54
279,89,68,76
279,90,52,47
279,91,50,55
279,92,56,19
279,93,78,21
279,94,53,59
279,95,44,54
279,96,51,63
279,97,65,55
279,98,93,54
279,99,65,44
279,100,61,40
279,101,35,23
279,102,72,45
279,103,40,57
279,104,15,45
279,105,59,60
279,106,45,53
279,107,73,48
279,108,47,69
279,109,58,55
279,110,70,53
279,111,43,42
279,112,73,69
279,113,42,49
279,114,41,31
279,115,50,57
279,116,45,19
279,117,75,19
279,118,33,38
279,119,32,19
279,120,47,53
279,121,66,37
279,122,60,47
279,123,44,64
279,124,49,60
279,125,31,69
279,126,86,46
279,127,38,60
279,128,58,37
279,129,32,45
279,130,54,54
279,131,58,44
279,132,55,33
279,133,68,46
279,134,38,37
279,135,56,32
279,136,53,61
279,137,63,79
279,138,64,52
279,139,23,77
279,140,40,55
279,141,70,19
279,142,45,46
279,143,39,91
279,144,56,54
279,145,73,20
279,146,62,42
279,147,73,46
279,148,58,57
279,149,63,34
279,150,54,70
279,151,32,70
279,152,34,47
279,153,55,57
279,154,56,64
279,155,36,57
279,156,50,42
279,157,80,54
279,158,40,58
279,159,73,33
279,160,59,48
279,161,48,31
279,162,49,37
279,163,69,43
279,164,68,28
279,165,43,40
279,166,53,57
279,167,48,41
279,168,40,70
279,169,63,71
279,170,60,23
279,171,48,52
279,172,67,51
279,173,66,46
279,174,51,50
279,175,58,43
279,176,75,37
279,177,40,59
279,178,77,83
279,179,59,64
279,180,49,61
279,181,62,65
279,182,42,53
279,183,58,51
279,184,82,58
279,185,48,32
279,186,42,48
279,187,36,58
279,188,67,93
279,189,68,33
279,190,65,42
279,191,30,42
279,192,75,31
279,193,51,64
279,194,61,59
279,195,71,57
279,196,61,56
280,1,42,30
280,2,36,49
280,3,54,75
280,4,47,30
280,5,39,47
280,6,43,25
280,7,61,62
280,8,51,48
280,9,24,54
280,10,21,46
280,11,19,57
280,12,43,68
280,13,72,63
280,14,52,44
280,15,37,36
280,16,44,41
280,17,59,15
280,18,41,52
280,19,41,46
280,20,56,20
280,21,35,78
280,22,23,60
280,23,54,44
280,24,13,57
280,25,38,40
280,26,27,33
280,27,34,60
280,28,72,52
280,29,61,34
280,30,34,34
280,31,56,80
280,32,50,65
280,33,34,53
280,34,30,45
280,35,62,49
280,36,41,53
280,37,55,32
280,38,67,77
280,39,47,41
280,40,24,75
280,41,20,56
280,42,48,81
280,43,52,16
280,44,45,22
280,45,44,55
280,46,53,28
280,47,32,46
280,48,54,20
280,49,49,55
280,50,61,46
280,51,23,35
280,52,53,77
280,53,21,53
280,54,36,56
280,55,66,67
280,56,72,66
280,57,22,48
280,58,39,26
280,59,28,57
280,60,38,33
280,61,51,70
280,62,68,59
280,63,65,60
280,64,22,49
280,65,33,37
280,66,56,36
280,67,37,44
280,68,47,33
280,69,70,92
280,70,27,78
280,71,65,58
280,72,43,36
280,73,44,80
280,74,73,42
280,75,21,72
280,76,36,27
280,77,52,51
280,78,59,25
280,79,25,67
280,80,61,75
280,81,38,64
280,82,33,49
280,83,82,75
280,84,36,64
280,85,55,8
280,86,78,30
280,87,55,78
280,88,68,53
280,89,69,77
280,90,51,46
280,91,51,54
280,92,57,18
280,93,79,20
280,94,53,60
280,95,45,55
280,96,52,64
280,97,64,56
280,98,93,53
280,99,66,45
280,100,60,40
280,101,36,24
280,102,73,44
280,103,40,56
280,104,15,44
280,105,59,59
280,106,44,54
280,107,73,47
280,108,47,68
280,109,58,56
280,110,70,54
280,111,43,43
280,112,72,68
280,113,43,48
280,114,40,31
280,115,51,56
280,116,44,20
280,117,75,20
280,118,34,39
280,119,33,20
280,120,47,54
280,121,67,37
280,122,59,47
280,123,43,63
280,124,49,59
280,125,30,68
280,126,85,47
280,127,39,59
280,128,57,38
280,129,31,45
280,130,54,53
280,131,59,43
280,132,55,34
280,133,69,47
280,134,38,38
280,135,56,33
280,136,53,62
280,137,63,78
280,138,64,53
280,139,22,78
280,140,39,55
280,141,69,20
280,142,45,45
280,143,40,90
280,144,55,54
280,145,74,21
280,146,61,42
280,147,74,46
280,148,58,58
280,149,62,33
280,150,55,69
280,151,31,70
280,152,35,47
280,153,56,56
280,154,55,63
280,155,37,58
280,156,51,43
280,157,81,53
280,158,39,58
280,159,72,34
280,160,60,47
280,161,47,32
280,162,48,37
280,163,69,44
280,164,67,29
280,165,43,41
280,166,53,58
280,167,49,41
280,168,40,69
280,169,64,71
280,170,59,23
280,171,49,51
280,172,66,51
280,173,65,46
280,174,50,49
280,175,59,42
280,176,74,37
280,177,41,60
280,178,76,83
280,179,58,63
280,180,50,60
280,181,62,64
280,182,42,54
280,183,59,52
280,184,81,59
280,185,48,33
280,186,42,49
280,187,35,58
280,188,66,93
280,189,67,33
280,190,65,43
280,191,29,43
280,192,74,31
280,193,51,63
280,194,60,60
280,195,72,58
280,196,60,56
281,1,41,30
281,2,37,49
281,3,54,74
281,4,46,31
281,5,38,47
281,6,44,25
281,7,60,63
281,8,52,49
281,9,24,53
281,10,20,47
281,11,20,57
281,12,43,69
281,13,71,64
281,14,53,45
281,15,36,37
281,16,43,40
281,17,60,15
281,18,42,53
281,19,41,45
281,20,57,19
281,21,36,79
281,22,24,61
281,23,54,45
281,24,12,58
281,25,37,41
281,26,26,33
281,27,33,60
281,28,72,53
281,29,60,34
281,30,34,33
281,31,55,79
281,32,49,64
281,33,33,54
281,34,31,46
281,35,62,50
281,36,41,52
281,37,54,32
281,38,68,78
281,39,48,41
281,40,25,75
281,41,20,55
281,42,48,80
281,43,53,15
281,44,44,23
281,45,45,54
281,46,54,28
281,47,32,45
281,48,53,19
281,49,48,56
281,50,62,47
281,51,22,35
281,52,54,76
281,53,22,52
281,54,36,55
281,55,66,68
281,56,71,66
281,57,21,48
281,58,40,26
281,59,29,58
281,60,39,33
281,61,51,71
281,62,67,60
281,63,66,61
281,64,22,50
281,65,34,37
281,66,56,35
281,67,38,44
281,68,46,33
281,69,70,93
281,70,27,79
281,71,66,58
281,72,42,35
281,73,43,81
281,74,74,43
281,75,20,73
281,76,37,26
281,77,51,51
281,78,59,24
281,79,25,68
281,80,60,74
281,81,39,64
281,82,34,50
281,83,81,75
281,84,37,65
281,85,56,7
281,86,79,30
281,87,56,78
281,88,69,54
281,89,70,78
281,90,51,45
281,91,51,55
281,92,58,17
281,93,79,19
281,94,52,59
281,95,44,55
281,96,53,64
281,97,65,56
281,98,94,53
281,99,67,46
281,100,61,39
281,101,36,23
281,102,72,45
281,103,41,55
281,104,14,44
281,105,59,60
281,106,44,53
281,107,72,48
281,108,47,69
281,109,58,57
281,110,71,54
281,111,44,44
281,112,73,67
281,113,44,49
281,114,39,31
281,115,52,57
281,116,44,19
281,117,76,20
281,118,35,40
281,119,33,21
281,120,46,55
281,121,66,38
281,122,59,48
281,123,42,62
281,124,49,58
281,125,31,68
281,126,84,46
281,127,40,59
281,128,56,37
281,129,32,44
281,130,54,52
281,131,60,43
281,132,54,34
281,133,70,46
281,134,38,37
281,135,57,34
281,136,54,62
281,137,64,79
281,138,63,53
281,139,21,77
281,140,40,55
281,141,69,19
281,142,46,44
281,143,39,90
281,144,56,55
281,145,73,22
281,146,61,41
281,147,74,45
281,148,59,59
281,149,63,32
281,150,55,68
281,151,31,69
281,152,35,46
281,153,57,57
281,154,54,63
281,155,37,57
281,156,52,43
281,157,80,54
281,158,39,57
281,159,73,35
281,160,61,47
281,161,47,31
281,162,47,36
281,163,68,44
281,164,66,28
281,165,42,41
281,166,54,59
281,167,48,40
281,168,41,69
281,169,63,71
281,170,60,24
281,171,49,52
281,172,67,52
281,173,65,45
281,174,50,50
281,175,58,43
281,176,75,37
281,177,41,59
281,178,76,82
281,179,59,63
281,180,50,59
281,181,62,65
281,182,41,53
281,183,60,53
281,184,82,59
281,185,49,34
281,186,43,48
281,187,34,57
281,188,65,92
281,189,66,33
281,190,64,43
281,191,28,42
281,192,75,32
281,193,50,62
281,194,61,59
281,195,72,59
281,196,61,57
282,1,41,31
282,2,38,49
282,3,55,74
282,4,45,31
282,5,39,46
282,6,45,24
282,7,59,62
282,8,52,48
282,9,23,53
282,10,19,48
282,11,21,57
282,12,44,69
282,13,70,63
282,14,52,45
282,15,35,38
282,16,43,41
282,17,59,15
282,18,43,54
282,19,42,44
282,20,58,18
282,21,37,79
282,22,24,62
282,23,54,46
282,24,11,58
282,25,37,42
282,26,25,34
282,27,32,60
282,28,71,52
282,29,59,33
282,30,33,34
282,31,55,80
282,32,50,63
282,33,34,53
282,34,32,47
282,35,61,49
282,36,42,52
282,37,53,32
282,38,67,77
282,39,47,41
282,40,25,76
282,41,21,55
282,42,47,79
282,43,52,16
282,44,43,24
282,45,45,55
282,46,54,29
282,47,33,45
282,48,54,19
282,49,48,55
282,50,63,46
282,51,21,34
282,52,55,75
282,53,22,53
282,54,35,54
282,55,66,69
282,56,72,66
282,57,20,49
282,58,41,27
282,59,28,58
282,60,39,34
282,61,52,71
282,62,68,60
282,63,66,60
282,64,23,50
282,65,33,36
282,66,56,34
282,67,39,44
282,68,46,32
282,69,69,94
282,70,28,80
282,71,65,59
282,72,41,34
282,73,42,80
282,74,74,44
282,75,21,72
282,76,36,27
282,77,50,52
282,78,58,23
282,79,25,69
282,80,61,73
282,81,40,63
282,82,35,50
282,83,81,74
282,84,38,65
282,85,56,6
282,86,78,29
282,87,57,79
282,88,68,54
282,89,71,78
282,90,51,46
282,91,52,56
282,92,59,18
282,93,78,18
282,94,53,60
282,95,44,54
282,96,52,65
282,97,64,55
282,98,95,53
282,99,68,45
282,100,60,38
282,101,37,24
282,102,71,44
282,103,42,56
282,104,13,43
282,105,59,61
282,106,43,52
282,107,73,47
282,108,47,68
282,109,58,58
282,110,71,53
282,111,44,45
282,112,74,66
282,113,45,50
282,114,40,32
282,115,53,58
282,116,44,18
282,117,77,20
282,118,34,41
282,119,34,21
282,120,46,56
282,121,66,37
282,122,58,47
282,123,43,63
282,124,48,59
282,125,30,68
282,126,85,45
282,127,39,58
282,128,55,37
282,129,31,45
282,130,55,51
282,131,61,43
282,132,54,35
282,133,71,46
282,134,39,37
282,135,56,35
282,136,55,63
282,137,65,78
282,138,62,52
282,139,22,76
282,140,41,54
282,141,68,20
282,142,45,44
282,143,39,89
282,144,55,55
282,145,72,22
282,146,62,41
282,147,75,44
282,148,60,58
282,149,64,33
282,150,55,67
282,151,30,69
282,152,36,46
282,153,56,56
282,154,54,64
282,155,38,56
282,156,51,43
282,157,79,53
282,158,39,56
282,159,72,36
282,160,61,48
282,161,46,30
282,162,47,37
282,163,67,45
282,164,67,28
282,165,42,42
282,166,53,59
282,167,48,39
282,168,40,70
282,169,62,71
282,170,60,23
282,171,48,51
282,172,66,51
282,173,66,45
282,174,49,50
282,175,57,42
282,176,75,36
282,177,42,58
282,178,76,81
282,179,60,64
282,180,51,58
282,181,63,66
282,182,40,52
282,183,61,53
282,184,82,60
282,185,48,35
282,186,42,48
282,187,34,58
282,188,66,92
282,189,65,32
282,190,63,43
282,191,28,43
282,192,75,33
282,193,51,62
282,194,61,60
282,195,71,60
282,196,62,57
283,1,40,31
283,2,39,48
283,3,56,75
283,4,44,31
283,5,38,45
283,6,46,23
283,7,59,63
283,8,51,47
283,9,22,54
283,10,18,48
283,11,21,56
283,12,43,70
283,13,71,62
283,14,52,46
283,15,34,39
283,16,42,41
283,17,59,16
283,18,44,53
283,19,43,43
283,20,57,18
283,21,37,78
283,22,24,63
283,23,54,47
283,24,12,58
283,25,36,43
283,26,25,35
283,27,32,59
283,28,72,53
283,29,60,33
283,30,32,33
283,31,55,79
283,32,51,63
283,33,33,52
283,34,32,46
283,35,61,50
283,36,41,51
283,37,54,32
283,38,66,76
283,39,48,41
283,40,24,76
283,41,21,54
283,42,46,79
283,43,52,15
283,44,42,24
283,45,45,56
283,46,54,28
283,47,33,44
283,48,54,20
283,49,48,54
283,50,64,47
283,51,22,35
283,52,55,76
283,53,22,52
283,54,34,55
283,55,67,68
283,56,71,66
283,57,21,50
283,58,40,28
283,59,28,59
283,60,40,35
283,61,52,72
283,62,67,60
283,63,65,61
283,64,23,49
283,65,32,37
283,66,57,33
283,67,39,43
283,68,45,33
283,69,70,94
283,70,29,81
283,71,66,59
283,72,42,35
283,73,42,81
283,74,74,45
283,75,21,71
283,76,35,26
283,77,50,51
283,78,57,23
283,79,25,68
283,80,62,72
283,81,40,64
283,82,34,51
283,83,82,74
283,84,38,64
283,85,57,7
283,86,79,29
283,87,57,80
283,88,68,53
283,89,70,78
283,90,52,47
283,91,53,57
283,92,58,17
283,93,77,17
283,94,52,59
283,95,44,55
283,96,51,65
283,97,64,56
283,98,94,52
283,99,67,46
283,100,59,38
283,101,37,23
283,102,72,43
283,103,41,56
283,104,14,44
283,105,58,61
283,106,44,51
283,107,72,47
283,108,46,69
283,109,57,59
283,110,71,52
283,111,44,46
283,112,73,66
283,113,45,51
283,114,40,33
283,115,54,58
283,116,45,19
283,117,78,19
283,118,35,42
283,119,33,22
283,120,45,57
283,121,65,37
283,122,57,46
283,123,42,63
283,124,49,59
283,125,31,67
283,126,84,45
283,127,38,57
283,128,54,36
283,129,30,45
283,130,55,50
283,131,60,43
283,132,53,35
283,133,70,47
283,134,38,37
283,135,57,34
283,136,54,63
283,137,65,77
283,138,61,51
283,139,22,75
283,140,40,55
283,141,69,21
283,142,46,43
283,143,39,88
283,144,54,56
283,145,73,23
283,146,63,40
283,147,76,45
283,148,59,58
283,149,63,33
283,150,56,68
283,151,31,68
283,152,37,47
283,153,56,57
283,154,54,65
283,155,39,57
283,156,52,42
283,157,79,52
283,158,40,56
283,159,72,35
283,160,62,49
283,161,45,30
283,162,48,37
283,163,68,46
283,164,68,29
283,165,41,41
283,166,53,60
283,167,47,39
283,168,39,69
283,169,63,72
283,170,60,24
283,171,49,51
283,172,65,50
283,173,66,46
283,174,48,49
283,175,58,43
283,176,74,37
283,177,42,59
283,178,77,81
283,179,61,64
283,180,50,59
283,181,63,67
283,182,41,52
283,183,61,52
283,184,82,61
283,185,48,34
283,186,43,47
283,187,33,57
283,188,65,91
283,189,64,32
283,190,62,42
283,191,28,42
283,192,76,33
283,193,51,61
283,194,61,59
283,195,71,61
283,196,61,56
284,1,39,31
284,2,39,49
284,3,57,75
284,4,44,30
284,5,37,45
284,6,47,23
284,7,58,63
284,8,50,47
284,9,22,55
284,10,18,49
284,11,22,56
284,12,43,71
284,13,70,62
284,14,53,45
284,15,35,39
284,16,41,40
284,17,58,16
284,18,43,52
284,19,44,42
284,20,56,19
284,21,36,77
284,22,23,62
284,23,55,46
284,24,11,57
284,25,36,44
284,26,26,34
284,27,31,59
284,28,72,52
284,29,59,34
284,30,31,32
284,31,54,80
284,32,52,64
284,33,33,53
284,34,32,45
284,35,62,50
284,36,40,51
284,37,55,33
284,38,67,76
284,39,47,41
284,40,24,77
284,41,20,55
284,42,45,79
284,43,53,16
284,44,41,23
284,45,45,55
284,46,55,27
284,47,34,45
284,48,53,19
284,49,48,53
284,50,63,46
284,51,21,34
284,52,55,75
284,53,21,52
284,54,35,55
284,55,68,67
284,56,70,65
284,57,22,51
284,58,39,28
284,59,29,60
284,60,39,34
284,61,53,72
284,62,68,60
284,63,65,62
284,64,23,50
284,65,31,36
284,66,56,32
284,67,39,42
284,68,46,34
284,69,69,94
284,70,28,80
284,71,65,59
284,72,43,35
284,73,43,80
284,74,73,46
284,75,20,72
284,76,36,26
284,77,51,50
284,78,56,24
284,79,24,67
284,80,62,73
284,81,41,63
284,82,34,50
284,83,81,73
284,84,37,65
284,85,57,8
284,86,80,30
284,87,56,80
284,88,67,53
284,89,71,78
284,90,51,48
284,91,52,56
284,92,57,17
284,93,78,17
284,94,53,59
284,95,45,54
284,96,52,65
284,97,65,57
284,98,94,51
284,99,66,45
284,100,58,39
284,101,38,23
284,102,71,43
284,103,40,57
284,104,15,44
284,105,58,62
284,106,45,52
284,107,72,48
284,108,46,70
284,109,56,59
284,110,71,53
284,111,45,46
284,112,74,66
284,113,46,52
284,114,39,33
284,115,54,57
284,116,45,18
284,117,78,20
284,118,34,41
284,119,34,23
284,120,46,57
284,121,66,37
284,122,56,45
284,123,43,63
284,124,49,60
284,125,32,68
284,126,84,46
284,127,37,56
284,128,55,35
284,129,30,44
284,130,56,51
284,131,59,42
284,132,53,36
284,133,69,48
284,134,37,38
284,135,56,35
284,136,53,63
284,137,64,76
284,138,61,50
284,139,23,74
284,140,40,54
284,141,69,20
284,142,47,42
284,143,38,88
284,144,55,56
284,145,72,23
284,146,63,41
284,147,76,44
284,148,60,59
284,149,64,33
284,150,56,69
284,151,30,67
284,152,36,47
284,153,56,58
284,154,54,64
284,155,38,57
284,156,53,42
284,157,79,51
284,158,39,57
284,159,73,36
284,160,63,48
284,161,46,31
284,162,49,36
284,163,67,46
284,164,67,30
284,165,40,40
284,166,52,60
284,167,46,38
284,168,38,68
284,169,62,71
284,170,59,25
284,171,49,52
284,172,64,49
284,173,67,47
284,174,47,50
284,175,58,44
284,176,74,38
284,177,43,58
284,178,76,81
284,179,61,63
284,180,51,59
284,181,64,67
284,182,42,53
284,183,61,53
284,184,83,62
284,185,48,33
284,186,42,47
284,187,34,58
284,188,65,90
284,189,65,31
284,190,62,41
284,191,27,42
284,192,76,34
284,193,52,62
284,194,62,60
284,195,70,60
284,196,60,55
285,1,39,30
285,2,38,48
285,3,58,76
285,4,44,29
285,5,36,45
285,6,47,22
285,7,59,63
285,8,51,46
285,9,21,56
285,10,19,50
285,11,23,56
285,12,42,70
285,13,69,63
285,14,54,44
285,15,35,38
285,16,41,41
285,17,57,16
285,18,44,51
285,19,43,43
285,20,55,19
285,21,37,77
285,22,23,63
285,23,55,45
285,24,11,58
285,25,37,44
285,26,27,33
285,27,31,60
285,28,72,53
285,29,58,35
285,30,31,33
285,31,55,80
285,32,51,65
285,33,32,54
285,34,31,44
285,35,63,50
285,36,41,52
285,37,54,32
285,38,68,77
285,39,48,41
285,40,25,78
285,41,19,56
285,42,44,79
285,43,54,16
285,44,41,24
285,45,46,54
285,46,55,28
285,47,34,44
285,48,54,18
285,49,47,54
285,50,62,45
285,51,22,33
285,52,56,75
285,53,22,53
285,54,36,56
285,55,69,68
285,56,70,64
285,57,23,51
285,58,38,28
285,59,29,61
285,60,38,34
285,61,53,73
285,62,69,61
285,63,64,63
285,64,22,51
285,65,30,37
285,66,55,32
285,67,39,41
285,68,47,35
285,69,70,95
285,70,29,80
285,71,66,59
285,72,44,35
285,73,43,79
285,74,74,47
285,75,19,71
285,76,36,27
285,77,50,50
285,78,55,23
285,79,23,67
285,80,61,74
285,81,40,62
285,82,33,51
285,83,80,73
285,84,36,64
285,85,56,9
285,86,81,30
285,87,57,80
285,88,67,54
285,89,70,77
285,90,52,47
285,91,52,57
285,92,57,18
285,93,77,17
285,94,53,60
285,95,44,55
285,96,52,66
285,97,64,56
285,98,95,51
285,99,66,44
285,100,59,39
285,101,37,22
285,102,71,42
285,103,40,56
285,104,16,44
285,105,57,63
285,106,46,51
285,107,72,49
285,108,47,69
285,109,55,59
285,110,71,52
285,111,44,46
285,112,75,65
285,113,47,51
285,114,38,33
285,115,53,58
285,116,45,17
285,117,78,21
285,118,34,40
285,119,33,22
285,120,47,56
285,121,66,38
285,122,57,46
285,123,42,63
285,124,50,60
285,125,31,68
285,126,85,47
285,127,38,55
285,128,56,34
285,129,29,43
285,130,55,51
285,131,59,43
285,132,52,36
285,133,70,49
285,134,36,37
285,135,57,36
285,136,54,62
285,137,63,75
285,138,60,51
285,139,24,75
285,140,40,53
285,141,69,21
285,142,46,43
285,143,39,89
285,144,55,55
285,145,72,22
285,146,63,42
285,147,76,45
285,148,59,59
285,149,64,32
285,150,56,70
285,151,30,66
285,152,35,48
285,153,57,57
285,154,55,63
285,155,37,56
285,156,52,41
285,157,78,52
285,158,38,57
285,159,73,37
285,160,63,47
285,161,47,31
285,162,49,35
285,163,66,46
285,164,66,30
285,165,39,39
285,166,51,60
285,167,46,39
285,168,39,67
285,169,63,71
285,170,58,25
285,171,49,53
285,172,63,48
285,173,67,48
285,174,46,50
285,175,58,43
285,176,75,38
285,177,42,59
285,178,77,80
285,179,60,63
285,180,52,59
285,181,65,67
285,182,41,54
285,183,60,52
285,184,84,61
285,185,47,34
285,186,43,46
285,187,34,57
285,188,66,90
285,189,64,31
285,190,62,40
285,191,28,43
285,192,77,35
285,193,53,62
285,194,62,61
285,195,71,59
285,196,60,54
286,1,39,31
286,2,39,48
286,3,59,76
286,4,43,30
286,5,35,46
286,6,47,21
286,7,60,64
286,8,52,45
286,9,22,56
286,10,19,51
286,11,23,55
286,12,41,71
286,13,69,62
286,14,54,43
286,15,35,39
286,16,40,41
286,17,57,15
286,18,44,50
286,19,43,44
286,20,56,19
286,21,38,78
286,22,24,63
286,23,56,46
286,24,11,59
286,25,36,45
286,26,28,33
286,27,32,60
286,28,71,53
286,29,58,34
286,30,32,32
286,31,56,79
286,32,52,65
286,33,33,53
286,34,30,45
286,35,62,50
286,36,42,53
286,37,53,32
286,38,67,77
286,39,49,42
286,40,26,78
286,41,18,57
286,42,45,79
286,43,54,17
286,44,40,23
286,45,45,53
286,46,54,28
286,47,33,45
286,48,53,17
286,49,47,53
286,50,63,46
286,51,21,34
286,52,56,74
286,53,21,52
286,54,35,57
286,55,70,69
286,56,69,63
286,57,22,50
286,58,39,27
286,59,30,61
286,60,38,35
286,61,54,74
286,62,68,61
286,63,64,62
286,64,22,52
286,65,31,38
286,66,56,33
286,67,40,40
286,68,46,35
286,69,70,94
286,70,29,81
286,71,65,59
286,72,43,34
286,73,42,79
286,74,73,48
286,75,20,70
286,76,37,28
286,77,49,50
286,78,55,22
286,79,22,66
286,80,62,75
286,81,40,61
286,82,34,51
286,83,81,74
286,84,35,64
286,85,56,8
286,86,81,29
286,87,58,79
286,88,67,55
286,89,70,76
286,90,52,46
286,91,51,58
286,92,58,19
286,93,76,17
286,94,54,60
286,95,43,56
286,96,52,67
286,97,65,57
286,98,94,51
286,99,65,43
286,100,60,39
286,101,36,21
286,102,70,43
286,103,40,57
286,104,17,44
286,105,57,62
286,106,45,52
286,107,71,49
286,108,47,68
286,109,54,58
286,110,72,52
286,111,43,45
286,112,75,66
286,113,47,50
286,114,37,32
286,115,53,57
286,116,44,18
286,117,77,21
286,118,33,40
286,119,34,22
286,120,47,55
286,121,66,39
286,122,56,45
286,123,43,63
286,124,51,59
286,125,31,69
286,126,84,48
286,127,38,54
286,128,55,34
286,129,29,44
286,130,56,52
286,131,59,42
286,132,53,37
286,133,69,50
286,134,37,36
286,135,56,36
286,136,54,61
286,137,64,74
286,138,61,50
286,139,24,74
286,140,41,53
286,141,70,21
286,142,47,43
286,143,40,89
286,144,56,56
286,145,73,22
286,146,64,42
286,147,75,46
286,148,60,58
286,149,65,31
286,150,56,71
286,151,29,65
286,152,35,49
286,153,58,56
286,154,56,63
286,155,37,55
286,156,53,41
286,157,77,53
286,158,38,56
286,159,73,38
286,160,64,46
286,161,46,31
286,162,49,34
286,163,66,47
286,164,67,30
286,165,39,38
286,166,52,61
286,167,47,38
286,168,39,66
286,169,62,70
286,170,57,24
286,171,48,53
286,172,64,49
286,173,66,49
286,174,46,49
286,175,58,44
286,176,75,37
286,177,41,58
286,178,77,79
286,179,59,64
286,180,53,60
286,181,64,68
286,182,42,54
286,183,61,51
286,184,84,62
286,185,48,35
286,186,44,47
286,187,35,56
286,188,66,91
286,189,65,30
286,190,63,39
286,191,29,42
286,192,76,34
286,193,53,61
286,194,63,60
286,195,71,58
286,196,60,53
287,1,40,32
287,2,40,47
287,3,58,75
287,4,42,31
287,5,34,47
287,6,46,20
287,7,60,65
287,8,53,46
287,9,21,56
287,10,18,50
287,11,24,55
287,12,42,71
287,13,70,63
287,14,54,42
287,15,36,40
287,16,39,40
287,17,57,16
287,18,43,50
287,19,42,43
287,20,56,20
287,21,37,77
287,22,25,64
287,23,55,45
287,24,12,59
287,25,36,46
287,26,28,34
287,27,31,61
287,28,71,54
287,29,57,34
287,30,31,31
287,31,57,80
287,32,51,64
287,33,34,54
287,34,30,46
287,35,63,50
287,36,43,54
287,37,53,31
287,38,66,77
287,39,50,42
287,40,26,77
287,41,18,58
287,42,44,80
287,43,54,18
287,44,39,24
287,45,46,53
287,46,55,27
287,47,34,44
287,48,52,17
287,49,48,52
287,50,64,47
287,51,20,33
287,52,57,73
287,53,20,51
287,54,34,58
287,55,70,70
287,56,69,64
287,57,23,51
287,58,38,28
287,59,30,62
287,60,39,35
287,61,53,74
287,62,67,60
287,63,65,62
287,64,22,53
287,65,32,39
287,66,57,33
287,67,40,41
287,68,45,34
287,69,71,93
287,70,29,82
287,71,64,59
287,72,42,33
287,73,42,80
287,74,72,47
287,75,21,70
287,76,38,27
287,77,50,49
287,78,56,21
287,79,21,65
287,80,62,76
287,81,39,62
287,82,35,51
287,83,81,75
287,84,34,65
287,85,55,9
287,86,80,29
287,87,57,79
287,88,68,55
287,89,70,77
287,90,51,47
287,91,52,59
287,92,57,20
287,93,77,17
287,94,53,59
287,95,44,55
287,96,51,68
287,97,64,56
287,98,93,51
287,99,65,44
287,100,60,40
287,101,35,22
287,102,70,44
287,103,41,57
287,104,17,43
287,105,57,63
287,106,45,53
287,107,71,48
287,108,46,69
287,109,55,58
287,110,72,53
287,111,44,44
287,112,74,66
287,113,48,49
287,114,36,31
287,115,52,57
287,116,43,18
287,117,78,21
287,118,33,41
287,119,33,23
287,120,46,56
287,121,65,39
287,122,56,46
287,123,43,62
287,124,52,58
287,125,30,68
287,126,84,49
287,127,39,54
287,128,55,33
287,129,30,45
287,130,57,52
287,131,59,41
287,132,53,36
287,133,68,49
287,134,36,37
287,135,55,36
287,136,55,60
287,137,65,73
287,138,62,49
287,139,25,74
287,140,40,54
287,141,71,22
287,142,47,44
287,143,39,88
287,144,56,55
287,145,73,23
287,146,63,42
287,147,76,45
287,148,59,58
287,149,66,31
287,150,57,72
287,151,28,65
287,152,36,49
287,153,57,55
287,154,55,64
287,155,38,55
287,156,52,40
287,157,77,54
287,158,37,57
287,159,73,39
287,160,64,45
287,161,45,32
287,162,50,35
287,163,67,47
287,164,67,29
287,165,39,39
287,166,53,62
287,167,48,38
287,168,38,67
287,169,62,69
287,170,56,24
287,171,49,54
287,172,65,49
287,173,67,50
287,174,45,49
287,175,59,45
287,176,75,38
287,177,41,59
287,178,76,80
287,179,58,65
287,180,54,60
287,181,64,69
287,182,43,55
287,183,62,51
287,184,83,62
287,185,48,34
287,186,45,47
287,187,34,57
287,188,67,91
287,189,64,29
287,190,64,40
287,191,30,42
287,192,76,35
287,193,52,61
287,194,62,59
287,195,70,57
287,196,59,54
288,1,40,31
288,2,41,46
288,3,59,74
288,4,43,32
288,5,34,48
288,6,46,21
288,7,60,66
288,8,53,45
288,9,22,55
288,10,17,51
288,11,23,54
288,12,42,70
288,13,70,62
288,14,54,43
288,15,35,41
288,16,38,39
288,17,56,15
288,18,44,51
288,19,43,43
288,20,57,21
288,21,36,76
288,22,26,64
288,23,56,45
288,24,11,60
288,25,35,46
288,26,27,33
288,27,30,60
288,28,72,54
288,29,58,34
288,30,32,30
288,31,58,79
288,32,50,65
288,33,35,53
288,34,31,45
288,35,63,49
288,36,44,53
288,37,52,32
288,38,67,78
288,39,51,42
288,40,25,76
288,41,18,57
288,42,44,81
288,43,55,19
288,44,38,24
288,45,45,52
288,46,55,28
288,47,33,43
288,48,51,18
288,49,48,51
288,50,64,46
288,51,21,32
288,52,56,73
288,53,19,51
288,54,33,58
288,55,69,69
288,56,68,64
288,57,24,52
288,58,39,27
288,59,31,63
288,60,38,36
288,61,53,75
288,62,68,59
288,63,65,61
288,64,21,53
288,65,31,38
288,66,58,32
288,67,41,42
288,68,44,34
288,69,70,92
288,70,29,83
288,71,63,59
288,72,41,34
288,73,42,79
288,74,73,47
288,75,22,70
288,76,38,28
288,77,49,49
288,78,57,22
288,79,21,64
288,80,61,75
288,81,39,61
288,82,36,50
288,83,82,74
288,84,35,66
288,85,55,8
288,86,80,30
288,87,57,78
288,88,67,55
288,89,71,76
288,90,50,47
288,91,53,58
288,92,56,19
288,93,78,18
288,94,52,60
288,95,45,55
288,96,51,67
288,97,65,57
288,98,94,52
288,99,66,45
288,100,60,39
288,101,34,23
288,102,69,43
288,103,42,56
288,104,16,43
288,105,56,64
288,106,44,52
288,107,72,49
288,108,45,68
288,109,56,59
288,110,73,53
288,111,43,44
288,112,75,65
288,113,48,50
288,114,36,30
288,115,51,58
288,116,43,19
288,117,78,22
288,118,32,40
288,119,34,24
288,120,47,56
288,121,66,38
288,122,55,47
288,123,42,62
288,124,53,59
288,125,31,68
288,126,83,50
288,127,40,53
288,128,54,32
288,129,29,45
288,130,57,53
288,131,58,41
288,132,54,36
288,133,68,48
288,134,37,37
288,135,56,35
288,136,55,61
288,137,65,72
288,138,61,50
288,139,25,73
288,140,41,53
288,141,70,21
288,142,48,43
288,143,40,89
288,144,55,54
288,145,74,22
288,146,64,42
288,147,77,44
288,148,59,59
288,149,65,31
288,150,58,72
288,151,29,64
288,152,36,48
288,153,57,56
288,154,56,63
288,155,39,56
288,156,51,39
288,157,77,53
288,158,38,57
288,159,72,39
288,160,64,44
288,161,45,33
288,162,51,35
288,163,66,46
288,164,67,30
288,165,40,40
288,166,53,63
288,167,47,37
288,168,38,66
288,169,62,70
288,170,55,24
288,171,50,54
288,172,66,50
288,173,66,51
288,174,44,48
288,175,58,44
288,176,75,39
288,177,42,59
288,178,75,79
288,179,57,66
288,180,55,60
288,181,64,70
288,182,43,54
288,183,61,52
288,184,84,62
288,185,48,33
288,186,45,48
288,187,34,56
288,188,67,90
288,189,65,28
288,190,64,41
288,191,29,43
288,192,77,34
288,193,52,62
288,194,61,60
288,195,70,56
288,196,58,55
289,1,41,31
289,2,42,45
289,3,60,75
289,4,44,33
289,5,34,47
289,6,45,22
289,7,60,67
289,8,53,46
289,9,23,56
289,10,18,51
289,11,22,54
289,12,42,69
289,13,69,62
289,14,54,44
289,15,35,42
289,16,39,38
289,17,55,15
289,18,43,51
289,19,44,44
289,20,58,22
289,21,36,75
289,22,27,65
289,23,56,46
289,24,12,59
289,25,34,45
289,26,28,32
289,27,31,60
289,28,73,55
289,29,59,35
289,30,31,31
289,31,58,80
289,32,51,66
289,33,35,54
289,34,30,45
289,35,63,50
289,36,45,54
289,37,52,33
289,38,68,79
289,39,50,41
289,40,26,76
289,41,19,57
289,42,44,80
289,43,55,20
289,44,37,23
289,45,46,51
289,46,56,29
289,47,33,44
289,48,50,17
289,49,49,50
289,50,65,45
289,51,21,33
289,52,55,74
289,53,20,52
289,54,34,57
289,55,69,70
289,56,67,64
289,57,23,52
289,58,40,28
289,59,32,63
289,60,37,36
289,61,52,74
289,62,67,58
289,63,66,61
289,64,21,54
289,65,31,39
289,66,57,32
289,67,40,43
289,68,44,35
289,69,71,93
289,70,28,84
289,71,63,60
289,72,42,35
289,73,41,80
289,74,72,47
289,75,22,69
289,76,39,29
289,77,50,50
289,78,58,23
289,79,21,65
289,80,62,76
289,81,39,62
289,82,37,50
289,83,81,73
289,84,35,67
289,85,56,7
289,86,80,29
289,87,58,77
289,88,67,54
289,89,71,77
289,90,50,48
289,91,54,58
289,92,57,20
289,93,79,17
289,94,51,59
289,95,45,56
289,96,50,67
289,97,65,56
289,98,94,53
289,99,65,44
289,100,61,40
289,101,34,22
289,102,69,44
289,103,42,55
289,104,15,43
289,105,55,63
289,106,43,53
289,107,73,50
289,108,44,69
289,109,56,60
289,110,74,53
289,111,42,44
289,112,74,65
289,113,47,50
289,114,35,30
289,115,50,59
289,116,42,18
289,117,77,22
289,118,33,39
289,119,35,24
289,120,48,55
289,121,67,37
289,122,54,46
289,123,41,62
289,124,54,60
289,125,30,69
289,126,84,50
289,127,39,54
289,128,53,32
289,129,30,44
289,130,58,52
289,131,59,42
289,132,55,35
289,133,68,49
289,134,36,38
289,135,55,36
289,136,56,62
289,137,64,71
289,138,62,51
289,139,25,72
289,140,42,54
289,141,69,20
289,142,48,44
289,143,41,90
289,144,55,55
289,145,75,23
289,146,63,42
289,147,78,43
289,148,59,58
289,149,66,30
289,150,59,73
289,151,28,63
289,152,37,49
289,153,58,57
289,154,55,62
289,155,39,57
289,156,52,39
289,157,76,52
289,158,37,57
289,159,72,40
289,160,63,44
289,161,46,34
289,162,52,34
289,163,67,47
289,164,68,30
289,165,40,41
289,166,54,62
289,167,46,37
289,168,37,65
289,169,63,71
289,170,54,23
289,171,49,54
289,172,67,50
289,173,65,50
289,174,44,47
289,175,59,45
289,176,74,39
289,177,41,60
289,178,75,78
289,179,56,67
289,180,54,61
289,181,65,70
289,182,43,55
289,183,62,53
289,184,84,63
289,185,49,34
289,186,45,47
289,187,35,57
289,188,66,91
289,189,65,27
289,190,64,42
289,191,30,43
289,192,77,35
289,193,51,62
289,194,60,61
289,195,70,55
289,196,57,54
290,1,40,32
290,2,42,46
290,3,60,76
290,4,45,33
290,5,33,46
290,6,45,21
290,7,59,68
290,8,52,45
290,9,23,55
290,10,17,52
290,11,23,53
290,12,42,70
290,13,68,63
290,14,55,44
290,15,34,42
290,16,40,37
290,17,56,16
290,18,42,51
290,19,43,43
290,20,59,23
290,21,37,75
290,22,27,66
290,23,55,45
290,24,12,60
290,25,35,46
290,26,29,31
290,27,30,61
290,28,74,55
290,29,60,34
290,30,32,32
290,31,57,79
290,32,50,65
290,33,35,55
290,34,31,46
290,35,64,49
290,36,46,53
290,37,51,33
290,38,69,79
290,39,51,41
290,40,26,77
290,41,18,56
290,42,43,81
290,43,56,20
290,44,36,24
290,45,45,50
290,46,57,28
290,47,32,44
290,48,51,18
290,49,50,49
290,50,66,44
290,51,21,32
290,52,56,73
290,53,21,52
290,54,33,57
290,55,69,69
290,56,68,65
290,57,24,52
290,58,41,27
290,59,33,62
290,60,36,36
290,61,51,75
290,62,68,59
290,63,67,60
290,64,22,54
290,65,32,39
290,66,56,32
290,67,41,43
290,68,43,34
290,69,70,94
290,70,27,83
290,71,64,59
290,72,41,36
290,73,40,80
290,74,73,46
290,75,22,70
290,76,39,30
290,77,49,49
290,78,59,24
290,79,20,66
290,80,63,77
290,81,40,61
290,82,38,50
290,83,80,73
290,84,36,68
290,85,57,8
290,86,80,28
290,87,57,76
290,88,68,53
290,89,70,76
290,90,49,47
290,91,55,59
290,92,57,21
290,93,80,18
290,94,52,58
290,95,44,56
290,96,49,66
290,97,64,55
290,98,93,53
290,99,65,45
290,100,60,39
290,101,35,22
290,102,69,45
290,103,43,56
290,104,14,43
290,105,54,63
290,106,44,54
290,107,73,49
290,108,43,69
290,109,56,61
290,110,75,52
290,111,42,43
290,112,74,64
290,113,46,50
290,114,34,30
290,115,50,60
290,116,41,17
290,117,76,21
290,118,32,38
290,119,35,25
290,120,48,56
290,121,68,36
290,122,53,46
290,123,42,61
290,124,53,61
290,125,29,68
290,126,85,49
290,127,40,55
290,128,53,33
290,129,29,45
290,130,57,53
290,131,59,41
290,132,55,34
290,133,67,48
290,134,37,37
290,135,56,36
290,136,55,63
290,137,64,70
290,138,63,52
290,139,26,72
290,140,43,53
290,141,70,21
290,142,47,44
290,143,42,91
290,144,54,55
290,145,76,22
290,146,62,43
290,147,79,42
290,148,60,58
290,149,66,31
290,150,59,72
290,151,29,62
290,152,36,49
290,153,58,56
290,154,55,61
290,155,39,58
290,156,53,40
290,157,77,52
290,158,36,58
290,159,71,41
290,160,63,45
290,161,45,35
290,162,51,34
290,163,68,48
290,164,68,29
290,165,40,42
290,166,55,62
290,167,45,37
290,168,37,66
290,169,63,72
290,170,55,22
290,171,50,55
290,172,66,51
290,173,66,49
290,174,43,47
290,175,58,44
290,176,75,38
290,177,40,59
290,178,75,77
290,179,55,67
290,180,53,62
290,181,64,71
290,182,42,56
290,183,63,54
290,184,85,62
290,185,50,34
290,186,45,46
290,187,35,58
290,188,67,91
290,189,65,28
290,190,64,43
290,191,31,43
290,192,77,36
290,193,51,61
290,194,59,60
290,195,71,55
290,196,56,55
291,1,39,31
291,2,41,45
291,3,60,75
291,4,45,34
291,5,34,46
291,6,46,21
291,7,58,69
291,8,52,44
291,9,24,55
291,10,16,53
291,11,22,52
291,12,41,69
291,13,67,63
291,14,54,44
291,15,35,43
291,16,40,38
291,17,56,17
291,18,42,52
291,19,43,42
291,20,60,23
291,21,38,76
291,22,26,67
291,23,56,45
291,24,11,60
291,25,36,46
291,26,29,32
291,27,30,60
291,28,73,56
291,29,60,33
291,30,31,33
291,31,56,78
291,32,50,66
291,33,34,56
291,34,31,45
291,35,65,48
291,36,45,52
291,37,51,32
291,38,70,78
291,39,51,40
291,40,25,76
291,41,19,56
291,42,43,82
291,43,55,21
291,44,36,23
291,45,44,50
291,46,57,27
291,47,33,44
291,48,51,17
291,49,51,48
291,50,66,45
291,51,22,31
291,52,57,72
291,53,20,52
291,54,33,58
291,55,68,70
291,56,69,66
291,57,25,53
291,58,42,28
291,59,33,63
291,60,35,36
291,61,52,76
291,62,69,58
291,63,66,61
291,64,22,53
291,65,32,40
291,66,57,33
291,67,42,44
291,68,44,33
291,69,69,95
291,70,26,83
291,71,64,60
291,72,42,36
291,73,39,79
291,74,74,47
291,75,23,70
291,76,38,29
291,77,48,50
291,78,59,23
291,79,19,67
291,80,62,78
291,81,39,61
291,82,37,50
291,83,79,72
291,84,35,69
291,85,58,8
291,86,79,28
291,87,56,76
291,88,68,52
291,89,70,77
291,90,50,48
291,91,55,58
291,92,56,21
291,93,80,19
291,94,53,59
291,95,44,55
291,96,49,65
291,97,63,56
291,98,92,52
291,99,66,46
291,100,61,39
291,101,36,22
291,102,69,46
291,103,43,57
291,104,15,43
291,105,53,64
291,106,45,53
291,107,74,48
291,108,42,68
291,109,56,60
291,110,74,51
291,111,42,42
291,112,75,63
291,113,45,50
291,114,33,29
291,115,50,61
291,116,40,18
291,117,77,22
291,118,32,37
291,119,34,25
291,120,47,55
291,121,69,35
291,122,54,45
291,123,43,61
291,124,52,60
291,125,30,68
291,126,84,49
291,127,41,54
291,128,52,34
291,129,28,46
291,130,58,53
291,131,60,41
291,132,54,35
291,133,67,47
291,134,38,36
291,135,57,36
291,136,54,64
291,137,63,69
291,138,63,51
291,139,27,72
291,140,44,54
291,141,69,21
291,142,48,43
291,143,43,91
291,144,53,55
291,145,75,22
291,146,61,44
291,147,80,41
291,148,60,57
291,149,65,32
291,150,60,73
291,151,28,63
291,152,35,49
291,153,58,55
291,154,56,62
291,155,39,57
291,156,53,39
291,157,78,52
291,158,37,58
291,159,70,42
291,160,62,46
291,161,44,35
291,162,52,35
291,163,67,48
291,164,69,28
291,165,39,43
291,166,55,63
291,167,44,36
291,168,38,66
291,169,63,73
291,170,56,23
291,171,49,55
291,172,67,51
291,173,66,48
291,174,42,47
291,175,57,44
291,176,74,38
291,177,39,59
291,178,76,76
291,179,54,68
291,180,53,61
291,181,65,71
291,182,43,55
291,183,64,53
291,184,84,63
291,185,51,35
291,186,45,45
291,187,36,58
291,188,67,92
291,189,64,27
291,190,63,44
291,191,31,44
291,192,78,35
291,193,50,60
291,194,58,60
291,195,70,56
291,196,57,56
292,1,38,31
292,2,40,44
292,3,61,75
292,4,45,33
292,5,33,47
292,6,47,22
292,7,58,68
292,8,51,45
292,9,23,56
292,10,15,53
292,11,21,51
292,12,42,70
292,13,66,64
292,14,55,43
292,15,36,43
292,16,40,37
292,17,55,16
292,18,43,51
292,19,44,42
292,20,61,24
292,21,38,75
292,22,27,66
292,23,55,46
292,24,10,61
292,25,35,45
292,26,28,32
292,27,30,61
292,28,73,57
292,29,60,34
292,30,30,32
292,31,55,77
292,32,49,66
292,33,34,55
292,34,30,45
292,35,64,48
292,36,44,53
292,37,51,31
292,38,71,77
292,39,50,40
292,40,25,77
292,41,20,56
292,42,44,81
292,43,54,22
292,44,35,23
292,45,43,50
292,46,56,27
292,47,32,43
292,48,50,16
292,49,52,48
292,50,67,44
292,51,23,31
292,52,57,73
292,53,21,52
292,54,33,57
292,55,68,71
292,56,68,67
292,57,24,52
292,58,41,28
292,59,34,62
292,60,35,35
292,61,52,75
292,62,68,59
292,63,65,62
292,64,22,54
292,65,33,41
292,66,56,34
292,67,42,43
292,68,44,32
292,69,68,94
292,70,25,84
292,71,65,61
292,72,42,35
292,73,38,79
292,74,75,48
292,75,22,69
292,76,39,29
292,77,49,49
292,78,58,22
292,79,20,68
292,80,63,79
292,81,40,61
292,82,38,51
292,83,78,73
292,84,34,69
292,85,57,9
292,86,80,28
292,87,57,77
292,88,67,52
292,89,71,76
292,90,51,47
292,91,56,57
292,92,57,22
292,93,79,19
292,94,54,59
292,95,44,56
292,96,49,64
292,97,62,56
292,98,92,53
292,99,66,45
292,100,62,40
292,101,35,21
292,102,68,45
292,103,42,58
292,104,14,44
292,105,53,65
292,106,45,54
292,107,73,47
292,108,41,67
292,109,57,60
292,110,73,50
292,111,41,43
292,112,76,64
292,113,44,51
292,114,34,28
292,115,51,61
292,116,40,17
292,117,76,21
292,118,33,38
292,119,35,25
292,120,48,55
292,121,70,34
292,122,54,46
292,123,43,62
292,124,52,61
292,125,30,69
292,126,83,50
292,127,40,54
292,128,51,34
292,129,28,47
292,130,57,54
292,131,59,42
292,132,53,36
292,133,68,47
292,134,37,37
292,135,57,37
292,136,55,64
292,137,62,69
292,138,63,52
292,139,27,71
292,140,44,55
292,141,68,20
292,142,48,44
292,143,43,90
292,144,54,54
292,145,76,22
292,146,62,43
292,147,80,42
292,148,61,57
292,149,65,33
292,150,61,74
292,151,27,64
292,152,34,49
292,153,58,56
292,154,55,61
292,155,38,58
292,156,53,38
292,157,77,53
292,158,36,57
292,159,70,41
292,160,63,46
292,161,43,36
292,162,53,34
292,163,68,49
292,164,68,28
292,165,40,43
292,166,56,64
292,167,44,37
292,168,39,65
292,169,64,72
292,170,57,23
292,171,50,55
292,172,68,50
292,173,67,47
292,174,42,46
292,175,57,43
292,176,75,38
292,177,40,60
292,178,77,76
292,179,55,68
292,180,54,62
292,181,66,70
292,182,44,54
292,183,63,54
292,184,84,64
292,185,52,36
292,186,46,46
292,187,35,58
292,188,68,92
292,189,65,26
292,190,64,44
292,191,32,45
292,192,79,34
292,193,50,61
292,194,59,60
292,195,70,55
292,196,56,56
293,1,39,30
293,2,40,45
293,3,60,76
293,4,45,32
293,5,34,48
293,6,48,21
293,7,59,69
293,8,52,46
293,9,24,56
293,10,16,52
293,11,22,51
293,12,41,69
293,13,65,63
293,14,56,42
293,15,37,43
293,16,39,38
293,17,54,15
293,18,42,50
293,19,43,43
293,20,60,23
293,21,38,74
293,22,26,66
293,23,54,45
293,24,9,60
293,25,34,46
293,26,29,31
293,27,31,60
293,28,73,58
293,29,60,35
293,30,31,32
293,31,56,76
293,32,49,65
293,33,33,54
293,34,31,44
293,35,65,49
293,36,45,53
293,37,50,31
293,38,72,78
293,39,51,39
293,40,25,78
293,41,20,57
293,42,43,81
293,43,54,21
293,44,35,22
293,45,43,49
293,46,56,26
293,47,33,43
293,48,51,15
293,49,51,48
293,50,68,44
293,51,24,30
293,52,57,74
293,53,21,51
293,54,34,58
293,55,69,71
293,56,69,68
293,57,24,53
293,58,42,29
293,59,33,63
293,60,34,36
293,61,53,76
293,62,69,59
293,63,64,61
293,64,21,54
293,65,32,42
293,66,55,35
293,67,41,42
293,68,45,31
293,69,67,94
293,70,25,85
293,71,66,62
293,72,42,36
293,73,39,79
293,74,74,47
293,75,23,68
293,76,40,28
293,77,49,48
293,78,59,22
293,79,21,69
293,80,62,80
293,81,39,62
293,82,39,50
293,83,78,74
293,84,35,68
293,85,58,8
293,86,80,29
293,87,58,78
293,88,68,52
293,89,70,75
293,90,50,47
293,91,56,58
293,92,58,23
293,93,78,20
293,94,53,60
293,95,43,55
293,96,48,63
293,97,63,55
293,98,93,54
293,99,66,46
293,100,62,39
293,101,36,20
293,102,68,46
293,103,41,58
293,104,14,45
293,105,52,64
293,106,46,53
293,107,74,48
293,108,41,66
293,109,58,60
293,110,74,51
293,111,42,42
293,112,76,63
293,113,43,51
293,114,33,28
293,115,52,60
293,116,41,17
293,117,75,22
293,118,34,37
293,119,35,26
293,120,48,54
293,121,70,35
293,122,55,47
293,123,44,63
293,124,52,62
293,125,31,69
293,126,82,50
293,127,39,55
293,128,52,33
293,129,29,48
293,130,57,53
293,131,60,43
293,132,52,35
293,133,67,46
293,134,36,36
293,135,56,37
293,136,56,65
293,137,63,69
293,138,63,51
293,139,26,72
293,140,43,56
293,141,68,19
293,142,48,45
293,143,44,91
293,144,55,53
293,145,76,23
293,146,63,44
293,147,81,41
293,148,60,58
293,149,64,32
293,150,62,74
293,151,26,65
293,152,34,50
293,153,59,56
293,154,56,62
293,155,39,59
293,156,54,38
293,157,78,52
293,158,37,57
293,159,70,40
293,160,63,47
293,161,42,35
293,162,53,35
293,163,69,50
293,164,67,27
293,165,39,42
293,166,55,65
293,167,43,36
293,168,38,66
293,169,65,72
293,170,56,24
293,171,51,56
293,172,69,51
293,173,68,48
293,174,41,47
293,175,58,43
293,176,74,37
293,177,39,61
293,178,77,75
293,179,56,69
293,180,54,61
293,181,65,70
293,182,45,54
293,183,62,54
293,184,83,63
293,185,51,37
293,186,46,47
293,187,36,57
293,188,69,92
293,189,66,27
293,190,63,45
293,191,33,46
293,192,80,34
293,193,49,62
293,194,60,61
293,195,71,54
293,196,57,55
294,1,38,29
294,2,41,44
294,3,59,75
294,4,45,33
294,5,35,49
294,6,49,21
294,7,60,69
294,8,51,47
294,9,25,55
294,10,16,53
294,11,22,52
294,12,42,69
294,13,66,63
294,14,57,42
294,15,36,44
294,16,40,38
294,17,53,15
294,18,41,49
294,19,42,44
294,20,60,22
294,21,39,74
294,22,26,67
294,23,53,46
294,24,9,59
294,25,35,46
294,26,28,30
294,27,30,59
294,28,72,58
294,29,60,34
294,30,32,32
294,31,55,76
294,32,50,66
294,33,32,53
294,34,31,45
294,35,65,50
294,36,45,52
294,37,51,31
294,38,71,77
294,39,51,38
294,40,24,78
294,41,20,56
294,42,42,82
294,43,53,22
294,44,36,22
294,45,44,50
294,46,57,26
294,47,32,44
294,48,51,16
294,49,52,48
294,50,69,44
294,51,23,31
294,52,56,74
294,53,21,52
294,54,35,59
294,55,69,72
294,56,68,67
294,57,25,53
294,58,42,28
294,59,32,63
294,60,35,36
294,61,52,77
294,62,69,58
294,63,63,61
294,64,21,53
294,65,31,43
294,66,54,35
294,67,40,42
294,68,45,30
294,69,66,93
294,70,24,86
294,71,67,61
294,72,41,35
294,73,39,80
294,74,74,46
294,75,22,67
294,76,39,28
294,77,50,49
294,78,59,21
294,79,22,70
294,80,63,79
294,81,40,63
294,82,38,50
294,83,78,73
294,84,36,67
294,85,59,8
294,86,81,29
294,87,57,77
294,88,68,53
294,89,71,76
294,90,50,48
294,91,55,57
294,92,57,22
294,93,77,21
294,94,53,59
294,95,44,54
294,96,48,64
294,97,64,55
294,98,93,55
294,99,67,45
294,100,63,39
294,101,36,21
294,102,69,47
294,103,42,57
294,104,14,44
294,105,52,63
294,106,47,53
294,107,75,49
294,108,42,66
294,109,59,60
294,110,74,50
294,111,41,41
294,112,75,64
294,113,42,51
294,114,33,27
294,115,51,60
294,116,41,18
294,117,74,22
294,118,35,37
294,119,35,27
294,120,47,55
294,121,70,36
294,122,55,46
294,123,43,63
294,124,53,61
294,125,31,68
294,126,81,51
294,127,39,54
294,128,52,34
294,129,28,47
294,130,58,53
294,131,61,42
294,132,53,36
294,133,66,45
294,134,37,35
294,135,55,36
294,136,56,66
294,137,62,68
294,138,63,52
294,139,27,73
294,140,44,57
294,141,68,20
294,142,47,45
294,143,43,91
294,144,56,54
294,145,75,23
294,146,62,45
294,147,82,40
294,148,61,58
294,149,65,32
294,150,61,74
294,151,27,65
294,152,35,51
294,153,58,55
294,154,55,62
294,155,39,60
294,156,54,39
294,157,77,52
294,158,36,58
294,159,71,40
294,160,64,47
294,161,43,34
294,162,52,36
294,163,70,50
294,164,66,26
294,165,40,43
294,166,54,65
294,167,44,36
294,168,37,66
294,169,64,72
294,170,55,24
294,171,50,57
294,172,68,52
294,173,69,49
294,174,42,46
294,175,59,43
294,176,75,37
294,177,40,60
294,178,77,76
294,179,57,70
294,180,53,60
294,181,64,71
294,182,44,53
294,183,61,54
294,184,82,64
294,185,51,36
294,186,46,48
294,187,35,57
294,188,68,92
294,189,65,27
294,190,63,44
294,191,34,46
294,192,79,34
294,193,50,62
294,194,61,60
294,195,72,53
294,196,58,56
295,1,38,30
295,2,41,45
295,3,60,74
295,4,46,34
295,5,34,48
295,6,48,21
295,7,59,70
295,8,51,46
295,9,26,54
295,10,15,54
295,11,21,51
295,12,43,70
295,13,66,62
295,14,58,41
295,15,35,44
295,16,41,38
295,17,54,15
295,18,42,48
295,19,41,44
295,20,61,22
295,21,38,74
295,22,26,66
295,23,52,46
295,24,10,60
295,25,35,45
295,26,27,30
295,27,30,58
295,28,71,58
295,29,59,34
295,30,33,33
295,31,56,77
295,32,50,65
295,33,33,53
295,34,32,45
295,35,64,49
295,36,46,53
295,37,50,31
295,38,70,76
295,39,52,38
295,40,25,78
295,41,21,55
295,42,41,83
295,43,52,21
295,44,35,21
295,45,45,50
295,46,57,27
295,47,31,45
295,48,50,15
295,49,51,48
295,50,69,43
295,51,24,32
295,52,55,73
295,53,20,52
295,54,35,60
295,55,69,71
295,56,67,66
295,57,26,53
295,58,42,29
295,59,31,64
295,60,36,36
295,61,53,77
295,62,70,58
295,63,62,61
295,64,20,53
295,65,30,44
295,66,55,35
295,67,41,42
295,68,44,29
295,69,67,92
295,70,25,86
295,71,68,62
295,72,42,36
295,73,38,80
295,74,75,46
295,75,21,67
295,76,40,28
295,77,50,50
295,78,58,20
295,79,23,71
295,80,63,80
295,81,39,64
295,82,38,51
295,83,78,74
295,84,36,68
295,85,59,7
295,86,82,28
295,87,57,76
295,88,67,52
295,89,70,75
295,90,49,48
295,91,56,57
295,92,56,21
295,93,78,20
295,94,52,59
295,95,45,54
295,96,47,65
295,97,65,54
295,98,92,54
295,99,66,46
295,100,62,39
295,101,35,22
295,102,68,46
295,103,42,58
295,104,14,45
295,105,53,64
295,106,48,52
295,107,76,50
295,108,43,65
295,109,60,59
295,110,75,51
295,111,40,41
295,112,74,63
295,113,41,52
295,114,32,26
295,115,50,61
295,116,40,17
295,117,73,23
295,118,35,38
295,119,34,27
295,120,48,54
295,121,69,36
295,122,54,45
295,123,42,63
295,124,52,60
295,125,30,67
295,126,82,51
295,127,40,53
295,128,52,33
295,129,27,46
295,130,59,52
295,131,61,41
295,132,54,35
295,133,65,44
295,134,37,36
295,135,56,36
295,136,55,65
295,137,61,69
295,138,62,51
295,139,28,73
295,140,43,58
295,141,68,19
295,142,48,45
295,143,42,92
295,144,55,54
295,145,74,23
295,146,61,45
295,147,82,41
295,148,61,59
295,149,65,31
295,150,60,75
295,151,28,64
295,152,36,52
295,153,59,54
295,154,55,63
295,155,38,59
295,156,55,39
295,157,78,52
295,158,35,59
295,159,70,40
295,160,64,46
295,161,43,35
295,162,51,37
295,163,71,49
295,164,67,27
295,165,40,44
295,166,55,64
295,167,45,36
295,168,37,67
295,169,65,72
295,170,56,24
295,171,50,56
295,172,68,53
295,173,70,50
295,174,41,47
295,175,60,44
295,176,75,38
295,177,41,61
295,178,77,77
295,179,56,71
295,180,54,61
295,181,64,70
295,182,43,53
295,183,62,54
295,184,81,65
295,185,52,36
295,186,46,47
295,187,36,57
295,188,69,92
295,189,64,26
295,190,62,43
295,191,34,47
295,192,79,35
295,193,49,62
295,194,62,60
295,195,73,53
295,196,57,57
296,1,37,29
296,2,40,45
296,3,59,73
296,4,45,35
296,5,35,47
296,6,49,20
296,7,60,71
296,8,52,45
296,9,25,54
296,10,16,55
296,11,22,50
296,12,42,69
296,13,67,62
296,14,59,40
296,15,36,44
296,16,41,37
296,17,53,15
296,18,43,47
296,19,41,45
296,20,60,21
296,21,37,73
296,22,27,66
296,23,53,46
296,24,11,60
296,25,34,46
296,26,26,29
296,27,29,57
296,28,70,59
296,29,58,33
296,30,32,32
296,31,56,76
296,32,50,64
296,33,33,54
296,34,33,46
296,35,63,49
296,36,47,53
296,37,49,30
296,38,69,76
296,39,53,39
296,40,24,78
296,41,22,55
296,42,40,83
296,43,51,21
296,44,36,22
296,45,44,50
296,46,56,26
296,47,30,46
296,48,51,15
296,49,52,48
296,50,70,42
296,51,25,31
296,52,55,74
296,53,21,51
296,54,34,60
296,55,69,72
296,56,68,66
296,57,27,53
296,58,41,30
296,59,32,64
296,60,37,37
296,61,54,76
296,62,69,57
296,63,61,61
296,64,19,53
296,65,31,43
296,66,55,36
296,67,40,42
296,68,44,28
296,69,67,91
296,70,24,85
296,71,69,61
296,72,41,36
296,73,37,80
296,74,76,45
296,75,22,66
296,76,40,29
296,77,49,51
296,78,57,21
296,79,24,70
296,80,64,79
296,81,39,63
296,82,39,52
296,83,77,74
296,84,35,67
296,85,58,6
296,86,82,29
296,87,58,76
296,88,68,52
296,89,70,76
296,90,48,49
296,91,57,56
296,92,56,22
296,93,78,19
296,94,51,59
296,95,44,53
296,96,48,64
296,97,65,53
296,98,93,53
296,99,67,45
296,100,61,39
296,101,36,23
296,102,67,46
296,103,42,57
296,104,15,45
296,105,54,65
296,106,47,52
296,107,76,51
296,108,43,64
296,109,60,60
296,110,75,52
296,111,41,40
296,112,75,63
296,113,41,51
296,114,31,26
296,115,50,60
296,116,41,17
296,117,72,24
296,118,34,37
296,119,33,28
296,120,49,54
296,121,69,35
296,122,55,44
296,123,43,63
296,124,52,59
296,125,29,66
296,126,83,51
296,127,41,54
296,128,52,32
296,129,26,47
296,130,60,51
296,131,60,42
296,132,53,36
296,133,65,45
296,134,36,35
296,135,57,35
296,136,56,64
296,137,60,68
296,138,61,51
296,139,27,74
296,140,43,59
296,141,67,20
296,142,49,45
296,143,41,93
296,144,55,55
296,145,73,24
296,146,62,44
296,147,83,42
296,148,61,60
296,149,64,32
296,150,59,74
296,151,28,63
296,152,36,51
296,153,58,55
296,154,54,64
296,155,39,60
296,156,55,40
296,157,79,51
296,158,36,60
296,159,70,39
296,160,65,46
296,161,44,34
296,162,50,37
296,163,71,48
296,164,66,26
296,165,40,43
296,166,54,63
296,167,44,35
296,168,38,67
296,169,65,71
296,170,57,24
296,171,51,57
296,172,67,54
296,173,70,49
296,174,41,46
296,175,59,43
296,176,76,38
296,177,42,60
296,178,76,76
296,179,57,72
296,180,54,62
296,181,65,70
296,182,42,52
296,183,61,53
296,184,82,64
296,185,53,37
296,186,47,48
296,187,35,57
296,188,68,91
296,189,63,25
296,190,61,43
296,191,34,48
296,192,78,35
296,193,50,62
296,194,63,59
296,195,72,54
296,196,56,57
297,1,38,30
297,2,40,46
297,3,58,74
297,4,46,36
297,5,36,47
297,6,48,21
297,7,60,72
297,8,51,45
297,9,25,55
297,10,15,54
297,11,23,49
297,12,42,68
297,13,66,62
297,14,60,41
297,15,37,44
297,16,40,38
297,17,54,14
297,18,43,48
297,19,42,46
297,20,60,22
297,21,38,73
297,22,26,67
297,23,52,46
297,24,10,60
297,25,34,45
297,26,27,30
297,27,29,58
297,28,69,58
297,29,57,34
297,30,33,32
297,31,56,75
297,32,51,63
297,33,33,53
297,34,34,46
297,35,63,48
297,36,48,52
297,37,49,31
297,38,68,75
297,39,52,40
297,40,23,78
297,41,23,56
297,42,41,83
297,43,52,21
297,44,37,22
297,45,45,49
297,46,55,27
297,47,31,47
297,48,51,14
297,49,53,49
297,50,70,41
297,51,25,32
297,52,54,75
297,53,21,52
297,54,34,59
297,55,69,73
297,56,68,67
297,57,26,54
297,58,42,30
297,59,31,64
297,60,38,37
297,61,54,77
297,62,70,57
297,63,62,60
297,64,20,54
297,65,32,42
297,66,56,36
297,67,41,43
297,68,45,29
297,69,66,92
297,70,24,86
297,71,68,60
297,72,40,37
297,73,38,81
297,74,75,45
297,75,21,65
297,76,41,28
297,77,50,52
297,78,56,20
297,79,25,70
297,80,63,80
297,81,38,63
297,82,38,52
297,83,78,74
297,84,35,66
297,85,58,7
297,86,81,28
297,87,59,76
297,88,69,51
297,89,69,76
297,90,47,50
297,91,56,55
297,92,57,21
297,93,77,20
297,94,51,60
297,95,43,54
297,96,49,63
297,97,66,52
297,98,94,54
297,99,66,45
297,100,61,38
297,101,35,24
297,102,66,46
297,103,42,56
297,104,14,46
297,105,53,64
297,106,47,51
297,107,75,50
297,108,43,65
297,109,61,61
297,110,76,51
297,111,42,41
297,112,75,64
297,113,40,52
297,114,31,27
297,115,51,61
297,116,40,18
297,117,71,25
297,118,34,36
297,119,34,28
297,120,48,55
297,121,68,35
297,122,54,45
297,123,44,64
297,124,52,60
297,125,30,66
297,126,84,51
297,127,40,53
297,128,51,32
297,129,26,48
297,130,59,51
297,131,60,43
297,132,52,37
297,133,64,44
297,134,37,36
297,135,58,35
297,136,56,63
297,137,59,68
297,138,60,50
297,139,26,74
297,140,44,58
297,141,67,19
297,142,50,45
297,143,40,94
297,144,55,56
297,145,74,24
297,146,61,44
297,147,83,43
297,148,60,59
297,149,63,33
297,150,60,73
297,151,27,64
297,152,35,51
297,153,58,54
297,154,55,64
297,155,40,59
297,156,56,39
297,157,79,52
297,158,36,59
297,159,69,38
297,160,66,47
297,161,43,34
297,162,49,37
297,163,72,47
297,164,67,25
297,165,41,44
297,166,55,62
297,167,43,35
297,168,39,66
297,169,66,70
297,170,57,25
297,171,52,57
297,172,66,53
297,173,70,48
297,174,40,47
297,175,60,42
297,176,75,38
297,177,43,59
297,178,76,77
297,179,56,72
297,180,55,63
297,181,64,71
297,182,41,51
297,183,60,53
297,184,83,63
297,185,53,38
297,186,46,49
297,187,36,57
297,188,69,91
297,189,64,25
297,190,60,44
297,191,34,49
297,192,77,34
297,193,50,61
297,194,63,58
297,195,72,53
297,196,57,58
298,1,38,31
298,2,40,45
298,3,57,75
298,4,46,35
298,5,35,46
298,6,48,22
298,7,59,71
298,8,50,46
298,9,24,55
298,10,16,53
298,11,22,48
298,12,42,69
298,13,67,63
298,14,59,42
298,15,37,43
298,16,39,39
298,17,55,13
298,18,42,48
298,19,41,47
298,20,59,22
298,21,37,73
298,22,26,68
298,23,52,45
298,24,10,61
298,25,33,44
298,26,26,31
298,27,29,57
298,28,68,59
298,29,58,33
298,30,32,33
298,31,56,76
298,32,50,62
298,33,33,52
298,34,34,45
298,35,62,48
298,36,48,53
298,37,48,32
298,38,67,74
298,39,52,41
298,40,24,78
298,41,24,56
298,42,40,83
298,43,53,22
298,44,37,23
298,45,46,50
298,46,56,27
298,47,31,48
298,48,50,13
298,49,52,50
298,50,71,42
298,51,25,33
298,52,55,74
298,53,21,51
298,54,34,58
298,55,70,72
298,56,68,68
298,57,27,55
298,58,42,31
298,59,32,64
298,60,37,37
298,61,54,76
298,62,69,57
298,63,61,59
298,64,19,53
298,65,33,41
298,66,57,37
298,67,42,43
298,68,45,28
298,69,65,91
298,70,23,86
298,71,67,59
298,72,41,37
298,73,37,80
298,74,76,44
298,75,22,66
298,76,41,29
298,77,49,53
298,78,57,19
298,79,24,69
298,80,63,81
298,81,38,62
298,82,39,51
298,83,78,73
298,84,35,65
298,85,59,6
298,86,81,29
298,87,59,75
298,88,69,52
298,89,69,77
298,90,47,49
298,91,55,55
298,92,57,22
298,93,78,21
298,94,52,59
298,95,44,55
298,96,48,62
298,97,66,51
298,98,95,54
298,99,65,44
298,100,62,37
298,101,34,24
298,102,65,45
298,103,42,57
298,104,15,46
298,105,54,63
298,106,47,52
298,107,76,50
298,108,43,64
298,109,60,62
298,110,75,50
298,111,41,40
298,112,74,65
298,113,41,53
298,114,30,27
298,115,50,60
298,116,40,17
298,117,72,25
298,118,34,35
298,119,35,28
298,120,47,56
298,121,67,34
298,122,53,44
298,123,44,65
298,124,53,60
298,125,31,67
298,126,84,50
298,127,39,54
298,128,52,33
298,129,26,49
298,130,59,50
298,131,61,42
298,132,52,36
298,133,64,43
298,134,36,37
298,135,58,34
298,136,57,62
298,137,59,69
298,138,59,51
298,139,26,73
298,140,44,59
298,141,66,19
298,142,50,44
298,143,39,94
298,144,54,57
298,145,75,25
298,146,61,45
298,147,84,42
298,148,59,59
298,149,64,33
298,150,59,74
298,151,26,63
298,152,35,52
298,153,58,53
298,154,55,65
298,155,40,58
298,156,55,38
298,157,78,53
298,158,37,58
298,159,69,39
298,160,65,48
298,161,42,33
298,162,48,38
298,163,73,47
298,164,66,24
298,165,42,45
298,166,56,63
298,167,42,36
298,168,39,65
298,169,67,69
298,170,58,24
298,171,53,56
298,172,65,53
298,173,71,49
298,174,39,46
298,175,60,43
298,176,75,39
298,177,44,58
298,178,75,77
298,179,56,73
298,180,55,64
298,181,63,71
298,182,40,52
298,183,59,52
298,184,84,62
298,185,53,37
298,186,47,50
298,187,36,56
298,188,70,92
298,189,64,24
298,190,59,43
298,191,33,50
298,192,77,33
298,193,49,60
298,194,64,59
298,195,72,54
298,196,56,57
299,1,37,31
299,2,40,46
299,3,58,74
299,4,47,36
299,5,36,46
299,6,47,23
299,7,58,71
299,8,49,46
299,9,23,55
299,10,15,52
299,11,23,47
299,12,43,69
299,13,67,62
299,14,58,41
299,15,38,42
299,16,39,40
299,17,56,14
299,18,41,48
299,19,40,48
299,20,58,22
299,21,38,74
299,22,27,67
299,23,51,46
299,24,11,61
299,25,34,43
299,26,27,31
299,27,29,56
299,28,68,60
299,29,57,33
299,30,31,33
299,31,57,77
299,32,50,63
299,33,34,52
299,34,35,45
299,35,61,47
299,36,48,52
299,37,47,33
299,38,67,73
299,39,51,40
299,40,23,79
299,41,25,56
299,42,41,83
299,43,53,21
299,44,36,23
299,45,46,49
299,46,57,26
299,47,30,48
299,48,51,13
299,49,51,50
299,50,72,41
299,51,26,32
299,52,55,73
299,53,20,51
299,54,33,59
299,55,70,71
299,56,68,69
299,57,28,54
299,58,41,31
299,59,32,63
299,60,38,36
299,61,55,76
299,62,68,56
299,63,61,60
299,64,20,54
299,65,33,40
299,66,57,38
299,67,43,44
299,68,44,27
299,69,66,90
299,70,22,85
299,71,66,60
299,72,42,38
299,73,37,81
299,74,75,44
299,75,21,67
299,76,40,28
299,77,50,53
299,78,56,19
299,79,25,69
299,80,64,82
299,81,39,61
299,82,40,51
299,83,79,74
299,84,36,66
299,85,58,7
299,86,81,30
299,87,60,75
299,88,70,51
299,89,70,77
299,90,48,50
299,91,56,56
299,92,58,21
299,93,79,21
299,94,51,60
299,95,44,54
299,96,47,62
299,97,66,50
299,98,95,53
299,99,66,44
299,100,61,37
299,101,34,25
299,102,65,44
299,103,41,58
299,104,16,46
299,105,55,63
299,106,47,53
299,107,76,49
299,108,42,65
299,109,60,63
299,110,76,51
299,111,40,39
299,112,74,64
299,113,42,53
299,114,31,27
299,115,51,61
299,116,40,18
299,117,73,26
299,118,33,36
299,119,34,28
299,120,48,57
299,121,66,34
299,122,53,45
299,123,45,65
299,124,52,59
299,125,30,67
299,126,84,51
299,127,40,54
299,128,51,32
299,129,25,49
299,130,59,49
299,131,62,43
299,132,53,36
299,133,64,44
299,134,35,36
299,135,58,33
299,136,57,63
299,137,60,68
299,138,59,50
299,139,25,72
299,140,45,60
299,141,66,20
299,142,51,44
299,143,40,93
299,144,55,56
299,145,75,26
299,146,61,46
299,147,83,43
299,148,60,59
299,149,65,33
299,150,58,75
299,151,25,63
299,152,36,53
299,153,59,54
299,154,55,66
299,155,39,59
299,156,55,39
299,157,78,54
299,158,38,59
299,159,70,38
299,160,66,48
299,161,42,34
299,162,47,37
299,163,73,48
299,164,67,24
299,165,43,46
299,166,56,64
299,167,41,36
299,168,40,64
299,169,68,70
299,170,59,25
299,171,52,56
299,172,64,54
299,173,72,49
299,174,38,47
299,175,60,44
299,176,74,39
299,177,43,59
299,178,74,78
299,179,57,74
299,180,56,65
299,181,64,70
299,182,39,53
299,183,59,53
299,184,85,62
299,185,53,38
299,186,48,49
299,187,37,57
299,188,69,93
299,189,65,23
299,190,59,42
299,191,33,49
299,192,78,32
299,193,50,60
299,194,63,60
299,195,71,53
299,196,57,56
300,1,36,30
300,2,39,47
300,3,59,73
300,4,46,36
300,5,36,45
300,6,46,22
300,7,59,72
300,8,48,47
300,9,22,54
300,10,16,53
300,11,23,46
300,12,42,68
300,13,67,61
300,14,59,40
300,15,37,42
300,16,39,41
300,17,55,13
300,18,41,49
300,19,41,47
300,20,59,22
300,21,38,73
300,22,28,67
300,23,51,47
300,24,12,60
300,25,34,44
300,26,28,32
300,27,28,56
300,28,68,59
300,29,57,32
300,30,30,33
300,31,58,76
300,32,49,64
300,33,34,53
300,34,36,44
300,35,61,48
300,36,49,53
300,37,47,34
300,38,68,74
300,39,50,40
300,40,24,80
300,41,24,57
300,42,42,82
300,43,53,22
300,44,37,23
300,45,47,50
300,46,57,25
300,47,30,47
300,48,50,12
300,49,52,49
300,50,73,42
300,51,25,33
300,52,54,72
300,53,21,50
300,54,32,60
300,55,70,70
300,56,67,68
300,57,27,53
300,58,40,30
300,59,33,64
300,60,39,37
300,61,55,77
300,62,67,55
300,63,62,61
300,64,21,53
300,65,33,41
300,66,56,39
300,67,44,43
300,68,43,27
300,69,66,89
300,70,23,85
300,71,65,60
300,72,41,37
300,73,36,82
300,74,75,43
300,75,22,67
300,76,40,27
300,77,51,54
300,78,56,20
300,79,25,68
300,80,63,83
300,81,40,62
300,82,39,51
300,83,78,75
300,84,35,67
300,85,57,8
300,86,81,29
300,87,61,76
300,88,70,50
300,89,69,76
300,90,47,49
300,91,55,55
300,92,57,20
300,93,78,20
300,94,50,59
300,95,43,54
300,96,47,61
300,97,67,49
300,98,94,54
300,99,66,45
300,100,60,38
300,101,33,24
300,102,66,44
300,103,41,57
300,104,15,46
300,105,54,62
300,106,48,52
300,107,75,50
300,108,42,64
300,109,60,64
300,110,75,51
300,111,40,40
300,112,73,64
300,113,41,54
300,114,30,26
300,115,52,61
300,116,39,19
300,117,72,27
300,118,33,35
300,119,34,29
300,120,49,56
300,121,65,34
300,122,52,46
300,123,44,66
300,124,52,58
300,125,29,66
300,126,83,52
300,127,40,55
300,128,51,33
300,129,24,49
300,130,60,50
300,131,63,43
300,132,52,35
300,133,65,43
300,134,34,36
300,135,58,34
300,136,56,62
300,137,59,68
300,138,58,50
300,139,26,71
300,140,46,61
300,141,67,19
300,142,50,44
300,143,41,94
300,144,54,56
300,145,76,26
300,146,61,45
300,147,83,44
300,148,60,58
300,149,66,32
300,150,59,74
300,151,26,62
300,152,36,54
300,153,59,55
300,154,54,67
300,155,38,58
300,156,54,38
300,157,77,54
300,158,37,60
300,159,71,39
300,160,66,49
300,161,43,33
300,162,48,38
300,163,72,47
300,164,68,25
300,165,43,45
300,166,55,65
300,167,42,37
300,168,40,65
300,169,68,69
300,170,60,25
300,171,53,56
300,172,65,53
300,173,73,50
300,174,38,48
300,175,59,45
300,176,73,40
300,177,44,60
300,178,75,79
300,179,57,73
300,180,55,64
300,181,63,69
300,182,39,52
300,183,60,54
300,184,85,61
300,185,53,37
300,186,49,48
300,187,36,57
300,188,70,92
300,189,66,22
300,190,58,43
300,191,32,50
300,192,77,33
300,193,49,61
300,194,64,60
300,195,71,52
300,196,56,57
301,1,37,31
301,2,38,46
301,3,60,73
301,4,45,35
301,5,37,46
301,6,47,22
301,7,60,71
301,8,47,47
301,9,21,55
301,10,17,53
301,11,23,47
301,12,42,67
301,13,68,62
301,14,60,40
301,15,36,43
301,16,38,41
301,17,56,12
301,18,42,50
301,19,40,48
301,20,60,23
301,21,37,72
301,22,29,67
301,23,51,48
301,24,12,61
301,25,33,43
301,26,29,31
301,27,27,57
301,28,69,60
301,29,58,32
301,30,30,34
301,31,58,75
301,32,50,65
301,33,35,54
301,34,35,44
301,35,62,47
301,36,48,54
301,37,48,35
301,38,67,73
301,39,51,39
301,40,23,81
301,41,23,58
301,42,41,81
301,43,54,23
301,44,38,22
301,45,46,50
301,46,57,24
301,47,31,46
301,48,49,13
301,49,53,50
301,50,74,42
301,51,24,33
301,52,54,73
301,53,20,51
301,54,31,60
301,55,71,70
301,56,66,68
301,57,27,52
301,58,41,30
301,59,33,63
301,60,40,38
301,61,56,76
301,62,67,54
301,63,63,61
301,64,22,53
301,65,33,42
301,66,57,40
301,67,43,43
301,68,43,28
301,69,67,89
301,70,22,85
301,71,65,59
301,72,42,38
301,73,37,83
301,74,74,43
301,75,21,68
301,76,40,28
301,77,50,53
301,78,56,21
301,79,25,67
301,80,64,82
301,81,41,62
301,82,40,52
301,83,77,76
301,84,35,68
301,85,58,9
301,86,82,29
301,87,62,75
301,88,70,49
301,89,69,77
301,90,48,50
301,91,55,54
301,92,58,19
301,93,78,21
301,94,51,58
301,95,44,53
301,96,46,60
301,97,68,48
301,98,94,53
301,99,66,46
301,100,61,39
301,101,33,23
301,102,65,45
301,103,40,58
301,104,14,45
301,105,54,63
301,106,49,51
301,107,76,50
301,108,43,65
301,109,61,63
301,110,74,50
301,111,41,39
301,112,72,64
301,113,40,54
301,114,31,27
301,115,51,62
301,116,40,20
301,117,73,27
301,118,32,35
301,119,34,28
301,120,50,57
301,121,65,35
301,122,51,45
301,123,45,65
301,124,53,58
301,125,29,65
301,126,83,53
301,127,41,55
301,128,51,32
301,129,25,50
301,130,60,49
301,131,63,44
301,132,52,34
301,133,65,42
301,134,35,36
301,135,59,35
301,136,56,61
301,137,58,67
301,138,59,51
301,139,26,70
301,140,45,60
301,141,66,19
301,142,51,44
301,143,41,93
301,144,55,55
301,145,76,25
301,146,61,46
301,147,84,45
301,148,59,57
301,149,65,33
301,150,59,75
301,151,27,62
301,152,37,55
301,153,58,56
301,154,53,66
301,155,39,58
301,156,54,39
301,157,78,55
301,158,38,61
301,159,70,40
301,160,67,48
301,161,43,32
301,162,47,37
301,163,71,48
301,164,69,26
301,165,43,44
301,166,56,65
301,167,43,38
301,168,40,66
301,169,69,68
301,170,60,24
301,171,53,55
301,172,65,54
301,173,72,50
301,174,37,47
301,175,58,46
301,176,73,41
301,177,45,59
301,178,74,79
301,179,58,72
301,180,55,63
301,181,62,70
301,182,38,52
301,183,59,54
301,184,86,62
301,185,54,38
301,186,48,48
301,187,37,57
301,188,71,92
301,189,65,22
301,190,57,43
301,191,33,49
301,192,77,32
301,193,49,62
301,194,64,61
301,195,70,51
301,196,56,58
